ID,English source,Arabic current,Badini current,Translation status,Surface,Feature,Source file/key,Hardcoded?,Duplicate/inconsistent?,Native review needed?,Notes
S13U-0001,$bookLabel ${doctor.name},,,RUNTIME_DATA_COMPOSITION,Flutter,home/navigation,mobile/lib/features/home/presentation/widgets/recommended_doctor_card.dart:108,No,No,No,Localized label combined with runtime data; not standalone English copy.
S13U-0002,$date • $time,,,RUNTIME_DATA_COMPOSITION,Flutter,appointments,mobile/lib/features/appointments/presentation/widgets/appointment_card.dart:57,No,No,No,Localized label combined with runtime data; not standalone English copy.
S13U-0003,$label. ${profile.displayName}. ${context.l10n.choosePatient},,,RUNTIME_DATA_COMPOSITION,Flutter,profile/account,mobile/lib/features/family_profiles/presentation/widgets/patient_selector.dart:26,No,No,No,Localized label combined with runtime data; not standalone English copy.
S13U-0004,$patientsAhead patients ahead,,,RUNTIME_DATA_COMPOSITION,Flutter,appointments,mobile/lib/features/home/presentation/widgets/next_appointment_card.dart:131,No,No,No,Localized label combined with runtime data; not standalone English copy.
S13U-0005,$title. $message,,,RUNTIME_DATA_COMPOSITION,Flutter,queue,mobile/lib/design_system/components/feedback/saxlem_state_view.dart:37; mobile/lib/features/live_queue/presentation/widgets/connection_status_banner.dart:36; mobile/lib/features/live_queue/presentation/widgets/live_queue_session_message.dart:25,No,No,No,Localized label combined with runtime data; not standalone English copy.
S13U-0006,"${appointment.doctor.displayName}, $date, $time",,,RUNTIME_DATA_COMPOSITION,Flutter,appointments,mobile/lib/features/appointments/presentation/widgets/appointment_card.dart:26,No,No,No,Localized label combined with runtime data; not standalone English copy.
S13U-0007,${context.l10n.dateOfBirth}: ${birth.year}-${birth.month}-${birth.day},,,RUNTIME_DATA_COMPOSITION,Flutter,profile/account,mobile/lib/features/family_profiles/presentation/pages/add_patient_page.dart:87,No,No,No,Localized label combined with runtime data; not standalone English copy.
S13U-0008,${context.l10n.dateOfBirth}: ${dateOfBirth.year}-${dateOfBirth.month}-${dateOfBirth.day},,,RUNTIME_DATA_COMPOSITION,Flutter,profile/account,mobile/lib/features/family_profiles/presentation/pages/primary_profile_setup_page.dart:95,No,No,No,Localized label combined with runtime data; not standalone English copy.
S13U-0009,${context.l10n.gender}: ${context.l10n.patientGender(gender.name)},,,RUNTIME_DATA_COMPOSITION,Flutter,profile/account,mobile/lib/features/family_profiles/presentation/pages/add_patient_page.dart:72,No,No,No,Localized label combined with runtime data; not standalone English copy.
S13U-0010,${context.l10n.relationship}: ${context.l10n.patientRelationship(relationship.name)},,,RUNTIME_DATA_COMPOSITION,Flutter,profile/account,mobile/lib/features/family_profiles/presentation/pages/add_patient_page.dart:54,No,No,No,Localized label combined with runtime data; not standalone English copy.
S13U-0011,${controller.country.isoCode ==,,,RUNTIME_DATA_COMPOSITION,Flutter,authentication,mobile/lib/features/authentication/presentation/pages/phone_number_page.dart:43,No,No,No,Localized label combined with runtime data; not standalone English copy.
S13U-0012,${copy.currentPatient} ${snapshot.anonymousCurrentToken ??,,,RUNTIME_DATA_COMPOSITION,Flutter,queue,mobile/lib/features/live_queue/presentation/widgets/live_queue_position_card.dart:22,No,No,No,Localized label combined with runtime data; not standalone English copy.
S13U-0013,"${copy.date(confirmation.startsAt, timezone: confirmation.clinicTimezone)} ·",,,RUNTIME_DATA_COMPOSITION,Flutter,appointments,mobile/lib/features/booking/presentation/pages/booking_success_page.dart:57,No,No,No,Localized label combined with runtime data; not standalone English copy.
S13U-0014,${copy.estimatedWait} ${snapshot.estimatedWaitLowerMinutes} to,,,RUNTIME_DATA_COMPOSITION,Flutter,queue,mobile/lib/features/live_queue/presentation/widgets/live_queue_estimate_card.dart:25,No,No,No,Localized label combined with runtime data; not standalone English copy.
S13U-0015,${copy.title}. ${copy.happened}. ${copy.next},,,RUNTIME_DATA_COMPOSITION,Flutter,notifications,mobile/lib/features/notifications/presentation/widgets/notification_card.dart:18,No,No,No,Localized label combined with runtime data; not standalone English copy.
S13U-0016,${day.slots.length},,,RUNTIME_DATA_COMPOSITION,Flutter,appointments,mobile/lib/features/booking/presentation/widgets/date_selector.dart:27,No,No,No,Localized label combined with runtime data; not standalone English copy.
S13U-0017,${queue.careProviderDisplayName} · ${queue.serviceDisplayName},,,RUNTIME_DATA_COMPOSITION,Flutter,queue,mobile/lib/features/home/presentation/widgets/live_queue_card.dart:138,No,No,No,Localized label combined with runtime data; not standalone English copy.
S13U-0018,${semanticParts.join(,,,RUNTIME_DATA_COMPOSITION,Flutter,doctor discovery,mobile/lib/features/discover/presentation/widgets/doctor_result_card.dart:37,No,No,No,Localized label combined with runtime data; not standalone English copy.
S13U-0019,${snapshot.estimatedWaitLowerMinutes}–${snapshot.estimatedWaitUpperMinutes} min,,,RUNTIME_DATA_COMPOSITION,Flutter,queue,mobile/lib/features/live_queue/presentation/widgets/live_queue_estimate_card.dart:39,No,No,No,Localized label combined with runtime data; not standalone English copy.
S13U-0020,${snapshot.patientsAhead} ${copy.patientsAhead.toLowerCase()},,,RUNTIME_DATA_COMPOSITION,Flutter,queue,mobile/lib/features/live_queue/presentation/widgets/live_queue_position_card.dart:66,No,No,No,Localized label combined with runtime data; not standalone English copy.
S13U-0021,${strings.guestMode}. ${strings.guestModeMessage},,,RUNTIME_DATA_COMPOSITION,Flutter,home/navigation,mobile/lib/features/home/presentation/pages/home_page.dart:155,No,No,No,Localized label combined with runtime data; not standalone English copy.
S13U-0022,${strings.guestMode}: ${strings.guestModeMessage},,,RUNTIME_DATA_COMPOSITION,Flutter,home/navigation,mobile/lib/features/home/presentation/pages/home_page.dart:163,No,No,No,Localized label combined with runtime data; not standalone English copy.
S13U-0023,${strings.sessionExpiredTitle}\n${strings.sessionExpiredBody},,,RUNTIME_DATA_COMPOSITION,Flutter,authentication,mobile/lib/features/authentication/presentation/pages/welcome_page.dart:87,No,No,No,Localized label combined with runtime data; not standalone English copy.
S13U-0062,6-digit verification code,رمز تحقق مكوّن من 6 أرقام,کودێ پشتراستکرنێ یێ 6 ژمارەیی,COMPLETE,Flutter,authentication,"mobile/lib/l10n/app_{en,ar,ku}.arb#otpLabel",No,No,No,Explicit Arabic and Badini catalog values; no supported-locale English spread fallback.
S13U-0063,750 123 4567,معلومات,زانیاری,COMPLETE,Flutter,shared,"mobile/lib/l10n/app_{en,ar,ku}.arb#phoneHint",No,No,No,Explicit Arabic and Badini catalog values; no supported-locale English spread fallback.
S13U-0064,8-128 non-whitespace printable ASCII characters. Identical completed requests replay; reuse for different input conflicts.,,,USER_VISIBLE,Backend user-visible,queue,backend/src/modules/arrivals/presentation/arrivals.controller.ts:86,No,No,Yes,Sprint 13U backend boundary classification: USER_VISIBLE.
S13U-0065,8–128 printable ASCII characters. Conflicting reuse returns 409.,,,USER_VISIBLE,Backend user-visible,queue,backend/src/modules/notifications/presentation/notifications.controller.ts:95; backend/src/modules/queue/presentation/queue.controller.ts:63,No,No,Yes,Sprint 13U backend boundary classification: USER_VISIBLE.
S13U-0078,A new clinic-wide notice is available.,معلومات,راگەهاندنەکا نوی بو کلینیکێ بەردەستە.,COMPLETE,Clinic Portal,doctor portal,clinic-portal/src/features/doctor-notifications/presentation/messages.ts#announcementWhat,No,No,No,Explicit Arabic and Badini catalog values; no supported-locale English spread fallback.
S13U-0079,A patient account is required.,,,MACHINE_CONTRACT,Backend user-visible,profile/account,backend/src/modules/patients/application/patient.service.ts:267,No,No,No,Sprint 13U backend boundary classification: MACHINE_CONTRACT.
S13U-0080,A patient is already current.,,,MACHINE_CONTRACT,Backend user-visible,queue,backend/src/modules/queue/infrastructure/prisma-queue.repository.ts:693,No,No,No,Sprint 13U backend boundary classification: MACHINE_CONTRACT.
S13U-0081,A read-only session update is available.,معلومات واضحة وآمنة.,نویکرنەکا نوی یا دانیشتنێ بو خواندنێ تنێ بەردەستە.,COMPLETE,Clinic Portal,doctor portal,clinic-portal/src/features/doctor-notifications/presentation/messages.ts#genericDescription,No,No,No,Explicit Arabic and Badini catalog values; no supported-locale English spread fallback.
S13U-0082,A read-only view of today's session.,عرض للقراءة فقط لجلسة اليوم.,زانیاری,COMPLETE,Clinic Portal,doctor portal,clinic-portal/src/features/doctor-schedule/presentation/messages.ts#subtitle,No,No,No,Explicit Arabic and Badini catalog values; no supported-locale English spread fallback.
S13U-0083,A required security audit could not be recorded. Retry later.,,,USER_VISIBLE,Backend user-visible,shared,backend/src/modules/doctors/presentation/doctors.controller.ts:117; backend/src/modules/doctors/presentation/doctors.controller.ts:138; backend/src/modules/doctors/presentation/doctors.controller.ts:98,No,No,Yes,Sprint 13U backend boundary classification: USER_VISIBLE.
S13U-0084,A required staff-read audit could not be recorded.,,,USER_VISIBLE,Backend user-visible,profile/account,backend/src/modules/doctors/presentation/clinic-hours.controller.ts:30; backend/src/modules/patients/presentation/patients.controller.ts:68; backend/src/modules/patients/presentation/patients.controller.ts:93,No,No,Yes,Sprint 13U backend boundary classification: USER_VISIBLE.
S13U-0085,A required staff-read audit could not be recorded. Retry later.,,,USER_VISIBLE,Backend user-visible,shared,backend/src/modules/doctors/presentation/doctors.controller.ts:193,No,No,Yes,Sprint 13U backend boundary classification: USER_VISIBLE.
S13U-0086,A scheduled break is approaching.,معلومات واضحة وآمنة.,بێهنڤەدانا دیارکری نێزیکە.,COMPLETE,Clinic Portal,doctor portal,clinic-portal/src/features/doctor-notifications/presentation/messages.ts#breakDescription,No,No,No,Explicit Arabic and Badini catalog values; no supported-locale English spread fallback.
S13U-0087,A scheduled lunch break appears in today's timeline.,راجع المعلومات قبل المتابعة.,بێهنڤەدانا خوارنێ یا دیارکری د خشتەیا ئەڤرو دا دیارە.,COMPLETE,Clinic Portal,doctor portal,clinic-portal/src/features/doctor-schedule/presentation/messages.ts#lunchApproachingHelp,No,No,No,Explicit Arabic and Badini catalog values; no supported-locale English spread fallback.
S13U-0088,A Self profile already exists.,,,MACHINE_CONTRACT,Backend user-visible,profile/account,backend/src/modules/patients/application/patient.service.ts:167; backend/src/modules/patients/infrastructure/prisma-patient.repository.ts:106,No,No,No,Sprint 13U backend boundary classification: MACHINE_CONTRACT.
S13U-0089,A valid Idempotency-Key header is required.,,,MACHINE_CONTRACT,Backend user-visible,billing,backend/src/modules/administration/application/administration.service.ts:126; backend/src/modules/appointments/application/appointment.service.ts:431; backend/src/modules/arrivals/application/arrival.service.ts:106; backend/src/modules/billing/application/billing.service.ts:164; backend/src/modules/notifications/application/notification.service.ts:57; backend/src/modules/queue/application/queue.service.ts:227,No,No,No,Sprint 13U backend boundary classification: MACHINE_CONTRACT.
S13U-0090,About,نبذة,دەربارە,COMPLETE,Flutter,shared,"mobile/lib/l10n/app_{en,ar,ku}.arb#biographyLabel",No,No,No,Explicit Arabic and Badini catalog values; no supported-locale English spread fallback.
S13U-0091,About Saxlem,حول ساخلەم,دەربارەی ساخلەم,COMPLETE,Clinic Portal,doctor portal,clinic-portal/src/features/doctor-settings/presentation/messages.ts#about,No,No,No,Explicit Arabic and Badini catalog values; no supported-locale English spread fallback.
S13U-0092,About {minutes} minutes,نحو {minutes} دقيقة,نێزیکی {minutes} خولەکان,COMPLETE,Clinic Portal,queue,clinic-portal/src/features/live-queue/presentation/messages.ts#estimatedWait,No,No,No,Explicit Arabic and Badini catalog values; no supported-locale English spread fallback.
S13U-0093,Accepting new patients,يستقبل مرضى جدد,نەخۆشێن نوی وەردگریت,COMPLETE,Flutter,profile/account,"mobile/lib/l10n/app_{en,ar,ku}.arb#acceptingNewPatients",No,No,No,Explicit Arabic and Badini catalog values; no supported-locale English spread fallback.
S13U-0094,Access token is invalid.,,,MACHINE_CONTRACT,Backend user-visible,authentication,backend/src/modules/identity/presentation/jwt-auth.guard.ts:60; backend/src/modules/identity/presentation/jwt-auth.guard.ts:69,No,No,No,Sprint 13U backend boundary classification: MACHINE_CONTRACT.
S13U-0095,Access token is no longer valid.,,,MACHINE_CONTRACT,Backend user-visible,authentication,backend/src/modules/identity/presentation/jwt-auth.guard.ts:97,No,No,No,Sprint 13U backend boundary classification: MACHINE_CONTRACT.
S13U-0096,Action,الإجراء,کار,COMPLETE,Clinic Portal,queue,clinic-portal/src/features/live-queue/presentation/messages.ts#action,No,No,No,Explicit Arabic and Badini catalog values; no supported-locale English spread fallback.
S13U-0097,Actions,الإجراء,کار,COMPLETE,Clinic Portal,clinic management,clinic-portal/src/features/clinical-presentation/messages.ts#actions,No,No,No,Explicit Arabic and Badini catalog values; no supported-locale English spread fallback.
S13U-0098,Active,نشط,چالاک,COMPLETE,Clinic Portal,billing,clinic-portal/src/features/administration/presentation/messages.ts#active; clinic-portal/src/features/billing/presentation/messages.ts#active; clinic-portal/src/features/clinical-presentation/messages.ts#active; clinic-portal/src/features/doctor-patients/presentation/messages.ts#active; clinic-portal/src/features/doctor-settings/presentation/messages.ts#active; clinic-portal/src/features/doctor/presentation/messages.ts#active; clinic-portal/src/i18n/index.ts#active,No,No,No,Explicit Arabic and Badini catalog values; no supported-locale English spread fallback.
S13U-0099,Active organization was not found.,,,USER_VISIBLE,Backend user-visible,administration,backend/src/modules/administration/presentation/administration.controller.ts:144,No,No,Yes,Sprint 13U backend boundary classification: USER_VISIBLE.
S13U-0100,Add arrival to queue,إضافة المريض إلى الطابور,هاتنێ بخە رێزێ,COMPLETE,Clinic Portal,queue,clinic-portal/src/features/live-queue/presentation/production-messages.ts#enqueue,No,No,No,Explicit Arabic and Badini catalog values; no supported-locale English spread fallback.
S13U-0101,Add family member,إضافة فرد من العائلة,ئەندامەکێ خێزانێ زێدە بکە,COMPLETE,Flutter,profile/account,"mobile/lib/l10n/app_{en,ar,ku}.arb#addPatient",No,No,No,Explicit Arabic and Badini catalog values; no supported-locale English spread fallback.
S13U-0102,Add the essential details needed to personalize your care.,أضف المعلومات الأساسية اللازمة لتخصيص الرعاية.,زانیاریێن پێویست بۆ چاڤدێریا تایبەت تۆمار بکە.,COMPLETE,Flutter,profile/account,"mobile/lib/l10n/app_{en,ar,ku}.arb#profileSetupBody",No,No,No,Explicit Arabic and Badini catalog values; no supported-locale English spread fallback.
S13U-0103,Add to My Doctors,إضافة إلى أطبائي,زێدە بکە بۆ نوژدارێن من,COMPLETE,Flutter,shared,"mobile/lib/l10n/app_{en,ar,ku}.arb#addToMyDoctors",No,No,No,Explicit Arabic and Badini catalog values; no supported-locale English spread fallback.
S13U-0104,Administration,الإدارة,رێڤەبەری,COMPLETE,Clinic Portal,administration,clinic-portal/src/features/administration/presentation/messages.ts#administration; clinic-portal/src/features/portal-foundation/presentation/foundation-messages.ts#administration,No,No,No,Explicit Arabic and Badini catalog values; no supported-locale English spread fallback.
S13U-0105,Administration cursor is invalid.,,,MACHINE_CONTRACT,Backend user-visible,administration,backend/src/modules/administration/application/administration.service.ts:201,No,No,No,Sprint 13U backend boundary classification: MACHINE_CONTRACT.
S13U-0106,Affected appointment,الموعد المعني,ژڤانێ پەیوەندیدار,COMPLETE,Clinic Portal,doctor portal,clinic-portal/src/features/doctor-notifications/presentation/messages.ts#affectedAppointment,No,No,No,Explicit Arabic and Badini catalog values; no supported-locale English spread fallback.
S13U-0107,Affected patient,المريض المعني,نەخوشێ پەیوەندیدار,COMPLETE,Clinic Portal,doctor portal,clinic-portal/src/features/doctor-notifications/presentation/messages.ts#affectedPatient,No,No,No,Explicit Arabic and Badini catalog values; no supported-locale English spread fallback.
S13U-0108,Age,العمر,تەمەن,COMPLETE,Clinic Portal,doctor portal,clinic-portal/src/features/doctor-patients/presentation/messages.ts#age; clinic-portal/src/features/doctor/presentation/messages.ts#age; clinic-portal/src/i18n/index.ts#age,No,No,No,Explicit Arabic and Badini catalog values; no supported-locale English spread fallback.
S13U-0109,Alerts,التنبيهات,ئاگەهداری,COMPLETE,Flutter,notifications,"mobile/lib/l10n/app_{en,ar,ku}.arb#alerts",No,No,No,Explicit Arabic and Badini catalog values; no supported-locale English spread fallback.
S13U-0110,Alerts are coming soon,التنبيهات قريباً,ئاگەهداری دێ بزوی بهێن,COMPLETE,Flutter,notifications,"mobile/lib/l10n/app_{en,ar,ku}.arb#alertsTitle",No,No,No,Explicit Arabic and Badini catalog values; no supported-locale English spread fallback.
S13U-0111,All Patients,جميع المرضى,هەمی نەخوش,COMPLETE,Clinic Portal,profile/account,clinic-portal/src/i18n/index.ts#allPatients,No,No,No,Explicit Arabic and Badini catalog values; no supported-locale English spread fallback.
S13U-0112,All statuses,كل الحالات,هەمی دۆخ,COMPLETE,Clinic Portal,clinic management,clinic-portal/src/features/clinical-presentation/messages.ts#allStatuses,No,No,No,Explicit Arabic and Badini catalog values; no supported-locale English spread fallback.
S13U-0113,All Today's Appointments,معلومات,زانیاری,COMPLETE,Clinic Portal,appointments,clinic-portal/src/i18n/index.ts#allToday,No,No,No,Explicit Arabic and Badini catalog values; no supported-locale English spread fallback.
S13U-0114,An appointment in an active queue cannot be cancelled.,,,MACHINE_CONTRACT,Backend user-visible,appointments,backend/src/modules/appointments/infrastructure/prisma-appointment.repository.ts:352,No,No,No,Sprint 13U backend boundary classification: MACHINE_CONTRACT.
S13U-0115,Any,الكل,هەمی,COMPLETE,Flutter,shared,"mobile/lib/l10n/app_{en,ar,ku}.arb#anyOption",No,No,No,Explicit Arabic and Badini catalog values; no supported-locale English spread fallback.
S13U-0116,Application Preferences,تفضيلات التطبيق,هەلبژارتنێن بەرنامەی,COMPLETE,Clinic Portal,doctor portal,clinic-portal/src/features/doctor-settings/presentation/messages.ts#applicationPreferences,No,No,No,Explicit Arabic and Badini catalog values; no supported-locale English spread fallback.
S13U-0117,Applied filters,المرشحات المطبقة,فلتەرێن جێبەجێکری,COMPLETE,Flutter,shared,"mobile/lib/l10n/app_{en,ar,ku}.arb#appliedFilters",No,No,No,Explicit Arabic and Badini catalog values; no supported-locale English spread fallback.
S13U-0118,Apply filters,تطبيق عوامل التصفية,جوداکرنێ جێبەجێ بکە,COMPLETE,Clinic Portal; Flutter,clinic management,"clinic-portal/src/features/clinical-presentation/messages.ts#apply; mobile/lib/l10n/app_{en,ar,ku}.arb#applyFilters",No,No,No,Explicit Arabic and Badini catalog values; no supported-locale English spread fallback.
S13U-0119,Appointment,الموعد,ژڤان,COMPLETE,Clinic Portal,appointments,clinic-portal/src/i18n/index.ts#appointment,No,No,No,Explicit Arabic and Badini catalog values; no supported-locale English spread fallback.
S13U-0120,Appointment cannot be booked in the past.,,,MACHINE_CONTRACT,Backend user-visible,appointments,backend/src/modules/appointments/application/appointment.service.ts:448,No,No,No,Sprint 13U backend boundary classification: MACHINE_CONTRACT.
S13U-0121,Appointment cannot be completed.,,,MACHINE_CONTRACT,Backend user-visible,appointments,backend/src/modules/appointments/infrastructure/prisma-appointment-queue-completion.port.ts:30; backend/src/modules/queue/infrastructure/prisma-queue.repository.ts:801,No,No,No,Sprint 13U backend boundary classification: MACHINE_CONTRACT.
S13U-0122,Appointment cannot cross a clinic-local day.,,,MACHINE_CONTRACT,Backend user-visible,doctor portal,backend/src/modules/doctors/application/doctor-schedule.service.ts:127,No,No,No,Sprint 13U backend boundary classification: MACHINE_CONTRACT.
S13U-0123,Appointment confirmed,تم تأكيد الموعد,ژڤان هاتە پشتراستکرن,COMPLETE,Clinic Portal; Flutter,appointments,"clinic-portal/src/i18n/index.ts#appointmentConfirmed; mobile/lib/l10n/app_{en,ar,ku}.arb#appointmentConfirmed; mobile/lib/l10n/app_{en,ar,ku}.arb#notificationBookingConfirmed",No,No,No,Explicit Arabic and Badini catalog values; no supported-locale English spread fallback.
S13U-0124,Appointment conflict,معلومات,زانیاری,COMPLETE,Clinic Portal,appointments,clinic-portal/src/i18n/index.ts#conflict,No,No,No,Explicit Arabic and Badini catalog values; no supported-locale English spread fallback.
S13U-0125,Appointment conflicts with an existing appointment.,,,MACHINE_CONTRACT,Backend user-visible,appointments,backend/src/modules/appointments/infrastructure/prisma-appointment.repository.ts:460,No,No,No,Sprint 13U backend boundary classification: MACHINE_CONTRACT.
S13U-0126,Appointment Context,سياق الموعد,زانیاریێن ژڤانی,COMPLETE,Clinic Portal,doctor portal,clinic-portal/src/features/doctor/presentation/messages.ts#appointmentContext,No,No,No,Explicit Arabic and Badini catalog values; no supported-locale English spread fallback.
S13U-0127,Appointment created,تم إنشاء الموعد,ژڤان هاتە دروستکرن,COMPLETE,Clinic Portal,appointments,clinic-portal/src/i18n/index.ts#created,No,No,No,Explicit Arabic and Badini catalog values; no supported-locale English spread fallback.
S13U-0128,Appointment cursor is invalid for this query.,,,MACHINE_CONTRACT,Backend user-visible,appointments,backend/src/modules/appointments/infrastructure/prisma-appointment.repository.ts:70,No,No,No,Sprint 13U backend boundary classification: MACHINE_CONTRACT.
S13U-0129,Appointment date window must be positive and no longer than 366 days.,,,MACHINE_CONTRACT,Backend user-visible,appointments,backend/src/modules/appointments/application/appointment.service.ts:212,No,No,No,Sprint 13U backend boundary classification: MACHINE_CONTRACT.
S13U-0130,Appointment Details,تفاصيل الموعد,هویرکاتیێن ژڤانێ,COMPLETE,Flutter,appointments,"mobile/lib/l10n/app_{en,ar,ku}.arb#appointmentDetails",No,No,No,Explicit Arabic and Badini catalog values; no supported-locale English spread fallback.
S13U-0131,Appointment details,تفاصيل الموعد,هویرکاتیێن ژڤانێ,COMPLETE,Clinic Portal,appointments,clinic-portal/src/features/clinical-presentation/messages.ts#appointmentDetails,No,No,No,Explicit Arabic and Badini catalog values; no supported-locale English spread fallback.
S13U-0132,"Appointment details are available, but arrival status could not be loaded.",تفاصيل الموعد متاحة، لكن تعذر تحميل حالة الوصول.,وردەکاریێن ژوانی بەردەستن، لێ رەوشا هاتنێ بار نەبوو.,COMPLETE,Clinic Portal,appointments,clinic-portal/src/features/arrivals/presentation/messages.ts#partialError,No,No,No,Explicit Arabic and Badini catalog values; no supported-locale English spread fallback.
S13U-0133,Appointment duration does not match booking configuration.,,,MACHINE_CONTRACT,Backend user-visible,appointments,backend/src/modules/appointments/application/appointment.service.ts:395,No,No,No,Sprint 13U backend boundary classification: MACHINE_CONTRACT.
S13U-0134,Appointment duration must be between 5 and 480 minutes.,,,MACHINE_CONTRACT,Backend user-visible,appointments,backend/src/modules/appointments/application/appointment.service.ts:387,No,No,No,Sprint 13U backend boundary classification: MACHINE_CONTRACT.
S13U-0135,Appointment ID,رقم الموعد,ژمارا ژڤانێ,COMPLETE,Clinic Portal; Flutter,appointments,"clinic-portal/src/features/clinical-presentation/messages.ts#reference; clinic-portal/src/features/live-queue/presentation/production-messages.ts#appointmentId; mobile/lib/l10n/app_{en,ar,ku}.arb#appointmentId",No,No,No,Explicit Arabic and Badini catalog values; no supported-locale English spread fallback.
S13U-0136,Appointment ID {id},رقم الموعد {id},ناسناما ژڤانیێ {id},COMPLETE,Flutter,appointments,"mobile/lib/l10n/app_{en,ar,ku}.arb#appointmentIdValue",No,No,No,Explicit Arabic and Badini catalog values; no supported-locale English spread fallback.
S13U-0137,Appointment is already enqueued.,,,MACHINE_CONTRACT,Backend user-visible,appointments,backend/src/modules/queue/infrastructure/prisma-queue.repository.ts:562,No,No,No,Sprint 13U backend boundary classification: MACHINE_CONTRACT.
S13U-0138,Appointment is not eligible for this queue.,,,MACHINE_CONTRACT,Backend user-visible,appointments,backend/src/modules/queue/infrastructure/prisma-queue.repository.ts:548; backend/src/modules/queue/infrastructure/prisma-queue.repository.ts:553,No,No,No,Sprint 13U backend boundary classification: MACHINE_CONTRACT.
S13U-0139,Appointment is not ready for the queue.,,,MACHINE_CONTRACT,Backend user-visible,appointments,backend/src/modules/queue/infrastructure/prisma-queue.repository.ts:897,No,No,No,Sprint 13U backend boundary classification: MACHINE_CONTRACT.
S13U-0140,Appointment is outside effective working time.,,,MACHINE_CONTRACT,Backend user-visible,doctor portal,backend/src/modules/doctors/application/doctor-schedule.service.ts:139; backend/src/modules/doctors/application/doctor-schedule.service.ts:161,No,No,No,Sprint 13U backend boundary classification: MACHINE_CONTRACT.
S13U-0141,Appointment notifications,إشعارات المواعيد,ئاگەهداریێن ژڤانان,COMPLETE,Clinic Portal,doctor portal,clinic-portal/src/features/doctor-settings/presentation/messages.ts#appointmentNotifications,No,No,No,Explicit Arabic and Badini catalog values; no supported-locale English spread fallback.
S13U-0142,Appointment page size must be between 1 and 50.,,,MACHINE_CONTRACT,Backend user-visible,appointments,backend/src/modules/appointments/application/appointment.service.ts:220,No,No,No,Sprint 13U backend boundary classification: MACHINE_CONTRACT.
S13U-0143,Appointment participants are unavailable or outside scope.,,,MACHINE_CONTRACT,Backend user-visible,appointments,backend/src/modules/appointments/infrastructure/prisma-appointment.repository.ts:137,No,No,No,Sprint 13U backend boundary classification: MACHINE_CONTRACT.
S13U-0144,Appointment reason,سبب الموعد,ئەگەرێ ژڤانێ,COMPLETE,Clinic Portal,doctor portal,clinic-portal/src/features/doctor-schedule/presentation/messages.ts#appointmentReason,No,No,No,Explicit Arabic and Badini catalog values; no supported-locale English spread fallback.
S13U-0145,Appointment reason must contain 1 to 500 characters.,,,MACHINE_CONTRACT,Backend user-visible,appointments,backend/src/modules/appointments/application/appointment.service.ts:526,No,No,No,Sprint 13U backend boundary classification: MACHINE_CONTRACT.
S13U-0146,Appointment reference,مرجع الموعد,ناسناما ژڤانێ,COMPLETE,Clinic Portal; Flutter,billing,"clinic-portal/src/features/billing/presentation/messages.ts#appointment; clinic-portal/src/features/live-queue/presentation/production-messages.ts#appointmentReference; mobile/lib/l10n/app_{en,ar,ku}.arb#appointmentReference",No,No,No,Explicit Arabic and Badini catalog values; no supported-locale English spread fallback.
S13U-0147,Appointment reference {reference},مرجع الموعد {reference},ژمارا ژڤانێ {reference},COMPLETE,Flutter,appointments,"mobile/lib/l10n/app_{en,ar,ku}.arb#appointmentReferenceValue",No,No,No,Explicit Arabic and Badini catalog values; no supported-locale English spread fallback.
S13U-0148,Appointment reminder,تذكير بالموعد,بیرئینانا ژڤانێ,COMPLETE,Clinic Portal,appointments,clinic-portal/src/i18n/index.ts#reminder,No,No,No,Explicit Arabic and Badini catalog values; no supported-locale English spread fallback.
S13U-0149,Appointment rescheduled,تم تغيير موعد الحجز,دەمێ ژڤانێ هاتە گهورین,COMPLETE,Clinic Portal,doctor portal,clinic-portal/src/features/doctor-notifications/presentation/messages.ts#rescheduled,No,No,No,Explicit Arabic and Badini catalog values; no supported-locale English spread fallback.
S13U-0150,Appointment start time is invalid.,,,MACHINE_CONTRACT,Backend user-visible,doctor portal,backend/src/modules/appointments/application/appointment.service.ts:340; backend/src/modules/doctors/application/doctor-schedule.service.ts:174,No,No,No,Sprint 13U backend boundary classification: MACHINE_CONTRACT.
S13U-0151,Appointment status,حالة الموعد,رەوشا ژڤانێ,COMPLETE,Clinic Portal,appointments,clinic-portal/src/features/arrivals/presentation/messages.ts#appointmentStatus,No,No,No,Explicit Arabic and Badini catalog values; no supported-locale English spread fallback.
S13U-0152,Appointment Summary,معلومات,زانیاری,COMPLETE,Clinic Portal,appointments,clinic-portal/src/i18n/index.ts#summary,No,No,No,Explicit Arabic and Badini catalog values; no supported-locale English spread fallback.
S13U-0153,Appointment tenant does not match authenticated clinic.,,,MACHINE_CONTRACT,Backend user-visible,authentication,backend/src/modules/appointments/application/appointment.service.ts:405,No,No,No,Sprint 13U backend boundary classification: MACHINE_CONTRACT.
S13U-0154,Appointment time,وقت الموعد,دەمێ ژڤانێ,COMPLETE,Clinic Portal,doctor portal,clinic-portal/src/features/arrivals/presentation/messages.ts#appointmentTime; clinic-portal/src/features/doctor-patients/presentation/messages.ts#appointmentTime; clinic-portal/src/features/doctor/presentation/messages.ts#appointmentTime; clinic-portal/src/i18n/index.ts#appointmentTime; clinic-portal/src/i18n/index.ts#time,No,No,No,Explicit Arabic and Badini catalog values; no supported-locale English spread fallback.
S13U-0155,Appointment time does not exist at the clinic or uses an incorrect offset.,,,MACHINE_CONTRACT,Backend user-visible,doctor portal,backend/src/modules/doctors/application/doctor-schedule.service.ts:178,No,No,No,Sprint 13U backend boundary classification: MACHINE_CONTRACT.
S13U-0156,Appointment type,نوع الموعد,جورێ ژڤانێ,COMPLETE,Clinic Portal; Flutter,doctor portal,"clinic-portal/src/features/doctor-patients/presentation/messages.ts#appointmentType; clinic-portal/src/features/doctor/presentation/messages.ts#appointmentType; mobile/lib/l10n/app_{en,ar,ku}.arb#appointmentType",No,No,No,Explicit Arabic and Badini catalog values; no supported-locale English spread fallback.
S13U-0157,Appointment update,تحديث الموعد,نووکرنا وەعدەیێ,COMPLETE,Flutter,appointments,"mobile/lib/l10n/app_{en,ar,ku}.arb#notificationReservedType",No,No,No,Explicit Arabic and Badini catalog values; no supported-locale English spread fallback.
S13U-0158,Appointment updated.,تم تحديث الموعد,ژڤان هاتە نویکرن,COMPLETE,Clinic Portal,appointments,clinic-portal/src/features/clinical-presentation/messages.ts#success,No,No,No,Explicit Arabic and Badini catalog values; no supported-locale English spread fallback.
S13U-0159,Appointment version is stale.,,,MACHINE_CONTRACT,Backend user-visible,appointments,backend/src/modules/appointments/application/appointment.service.ts:375; backend/src/modules/appointments/infrastructure/prisma-appointment-queue-completion.port.ts:43; backend/src/modules/appointments/infrastructure/prisma-appointment.repository.ts:365,No,No,No,Sprint 13U backend boundary classification: MACHINE_CONTRACT.
S13U-0160,Appointment was not found or is no longer cancellable.,,,MACHINE_CONTRACT,Backend user-visible,appointments,backend/src/modules/appointments/application/appointment.service.ts:324,No,No,No,Sprint 13U backend boundary classification: MACHINE_CONTRACT.
S13U-0161,Appointment was not found or is no longer editable.,,,MACHINE_CONTRACT,Backend user-visible,appointments,backend/src/modules/appointments/application/appointment.service.ts:288,No,No,No,Sprint 13U backend boundary classification: MACHINE_CONTRACT.
S13U-0162,Appointment was not found or is no longer mutable.,,,MACHINE_CONTRACT,Backend user-visible,appointments,backend/src/modules/appointments/infrastructure/prisma-appointment.repository.ts:340,No,No,No,Sprint 13U backend boundary classification: MACHINE_CONTRACT.
S13U-0163,Appointment was not found.,,,MACHINE_CONTRACT,Backend user-visible,appointments,backend/src/modules/appointments/application/appointment.service.ts:229; backend/src/modules/appointments/application/appointment.service.ts:352; backend/src/modules/queue/infrastructure/prisma-queue.repository.ts:510; backend/src/modules/queue/infrastructure/prisma-queue.repository.ts:537,No,No,No,Sprint 13U backend boundary classification: MACHINE_CONTRACT.
S13U-0164,Appointment Workspace,معلومات,زانیاری,COMPLETE,Clinic Portal,appointments,clinic-portal/src/i18n/index.ts#appointmentWorkspace,No,No,No,Explicit Arabic and Badini catalog values; no supported-locale English spread fallback.
S13U-0165,"Appointment, clinic, and queue updates will appear here.",ستظهر تحديثات المواعيد والعيادة والطابور هنا.,نووکرنێن وەعدە، کلینیک و ریزێ ل ڤێرێ دێ دیار بن.,COMPLETE,Flutter,appointments,"mobile/lib/l10n/app_{en,ar,ku}.arb#notificationsEmptyBody",No,No,No,Explicit Arabic and Badini catalog values; no supported-locale English spread fallback.
S13U-0166,Appointments,المواعيد,ژڤان,COMPLETE,Clinic Portal; Flutter,appointments,"clinic-portal/src/features/clinical-presentation/messages.ts#appointments; clinic-portal/src/features/portal-foundation/presentation/foundation-messages.ts#appointments; clinic-portal/src/i18n/index.ts#appointments; clinic-portal/src/i18n/index.ts#title; mobile/lib/l10n/app_{en,ar,ku}.arb#appointments",No,No,No,Explicit Arabic and Badini catalog values; no supported-locale English spread fallback.
S13U-0167,Appointments are temporarily unavailable.,المواعيد غير متاحة مؤقتاً.,ژڤان بو دەمکی بەردەست نینن,COMPLETE,Flutter,appointments,"mobile/lib/l10n/app_{en,ar,ku}.arb#appointmentsUnavailable",No,No,No,Explicit Arabic and Badini catalog values; no supported-locale English spread fallback.
S13U-0168,Appointments today,مواعيد اليوم,ژڤانێن ئەڤرو,COMPLETE,Clinic Portal,doctor portal,clinic-portal/src/features/doctor-schedule/presentation/messages.ts#appointmentsToday,No,No,No,Explicit Arabic and Badini catalog values; no supported-locale English spread fallback.
S13U-0169,Arabic,العربية,عەرەبی,COMPLETE,Clinic Portal; Flutter,doctor portal,"clinic-portal/src/features/doctor-settings/presentation/messages.ts#arabic; mobile/lib/l10n/app_{en,ar,ku}.arb#arabic",No,No,No,Explicit Arabic and Badini catalog values; no supported-locale English spread fallback.
S13U-0170,Archived patient profiles cannot be activated.,,,MACHINE_CONTRACT,Backend user-visible,profile/account,backend/src/modules/patients/application/patient.service.ts:251; backend/src/modules/patients/infrastructure/prisma-patient.repository.ts:206,No,No,No,Sprint 13U backend boundary classification: MACHINE_CONTRACT.
S13U-0171,Archived profiles cannot become active.,,,USER_VISIBLE,Backend user-visible,profile/account,backend/src/modules/patients/presentation/patients.controller.ts:182,No,No,Yes,Sprint 13U backend boundary classification: USER_VISIBLE.
S13U-0172,Arrival,الوصول,هاتن,COMPLETE,Clinic Portal,queue,clinic-portal/src/features/arrivals/presentation/messages.ts#arrival; clinic-portal/src/features/live-queue/presentation/messages.ts#arrival; clinic-portal/src/i18n/index.ts#arrival,No,No,No,Explicit Arabic and Badini catalog values; no supported-locale English spread fallback.
S13U-0173,Arrival can only be recorded during the clinic’s arrival window.,يمكن تسجيل الوصول فقط ضمن نافذة الوصول الخاصة بالعيادة.,هاتن تنێ د دەمێ دیارکری یێ کلینیکێ دا دهێتە تۆمارکرن.,COMPLETE,Clinic Portal,queue,clinic-portal/src/features/arrivals/presentation/messages.ts#outsideWindow,No,No,No,Explicit Arabic and Badini catalog values; no supported-locale English spread fallback.
S13U-0174,Arrival could not be completed.,تعذر إكمال الوصول.,هاتن نەشیا تەمام ببیت.,COMPLETE,Clinic Portal,queue,clinic-portal/src/features/arrivals/presentation/messages.ts#backendError,No,No,No,Explicit Arabic and Badini catalog values; no supported-locale English spread fallback.
S13U-0175,Arrival could not be recorded.,تعذر إكمال الإجراء.,کار نەهاتە تەمامکرن.,COMPLETE,Clinic Portal,queue,clinic-portal/src/i18n/index.ts#failure,No,No,No,Explicit Arabic and Badini catalog values; no supported-locale English spread fallback.
S13U-0176,Arrival eligibility only. queueReady does not create or order a queue entry.,,,USER_VISIBLE,Backend user-visible,queue,backend/src/modules/arrivals/presentation/arrival.dto.ts:61,No,No,Yes,Sprint 13U backend boundary classification: USER_VISIBLE.
S13U-0177,Arrival has already been recorded.,,,MACHINE_CONTRACT,Backend user-visible,queue,backend/src/modules/arrivals/infrastructure/prisma-arrival.repository.ts:114,No,No,No,Sprint 13U backend boundary classification: MACHINE_CONTRACT.
S13U-0178,Arrival recorded.,تم تسجيل الوصول,هاتن هاتە تومارکرن,COMPLETE,Clinic Portal,queue,clinic-portal/src/features/arrivals/presentation/messages.ts#success,No,No,No,Explicit Arabic and Badini catalog values; no supported-locale English spread fallback.
S13U-0179,Arrival state,حالة الوصول,زانیاری,COMPLETE,Clinic Portal,doctor portal,clinic-portal/src/features/doctor-patients/presentation/messages.ts#arrivalState; clinic-portal/src/features/doctor/presentation/messages.ts#arrivalState,No,No,No,Explicit Arabic and Badini catalog values; no supported-locale English spread fallback.
S13U-0180,Arrival status,حالة الوصول,رەوشا هاتنێ,COMPLETE,Clinic Portal,queue,clinic-portal/src/features/arrivals/presentation/messages.ts#arrivalStatus; clinic-portal/src/i18n/index.ts#arrivalStatus,No,No,No,Explicit Arabic and Badini catalog values; no supported-locale English spread fallback.
S13U-0181,Arrival time,وقت الوصول,دەمێ هاتنێ,COMPLETE,Clinic Portal,doctor portal,clinic-portal/src/features/doctor/presentation/messages.ts#arrivalTime,No,No,No,Explicit Arabic and Badini catalog values; no supported-locale English spread fallback.
S13U-0182,Arrival version,إصدار الوصول,وەشانا هاتنێ,COMPLETE,Clinic Portal,queue,clinic-portal/src/features/arrivals/presentation/messages.ts#version,No,No,No,Explicit Arabic and Badini catalog values; no supported-locale English spread fallback.
S13U-0183,Arrival version is stale.,,,MACHINE_CONTRACT,Backend user-visible,queue,backend/src/modules/arrivals/infrastructure/prisma-arrival.repository.ts:112,No,No,No,Sprint 13U backend boundary classification: MACHINE_CONTRACT.
S13U-0184,Arrival version must be a positive integer.,,,MACHINE_CONTRACT,Backend user-visible,queue,backend/src/modules/arrivals/application/arrival.service.ts:79,No,No,No,Sprint 13U backend boundary classification: MACHINE_CONTRACT.
S13U-0185,Arrival was already recorded,معلومات,زانیاری,COMPLETE,Clinic Portal,queue,clinic-portal/src/i18n/index.ts#alreadyArrived,No,No,No,Explicit Arabic and Badini catalog values; no supported-locale English spread fallback.
S13U-0186,Arrival was not found.,,,MACHINE_CONTRACT,Backend user-visible,queue,backend/src/modules/arrivals/application/arrival.service.ts:47; backend/src/modules/arrivals/infrastructure/prisma-arrival.repository.ts:108; backend/src/modules/arrivals/infrastructure/prisma-arrival.repository.ts:96,No,No,No,Sprint 13U backend boundary classification: MACHINE_CONTRACT.
S13U-0187,Arrival was not recorded because the security audit is unavailable.,لم يُسجل الوصول لأن سجل الأمان غير متاح.,هاتن نەهاتە تۆمارکرن چونکی تۆمارا پاراستنێ بەردەست نینە.,COMPLETE,Clinic Portal,queue,clinic-portal/src/features/arrivals/presentation/messages.ts#auditFailure,No,No,No,Explicit Arabic and Badini catalog values; no supported-locale English spread fallback.
S13U-0188,Arrived,وصل,گەهشت,COMPLETE,Clinic Portal,queue,clinic-portal/src/features/arrivals/presentation/messages.ts#arrived; clinic-portal/src/features/live-queue/presentation/messages.ts#arrived; clinic-portal/src/i18n/index.ts#arrived,No,No,No,Explicit Arabic and Badini catalog values; no supported-locale English spread fallback.
S13U-0189,Arrived at,وقت الوصول,دەمێ گەهشتنێ,COMPLETE,Clinic Portal,queue,clinic-portal/src/features/arrivals/presentation/messages.ts#arrivedAt,No,No,No,Explicit Arabic and Badini catalog values; no supported-locale English spread fallback.
S13U-0190,Assign plan,تعيين الخطة,پلانێ دیار بکە,COMPLETE,Clinic Portal,billing,clinic-portal/src/features/billing/presentation/messages.ts#assign,No,No,No,Explicit Arabic and Badini catalog values; no supported-locale English spread fallback.
S13U-0191,Authoritative advisory eligibility returned for authenticated patient access. Mutations always revalidate.,,,USER_VISIBLE,Backend user-visible,authentication,backend/src/modules/arrivals/presentation/arrival.dto.ts:77,No,No,Yes,Sprint 13U backend boundary classification: USER_VISIBLE.
S13U-0192,Availability,التوفر,ژڤانێن بەردەست,COMPLETE,Flutter,shared,"mobile/lib/l10n/app_{en,ar,ku}.arb#availabilityLabel",No,No,No,Explicit Arabic and Badini catalog values; no supported-locale English spread fallback.
S13U-0193,Availability Summary,ملخص التوفر,پوختەیا بەردەستبوونێ,COMPLETE,Clinic Portal,doctor portal,clinic-portal/src/features/doctor-schedule/presentation/messages.ts#availabilitySummary,No,No,No,Explicit Arabic and Badini catalog values; no supported-locale English spread fallback.
S13U-0194,Available,متاح,بەردەست,COMPLETE,Flutter,shared,"mobile/lib/l10n/app_{en,ar,ku}.arb#doctorAvailable",No,No,No,Explicit Arabic and Badini catalog values; no supported-locale English spread fallback.
S13U-0195,Available in a future release,متاح في إصدار مستقبلي,زانیاری,COMPLETE,Clinic Portal,doctor portal,clinic-portal/src/features/doctor-settings/presentation/messages.ts#futureRelease,No,No,No,Explicit Arabic and Badini catalog values; no supported-locale English spread fallback.
S13U-0196,Average wait,متوسط الانتظار,تێکڕا چاڤەرێکرنێ,COMPLETE,Clinic Portal,doctor portal,clinic-portal/src/features/doctor/presentation/messages.ts#averageWait; clinic-portal/src/features/live-queue/presentation/messages.ts#averageWait,No,No,No,Explicit Arabic and Badini catalog values; no supported-locale English spread fallback.
S13U-0197,Back to appointment,العودة إلى الموعد,ڤەگەڕە ژوانی,COMPLETE,Clinic Portal,appointments,clinic-portal/src/features/arrivals/presentation/messages.ts#back,No,No,No,Explicit Arabic and Badini catalog values; no supported-locale English spread fallback.
S13U-0198,Back to Appointments,معلومات,زانیاری,COMPLETE,Clinic Portal,appointments,clinic-portal/src/i18n/index.ts#backToAppointments,No,No,No,Explicit Arabic and Badini catalog values; no supported-locale English spread fallback.
S13U-0199,Back to appointments,العودة إلى المواعيد,ڤەگەڕە ژوانان,COMPLETE,Clinic Portal,appointments,clinic-portal/src/features/clinical-presentation/messages.ts#backAppointments,No,No,No,Explicit Arabic and Badini catalog values; no supported-locale English spread fallback.
S13U-0200,Back to billing,العودة إلى الفوترة,ب ڤەگەرە بو حیسابکرنێ,COMPLETE,Clinic Portal,billing,clinic-portal/src/features/billing/presentation/messages.ts#back,No,No,No,Explicit Arabic and Badini catalog values; no supported-locale English spread fallback.
S13U-0201,Back to clinics,العودة إلى العيادات,زانیاری,COMPLETE,Clinic Portal,administration,clinic-portal/src/features/administration/presentation/messages.ts#backToClinics,No,No,No,Explicit Arabic and Badini catalog values; no supported-locale English spread fallback.
S13U-0202,Back to organizations,العودة إلى المؤسسات,ب ڤەگەرە بو رێکخراوان,COMPLETE,Clinic Portal,administration,clinic-portal/src/features/administration/presentation/messages.ts#backToOrganizations,No,No,No,Explicit Arabic and Badini catalog values; no supported-locale English spread fallback.
S13U-0203,Back to patient lookup,العودة إلى بحث المرضى,ڤەگەڕە لێگەڕینا نەخۆشان,COMPLETE,Clinic Portal,profile/account,clinic-portal/src/features/clinical-presentation/messages.ts#backPatients,No,No,No,Explicit Arabic and Badini catalog values; no supported-locale English spread fallback.
S13U-0204,Back to Patients,معلومات,زانیاری,COMPLETE,Clinic Portal,profile/account,clinic-portal/src/i18n/index.ts#backToPatients,No,No,No,Explicit Arabic and Badini catalog values; no supported-locale English spread fallback.
S13U-0205,Badini Kurdish,الكردية البادينية,کوردی بادینی,COMPLETE,Clinic Portal; Flutter,doctor portal,"clinic-portal/src/features/doctor-settings/presentation/messages.ts#badini; mobile/lib/l10n/app_{en,ar,ku}.arb#badiniKurdish",No,No,No,Explicit Arabic and Badini catalog values; no supported-locale English spread fallback.
S13U-0206,Bearer access token is required.,,,MACHINE_CONTRACT,Backend user-visible,authentication,backend/src/modules/identity/presentation/jwt-auth.guard.ts:174,No,No,No,Sprint 13U backend boundary classification: MACHINE_CONTRACT.
S13U-0207,Bearer access token. Query-string tokens are unsupported.,,,USER_VISIBLE,Backend user-visible,notifications,backend/src/modules/notifications/presentation/notifications.controller.ts:120,No,No,Yes,Sprint 13U backend boundary classification: USER_VISIBLE.
S13U-0208,"Bearer token is missing, invalid, or expired.",,,USER_VISIBLE,Backend user-visible,administration,backend/src/modules/administration/presentation/administration.controller.ts:59; backend/src/modules/doctors/presentation/doctors.controller.ts:45; backend/src/modules/patients/presentation/patients.controller.ts:51,No,No,Yes,Sprint 13U backend boundary classification: USER_VISIBLE.
S13U-0209,Billing,الفوترة,حیسابکرن,COMPLETE,Clinic Portal,billing,clinic-portal/src/features/billing/presentation/messages.ts#billing; clinic-portal/src/features/portal-foundation/presentation/foundation-messages.ts#billing,No,No,No,Explicit Arabic and Badini catalog values; no supported-locale English spread fallback.
S13U-0210,Billing access requires an organization.,,,MACHINE_CONTRACT,Backend user-visible,billing,backend/src/modules/billing/application/billing.service.ts:150,No,No,No,Sprint 13U backend boundary classification: MACHINE_CONTRACT.
S13U-0211,Billing cursor is invalid.,,,MACHINE_CONTRACT,Backend user-visible,billing,backend/src/modules/billing/application/billing.service.ts:220,No,No,No,Sprint 13U backend boundary classification: MACHINE_CONTRACT.
S13U-0212,Billing is unavailable. Try again.,الفوترة غير متاحة حاليًا.,حیسابکرن بەردەست نینە. دیسان هەول بدە.,COMPLETE,Clinic Portal,billing,clinic-portal/src/features/billing/presentation/messages.ts#unavailable,No,No,No,Explicit Arabic and Badini catalog values; no supported-locale English spread fallback.
S13U-0213,Billing organization scope does not match the session.,,,MACHINE_CONTRACT,Backend user-visible,billing,backend/src/modules/billing/application/billing.service.ts:158,No,No,No,Sprint 13U backend boundary classification: MACHINE_CONTRACT.
S13U-0214,Billing page size must be between 1 and 100.,,,MACHINE_CONTRACT,Backend user-visible,billing,backend/src/modules/billing/application/billing.service.ts:90,No,No,No,Sprint 13U backend boundary classification: MACHINE_CONTRACT.
S13U-0215,Billing plan assignment is stale.,,,MACHINE_CONTRACT,Backend user-visible,billing,backend/src/modules/billing/infrastructure/prisma-billing.repository.ts:90; backend/src/modules/billing/infrastructure/prisma-billing.repository.ts:92,No,No,No,Sprint 13U backend boundary classification: MACHINE_CONTRACT.
S13U-0216,Billing plan assignment version or effective date is stale.,,,MACHINE_CONTRACT,Backend user-visible,billing,backend/src/modules/billing/infrastructure/prisma-billing.repository.ts:78,No,No,No,Sprint 13U backend boundary classification: MACHINE_CONTRACT.
S13U-0217,Billing plan management requires platform administration.,,,MACHINE_CONTRACT,Backend user-visible,billing,backend/src/modules/billing/application/billing.service.ts:61,No,No,No,Sprint 13U backend boundary classification: MACHINE_CONTRACT.
S13U-0218,Billing plan was not found.,,,MACHINE_CONTRACT,Backend user-visible,billing,backend/src/modules/billing/application/billing.service.ts:36,No,No,No,Sprint 13U backend boundary classification: MACHINE_CONTRACT.
S13U-0219,Billing records only. No payment or settlement is collected here.,معلومات,ئەڤە تنێ تومارێن حیسابکرنێ نە. ل ڤێرێ چ پارەدان یان رێکخستنا پارەیی ناهێتە ئەنجامدان.,COMPLETE,Clinic Portal,billing,clinic-portal/src/features/billing/presentation/messages.ts#noPayment,No,No,No,Explicit Arabic and Badini catalog values; no supported-locale English spread fallback.
S13U-0220,Billing rule,قاعدة الفوترة,یاسایا حیسابکرنێ,COMPLETE,Clinic Portal,billing,clinic-portal/src/features/billing/presentation/messages.ts#rule,No,No,No,Explicit Arabic and Badini catalog values; no supported-locale English spread fallback.
S13U-0221,Billing statement is already finalized.,,,MACHINE_CONTRACT,Backend user-visible,billing,backend/src/modules/billing/infrastructure/prisma-billing.repository.ts:211,No,No,No,Sprint 13U backend boundary classification: MACHINE_CONTRACT.
S13U-0222,Billing statement version is stale.,,,MACHINE_CONTRACT,Backend user-visible,billing,backend/src/modules/billing/infrastructure/prisma-billing.repository.ts:213; backend/src/modules/billing/infrastructure/prisma-billing.repository.ts:258,No,No,No,Sprint 13U backend boundary classification: MACHINE_CONTRACT.
S13U-0223,Billing statement was not found.,,,MACHINE_CONTRACT,Backend user-visible,billing,backend/src/modules/billing/application/billing.service.ts:113; backend/src/modules/billing/infrastructure/prisma-billing.repository.ts:209,No,No,No,Sprint 13U backend boundary classification: MACHINE_CONTRACT.
S13U-0224,Billing timezone,المنطقة الزمنية للفوترة,ناوچەیا دەمێ حیسابکرنێ,COMPLETE,Clinic Portal,billing,clinic-portal/src/features/billing/presentation/messages.ts#timezone,No,No,No,Explicit Arabic and Badini catalog values; no supported-locale English spread fallback.
S13U-0225,Book,احجز,ژڤانی بگرە,COMPLETE,Flutter,shared,"mobile/lib/l10n/app_{en,ar,ku}.arb#book",No,No,No,Explicit Arabic and Badini catalog values; no supported-locale English spread fallback.
S13U-0226,Book Again,احجز مجددًا,دووبارە ژڤانی بگرە,COMPLETE,Flutter,shared,"mobile/lib/l10n/app_{en,ar,ku}.arb#bookAgain",No,No,No,Explicit Arabic and Badini catalog values; no supported-locale English spread fallback.
S13U-0227,Book appointment,حجز موعد,ژڤانی بگرە,COMPLETE,Flutter,appointments,"mobile/lib/l10n/app_{en,ar,ku}.arb#bookAppointment",No,No,No,Explicit Arabic and Badini catalog values; no supported-locale English spread fallback.
S13U-0228,Book your first visit with a trusted doctor.,احجز زيارتك الأولى مع طبيب موثوق.,سەردانا خۆ یا ئێکێ ل گەل نوژدارەکێ باوەرپێکری بگرە.,COMPLETE,Flutter,appointments,"mobile/lib/l10n/app_{en,ar,ku}.arb#firstAppointmentBody",No,No,No,Explicit Arabic and Badini catalog values; no supported-locale English spread fallback.
S13U-0229,Booking date window is invalid.,,,MACHINE_CONTRACT,Backend user-visible,appointments,backend/src/modules/appointments/application/appointment.service.ts:480; backend/src/modules/appointments/application/appointment.service.ts:89,No,No,No,Sprint 13U backend boundary classification: MACHINE_CONTRACT.
S13U-0230,Booking date window must not exceed 31 days.,,,MACHINE_CONTRACT,Backend user-visible,appointments,backend/src/modules/appointments/application/appointment.service.ts:487,No,No,No,Sprint 13U backend boundary classification: MACHINE_CONTRACT.
S13U-0231,Booking For,الحجز لـ,ژڤان بو,COMPLETE,Flutter,appointments,"mobile/lib/l10n/app_{en,ar,ku}.arb#bookingFor",No,No,No,Explicit Arabic and Badini catalog values; no supported-locale English spread fallback.
S13U-0232,Booking options are patient-only.,,,MACHINE_CONTRACT,Backend user-visible,appointments,backend/src/modules/appointments/application/appointment.service.ts:63; backend/src/modules/appointments/presentation/booking-options.controller.ts:64,No,No,No,Sprint 13U backend boundary classification: MACHINE_CONTRACT.
S13U-0233,Booking options were not found.,,,MACHINE_CONTRACT,Backend user-visible,appointments,backend/src/modules/appointments/application/appointment.service.ts:75,No,No,No,Sprint 13U backend boundary classification: MACHINE_CONTRACT.
S13U-0234,Booking unavailable,الحجز غير متاح,گرتنا ژڤانی بەردەست نینە,COMPLETE,Flutter,appointments,"mobile/lib/l10n/app_{en,ar,ku}.arb#bookingUnavailable",No,No,No,Explicit Arabic and Badini catalog values; no supported-locale English spread fallback.
S13U-0235,Booking will be available in the next release.,سيصبح الحجز متاحاً في الإصدار القادم.,حجزکرن د وەشانێ داهاتی دا بەردەست دبیت.,COMPLETE,Flutter,appointments,"mobile/lib/l10n/app_{en,ar,ku}.arb#bookingComingSoon",No,No,No,Explicit Arabic and Badini catalog values; no supported-locale English spread fallback.
S13U-0236,Break,استراحة,بێهنڤەدان,COMPLETE,Clinic Portal,doctor portal,clinic-portal/src/features/doctor-schedule/presentation/messages.ts#breakStatus,No,No,No,Explicit Arabic and Badini catalog values; no supported-locale English spread fallback.
S13U-0237,Break reminder,معلومات,زانیاری,COMPLETE,Clinic Portal,doctor portal,clinic-portal/src/features/doctor-notifications/presentation/messages.ts#breakReminder,No,No,No,Explicit Arabic and Badini catalog values; no supported-locale English spread fallback.
S13U-0238,Breaks,فترات الاستراحة,بێهنڤەدان,COMPLETE,Clinic Portal,doctor portal,clinic-portal/src/features/doctor-schedule/presentation/messages.ts#breaks,No,No,No,Explicit Arabic and Badini catalog values; no supported-locale English spread fallback.
S13U-0239,Build mode,وضع الإصدار,شێوازێ وەشانێ,COMPLETE,Clinic Portal,doctor portal,clinic-portal/src/features/doctor-settings/presentation/messages.ts#buildMode,No,No,No,Explicit Arabic and Badini catalog values; no supported-locale English spread fallback.
S13U-0240,Built for patients across Kurdistan and Iraq,مصمم للمرضى في كردستان والعراق,بۆ نەخۆشێن کوردستان و عیراقێ هاتیە چێکرن,COMPLETE,Flutter,profile/account,"mobile/lib/l10n/app_{en,ar,ku}.arb#welcomeTrust",No,No,No,Explicit Arabic and Badini catalog values; no supported-locale English spread fallback.
S13U-0241,Busy,مشغول,مژویل,COMPLETE,Clinic Portal,doctor portal,clinic-portal/src/features/doctor-settings/presentation/messages.ts#busy; clinic-portal/src/features/doctor/presentation/messages.ts#busy; clinic-portal/src/features/live-queue/presentation/messages.ts#busy,No,No,No,Explicit Arabic and Badini catalog values; no supported-locale English spread fallback.
S13U-0242,Busy afternoon,معلومات,زانیاری,COMPLETE,Clinic Portal,doctor portal,clinic-portal/src/features/doctor-schedule/presentation/messages.ts#busyAfternoon,No,No,No,Explicit Arabic and Badini catalog values; no supported-locale English spread fallback.
S13U-0243,Call Next,استدعاء المريض التالي,نەخوشێ ل دویفرا بانگ بکە,COMPLETE,Clinic Portal,queue,clinic-portal/src/features/live-queue/presentation/messages.ts#callNext,No,No,No,Explicit Arabic and Badini catalog values; no supported-locale English spread fallback.
S13U-0244,Call next,استدعاء المريض التالي,نەخوشێ ل دویفرا بانگ بکە,COMPLETE,Clinic Portal,queue,clinic-portal/src/features/live-queue/presentation/production-messages.ts#callNext,No,No,No,Explicit Arabic and Badini catalog values; no supported-locale English spread fallback.
S13U-0245,Called,تم الاستدعاء,هاتە بانگکرن,COMPLETE,Clinic Portal,queue,clinic-portal/src/features/live-queue/presentation/messages.ts#called; clinic-portal/src/features/live-queue/presentation/production-messages.ts#called,No,No,No,Explicit Arabic and Badini catalog values; no supported-locale English spread fallback.
S13U-0246,Cancel,إلغاء,ب هەلوەشینە,COMPLETE,Clinic Portal; Flutter,billing,"clinic-portal/src/features/administration/presentation/messages.ts#cancel; clinic-portal/src/features/arrivals/presentation/messages.ts#cancel; clinic-portal/src/features/billing/presentation/messages.ts#cancel; clinic-portal/src/features/live-queue/presentation/production-messages.ts#cancel; mobile/lib/l10n/app_{en,ar,ku}.arb#cancel",No,No,No,Explicit Arabic and Badini catalog values; no supported-locale English spread fallback.
S13U-0247,Cancel appointment,إلغاء الموعد,ژوانی هەلوەشێنە,COMPLETE,Clinic Portal; Flutter,appointments,"clinic-portal/src/features/clinical-presentation/messages.ts#cancel; mobile/lib/l10n/app_{en,ar,ku}.arb#cancelAppointment",No,No,No,Explicit Arabic and Badini catalog values; no supported-locale English spread fallback.
S13U-0248,Cancel this appointment?,هل تريد إلغاء الموعد؟,ژوانی هەلوەشێنی؟,COMPLETE,Clinic Portal,appointments,clinic-portal/src/features/clinical-presentation/messages.ts#cancelTitle,No,No,No,Explicit Arabic and Badini catalog values; no supported-locale English spread fallback.
S13U-0249,Cancellation reason,سبب الإلغاء,ئەگەرێ هەلوەشاندنێ,COMPLETE,Flutter,appointments,"mobile/lib/l10n/app_{en,ar,ku}.arb#cancellationReason",No,No,No,Explicit Arabic and Badini catalog values; no supported-locale English spread fallback.
S13U-0250,Cancelled,ملغى,هەلوەشای,COMPLETE,Clinic Portal; Flutter,appointments,"clinic-portal/src/features/clinical-presentation/messages.ts#cancelled; mobile/lib/l10n/app_{en,ar,ku}.arb#cancelled",No,No,No,Explicit Arabic and Badini catalog values; no supported-locale English spread fallback.
S13U-0251,"Cancelled, completed, or no-show appointments cannot arrive.",,,MACHINE_CONTRACT,Backend user-visible,appointments,backend/src/modules/arrivals/application/arrival.service.ts:75; backend/src/modules/arrivals/infrastructure/prisma-arrival.repository.ts:180,No,No,No,Sprint 13U backend boundary classification: MACHINE_CONTRACT.
S13U-0252,Change language,تغيير اللغة,زمانی بگهورە,COMPLETE,Clinic Portal,doctor portal,clinic-portal/src/features/doctor/presentation/messages.ts#language; clinic-portal/src/i18n/index.ts#language,No,No,No,Explicit Arabic and Badini catalog values; no supported-locale English spread fallback.
S13U-0253,Change number,تغيير الرقم,ژمارێ بگۆڕە,COMPLETE,Flutter,shared,"mobile/lib/l10n/app_{en,ar,ku}.arb#changeNumber",No,No,No,Explicit Arabic and Badini catalog values; no supported-locale English spread fallback.
S13U-0254,Check availability,تحقق من المواعيد المتاحة,ژڤانێن بەردەست ب پشکنە,COMPLETE,Flutter,shared,"mobile/lib/l10n/app_{en,ar,ku}.arb#checkAvailability",No,No,No,Explicit Arabic and Badini catalog values; no supported-locale English spread fallback.
S13U-0255,Check the appointment information and try again.,تحقق من معلومات الموعد وحاول مجدداً.,زانیاریێن ژوانی بپشکنە و دیسان هەول بدە.,COMPLETE,Clinic Portal,appointments,clinic-portal/src/features/arrivals/presentation/messages.ts#validation,No,No,No,Explicit Arabic and Badini catalog values; no supported-locale English spread fallback.
S13U-0256,Check the information and try again.,راجع المعلومات وحاول مجدداً.,زانیارییان بپشکنە و دیسان هەول بدە,COMPLETE,Clinic Portal; Flutter,appointments,"clinic-portal/src/features/clinical-presentation/messages.ts#validation; clinic-portal/src/features/live-queue/presentation/production-messages.ts#validation; mobile/lib/l10n/app_{en,ar,ku}.arb#appointmentValidation",No,No,No,Explicit Arabic and Badini catalog values; no supported-locale English spread fallback.
S13U-0257,"Check the name, phone number, or patient ID and try again.",تعذر عرض المعلومات حالياً.,نەخوش، نوژدار، ژمارا موبایلێ یان ژمارا ژڤانێ بپشکنە,COMPLETE,Clinic Portal,profile/account,clinic-portal/src/i18n/index.ts#noResultsBody,No,No,No,Explicit Arabic and Badini catalog values; no supported-locale English spread fallback.
S13U-0258,"Check the patient, doctor, phone, or appointment ID.",تعذر عرض المعلومات حالياً.,نەخوش، نوژدار، ژمارا موبایلێ یان ژمارا ژڤانێ بپشکنە,COMPLETE,Clinic Portal,appointments,clinic-portal/src/i18n/index.ts#noResultsBody,No,No,No,Explicit Arabic and Badini catalog values; no supported-locale English spread fallback.
S13U-0259,Check your booking details and try again.,راجع تفاصيل الحجز وحاول مرة أخرى.,هویرکاتیێن گرتنا ژڤانی بپشکنە و دیسان هەول بدە,COMPLETE,Flutter,appointments,"mobile/lib/l10n/app_{en,ar,ku}.arb#bookingValidationFailure",No,No,No,Explicit Arabic and Badini catalog values; no supported-locale English spread fallback.
S13U-0260,Check your connection and try again.,تحقق من اتصالك وحاول مجدداً.,پەیوەندییا ئینتەرنێتێ بپشکنە و دیسان هەول بدە.,COMPLETE,Flutter,shared,"mobile/lib/l10n/app_{en,ar,ku}.arb#offlineBody",No,No,No,Explicit Arabic and Badini catalog values; no supported-locale English spread fallback.
S13U-0261,Checked in,تم تسجيل الوصول,هاتن هاتە تومارکرن,COMPLETE,Clinic Portal,shared,clinic-portal/src/i18n/index.ts#checkedIn; clinic-portal/src/i18n/index.ts#checkedInEvent,No,No,No,Explicit Arabic and Badini catalog values; no supported-locale English spread fallback.
S13U-0262,Checked-in patients,تم تسجيل الوصول,هاتن هاتە تومارکرن,COMPLETE,Clinic Portal,profile/account,clinic-portal/src/i18n/index.ts#checkedIn,No,No,No,Explicit Arabic and Badini catalog values; no supported-locale English spread fallback.
S13U-0263,Choose,اختيار,هەلبژارتن,COMPLETE,Clinic Portal,queue,clinic-portal/src/features/live-queue/presentation/production-messages.ts#choose,No,No,No,Explicit Arabic and Badini catalog values; no supported-locale English spread fallback.
S13U-0264,Choose a clinic,اختر العيادة,کلینیکەکێ ب هەلبژێرە,COMPLETE,Flutter,clinic management,"mobile/lib/l10n/app_{en,ar,ku}.arb#chooseClinic",No,No,No,Explicit Arabic and Badini catalog values; no supported-locale English spread fallback.
S13U-0265,Choose a date,اختر التاريخ,رێکەفتەکێ ب هەلبژێرە,COMPLETE,Flutter,shared,"mobile/lib/l10n/app_{en,ar,ku}.arb#chooseDate",No,No,No,Explicit Arabic and Badini catalog values; no supported-locale English spread fallback.
S13U-0266,Choose a new date and time,اختر تاريخًا ووقتًا جديدين,رێکەفت و دەمەکێ نوی ب هەلبژێرە,COMPLETE,Flutter,shared,"mobile/lib/l10n/app_{en,ar,ku}.arb#chooseNewDateTime",No,No,No,Explicit Arabic and Badini catalog values; no supported-locale English spread fallback.
S13U-0267,Choose a notification to view its details.,معلومات,ئاگەهدارییەکێ ب هەلبژێرە دا هویرکاتیێن وێ ببینی.,COMPLETE,Clinic Portal,doctor portal,clinic-portal/src/features/doctor-notifications/presentation/messages.ts#selectNotification,No,No,No,Explicit Arabic and Badini catalog values; no supported-locale English spread fallback.
S13U-0268,Choose a time,اختر الوقت,دەمەکی ب هەلبژێرە,COMPLETE,Flutter,shared,"mobile/lib/l10n/app_{en,ar,ku}.arb#chooseTime",No,No,No,Explicit Arabic and Badini catalog values; no supported-locale English spread fallback.
S13U-0269,Choose an appointment,اختر موعداً,ژڤانیەکێ هەلبژێرە,COMPLETE,Flutter,appointments,"mobile/lib/l10n/app_{en,ar,ku}.arb#chooseAppointment",No,No,No,Explicit Arabic and Badini catalog values; no supported-locale English spread fallback.
S13U-0270,Choose an organization,اختر مؤسسة,رێکخراوەکێ ب هەلبژێرە,COMPLETE,Clinic Portal,billing,clinic-portal/src/features/billing/presentation/messages.ts#chooseOrganization,No,No,No,Explicit Arabic and Badini catalog values; no supported-locale English spread fallback.
S13U-0271,Choose another active patient before archiving this profile.,,,MACHINE_CONTRACT,Backend user-visible,profile/account,backend/src/modules/patients/application/patient.service.ts:223,No,No,No,Sprint 13U backend boundary classification: MACHINE_CONTRACT.
S13U-0272,Choose doctor,اختر الطبيب,نوژداری هەلبژێرە,COMPLETE,Clinic Portal,queue,clinic-portal/src/features/live-queue/presentation/production-messages.ts#selectDoctor,No,No,No,Explicit Arabic and Badini catalog values; no supported-locale English spread fallback.
S13U-0273,Choose Patient,اختر المريض,نەخوشەکی ب هەلبژێرە,COMPLETE,Flutter,profile/account,"mobile/lib/l10n/app_{en,ar,ku}.arb#choosePatient",No,No,No,Explicit Arabic and Badini catalog values; no supported-locale English spread fallback.
S13U-0274,Choose real dates and make sure From is not after To.,معلومات,رێکەفتێن دروست ب هەلبژێرە و پشتراست بکە رێکەفتا دەستپێکێ پشتی رێکەفتا دووماهیێ نەبیت,COMPLETE,Clinic Portal,clinic management,clinic-portal/src/features/clinical-presentation/messages.ts#dateRangeInvalid,No,No,No,Explicit Arabic and Badini catalog values; no supported-locale English spread fallback.
S13U-0275,Choose your language,اختر لغتك,زمانێ خو ب هەلبژێرە,COMPLETE,Flutter,home/navigation,"mobile/lib/l10n/app_{en,ar,ku}.arb#chooseLanguage",No,No,No,Explicit Arabic and Badini catalog values; no supported-locale English spread fallback.
S13U-0276,Clear filters,مسح عوامل التصفية,جوداکرنێ پاک بکە,COMPLETE,Flutter,shared,"mobile/lib/l10n/app_{en,ar,ku}.arb#clearFilters",No,No,No,Explicit Arabic and Badini catalog values; no supported-locale English spread fallback.
S13U-0277,Clear search,مسح البحث,گەریانێ پاک بکە,COMPLETE,Clinic Portal; Flutter,shared,"clinic-portal/src/i18n/index.ts#clearSearch; mobile/lib/l10n/app_{en,ar,ku}.arb#clearSearch",No,No,No,Explicit Arabic and Badini catalog values; no supported-locale English spread fallback.
S13U-0278,Clinic,العيادة,کلینیک,COMPLETE,Clinic Portal; Flutter,billing,"clinic-portal/src/features/administration/presentation/messages.ts#clinic; clinic-portal/src/features/arrivals/presentation/messages.ts#clinic; clinic-portal/src/features/billing/presentation/messages.ts#clinic; clinic-portal/src/features/clinical-presentation/messages.ts#clinic; clinic-portal/src/features/doctor-patients/presentation/messages.ts#clinic; clinic-portal/src/features/doctor-schedule/presentation/messages.ts#clinic; clinic-portal/src/features/doctor-settings/presentation/messages.ts#clinic; clinic-portal/src/features/doctor/presentation/messages.ts#clinic; clinic-portal/src/i18n/index.ts#clinic; clinic-portal/src/i18n/index.ts#clinicDetails; mobile/lib/l10n/app_{en,ar,ku}.arb#clinic",No,No,No,Explicit Arabic and Badini catalog values; no supported-locale English spread fallback.
S13U-0279,Clinic announcement,إعلان من العيادة,راگەهاندنا کلینیکێ,COMPLETE,Clinic Portal,doctor portal,clinic-portal/src/features/doctor-notifications/presentation/messages.ts#announcement,No,No,No,Explicit Arabic and Badini catalog values; no supported-locale English spread fallback.
S13U-0280,Clinic announcements,إعلانات العيادة,راگەهاندنێن کلینیکێ,COMPLETE,Clinic Portal,doctor portal,clinic-portal/src/features/doctor-settings/presentation/messages.ts#clinicAnnouncements,No,No,No,Explicit Arabic and Badini catalog values; no supported-locale English spread fallback.
S13U-0281,Clinic breakdown,تفصيل حسب العيادة,جوداکرنا کلینیکان,COMPLETE,Clinic Portal,billing,clinic-portal/src/features/billing/presentation/messages.ts#breakdown,No,No,No,Explicit Arabic and Badini catalog values; no supported-locale English spread fallback.
S13U-0282,Clinic code,رمز العيادة,کودێ کلینیکێ,COMPLETE,Clinic Portal,administration,clinic-portal/src/features/administration/presentation/messages.ts#clinicCode,No,No,No,Explicit Arabic and Badini catalog values; no supported-locale English spread fallback.
S13U-0283,Clinic code already exists in the organization or the idempotency key conflicts.,,,USER_VISIBLE,Backend user-visible,administration,backend/src/modules/administration/presentation/administration.controller.ts:146,No,No,Yes,Sprint 13U backend boundary classification: USER_VISIBLE.
S13U-0284,Clinic code already exists in this organization.,,,MACHINE_CONTRACT,Backend user-visible,administration,backend/src/modules/administration/infrastructure/prisma-administration.repository.ts:204; backend/src/modules/administration/infrastructure/prisma-administration.repository.ts:98,No,No,No,Sprint 13U backend boundary classification: MACHINE_CONTRACT.
S13U-0285,Clinic created,تم إنشاء العيادة,کلینیک هاتە دروستکرن,COMPLETE,Clinic Portal,administration,clinic-portal/src/features/administration/presentation/messages.ts#clinicCreated,No,No,No,Explicit Arabic and Badini catalog values; no supported-locale English spread fallback.
S13U-0286,Clinic does not match the authenticated tenant.,,,MACHINE_CONTRACT,Backend user-visible,doctor portal,backend/src/modules/doctors/application/doctor-schedule.service.ts:192,No,No,No,Sprint 13U backend boundary classification: MACHINE_CONTRACT.
S13U-0287,Clinic filter does not match the authenticated tenant.,,,MACHINE_CONTRACT,Backend user-visible,authentication,backend/src/modules/doctors/application/doctor.service.ts:172,No,No,No,Sprint 13U backend boundary classification: MACHINE_CONTRACT.
S13U-0288,Clinic Information,معلومات العيادة,زانیاریێن کلینیکێ,COMPLETE,Clinic Portal,doctor portal,clinic-portal/src/features/doctor-settings/presentation/messages.ts#clinicInformation,No,No,No,Explicit Arabic and Badini catalog values; no supported-locale English spread fallback.
S13U-0289,"Clinic is absent, inactive, or outside the tenant.",,,USER_VISIBLE,Backend user-visible,clinic management,backend/src/modules/doctors/presentation/clinic-hours.controller.ts:50,No,No,Yes,Sprint 13U backend boundary classification: USER_VISIBLE.
S13U-0290,Clinic is inactive or unavailable.,,,MACHINE_CONTRACT,Backend user-visible,appointments,backend/src/modules/appointments/infrastructure/prisma-appointment.repository.ts:145,No,No,No,Sprint 13U backend boundary classification: MACHINE_CONTRACT.
S13U-0291,Clinic is inactive.,,,MACHINE_CONTRACT,Backend user-visible,queue,backend/src/modules/arrivals/infrastructure/prisma-arrival.repository.ts:186,No,No,No,Sprint 13U backend boundary classification: MACHINE_CONTRACT.
S13U-0292,Clinic Management,إدارة العيادة,بەڕێڤەبرنا کلینیکێ,COMPLETE,Clinic Portal,clinic management,clinic-portal/src/features/portal-foundation/presentation/foundation-messages.ts#clinicManagement,No,No,No,Explicit Arabic and Badini catalog values; no supported-locale English spread fallback.
S13U-0293,Clinic management published a staff notice.,معلومات واضحة وآمنة.,رێڤەبەرییا کلینیکێ راگەهاندنەک بو کارمەندان بەلاڤ کر.,COMPLETE,Clinic Portal,doctor portal,clinic-portal/src/features/doctor-notifications/presentation/messages.ts#announcementDescription,No,No,No,Explicit Arabic and Badini catalog values; no supported-locale English spread fallback.
S13U-0294,Clinic manager,مدير العيادة,بەڕێڤەبەرێ کلینیکێ,COMPLETE,Clinic Portal,clinic management,clinic-portal/src/features/portal-foundation/presentation/foundation-messages.ts#clinicManager,No,No,No,Explicit Arabic and Badini catalog values; no supported-locale English spread fallback.
S13U-0295,Clinic name,اسم العيادة,ناڤێ کلینیکێ,COMPLETE,Clinic Portal,administration,clinic-portal/src/features/administration/presentation/messages.ts#clinicName,No,No,No,Explicit Arabic and Badini catalog values; no supported-locale English spread fallback.
S13U-0296,Clinic open,العيادة مفتوحة,کلینیک ڤەکرییە,COMPLETE,Clinic Portal,clinic management,clinic-portal/src/i18n/index.ts#clinicOpen,No,No,No,Explicit Arabic and Badini catalog values; no supported-locale English spread fallback.
S13U-0297,Clinic Queue Status,حالة قائمة انتظار العيادة,رەوش,COMPLETE,Clinic Portal,queue,clinic-portal/src/features/live-queue/presentation/messages.ts#clinicQueueStatus,No,No,No,Explicit Arabic and Badini catalog values; no supported-locale English spread fallback.
S13U-0298,Clinic tenant context is required.,,,MACHINE_CONTRACT,Backend user-visible,queue,backend/src/modules/queue/infrastructure/prisma-queue.repository.ts:830,No,No,No,Sprint 13U backend boundary classification: MACHINE_CONTRACT.
S13U-0299,Clinic timezone configuration is incompatible with this runtime.,,,MACHINE_CONTRACT,Backend user-visible,clinic management,backend/src/infrastructure/health/health.controller.ts:39,No,No,No,Sprint 13U backend boundary classification: MACHINE_CONTRACT.
S13U-0300,Clinic timezone configuration is invalid.,,,MACHINE_CONTRACT,Backend user-visible,queue,backend/src/modules/queue/infrastructure/prisma-queue.repository.ts:365,No,No,No,Sprint 13U backend boundary classification: MACHINE_CONTRACT.
S13U-0301,Clinic timezone is invalid.,,,MACHINE_CONTRACT,Backend user-visible,administration,backend/src/modules/administration/application/administration.service.ts:136,No,No,No,Sprint 13U backend boundary classification: MACHINE_CONTRACT.
S13U-0302,Clinic to evaluate. Staff are restricted to their authenticated clinic.,,,USER_VISIBLE,Backend user-visible,doctor portal,backend/src/modules/doctors/presentation/doctor-schedule.dto.ts:8,No,No,Yes,Sprint 13U backend boundary classification: USER_VISIBLE.
S13U-0303,Clinic was not found.,,,USER_VISIBLE,Backend user-visible,administration,backend/src/modules/administration/application/administration.service.ts:120; backend/src/modules/administration/presentation/administration.controller.ts:167; backend/src/modules/queue/infrastructure/prisma-queue.repository.ts:74,No,No,Yes,Sprint 13U backend boundary classification: USER_VISIBLE.
S13U-0304,Clinic working hours were not found.,,,MACHINE_CONTRACT,Backend user-visible,doctor portal,backend/src/modules/doctors/application/doctor-schedule.service.ts:86,No,No,No,Sprint 13U backend boundary classification: MACHINE_CONTRACT.
S13U-0305,Clinics,العيادات,کلینیک,COMPLETE,Clinic Portal; Flutter,administration,"clinic-portal/src/features/administration/presentation/messages.ts#clinics; clinic-portal/src/features/portal-foundation/presentation/foundation-messages.ts#clinics; mobile/lib/l10n/app_{en,ar,ku}.arb#clinicsLabel",No,No,No,Explicit Arabic and Badini catalog values; no supported-locale English spread fallback.
S13U-0306,Clinics in organization,عيادات المؤسسة,کلینیکێن رێکخراوێ,COMPLETE,Clinic Portal,administration,clinic-portal/src/features/administration/presentation/messages.ts#clinicsInOrganization,No,No,No,Explicit Arabic and Badini catalog values; no supported-locale English spread fallback.
S13U-0307,Close,إغلاق,بگرە,COMPLETE,Clinic Portal,clinic management,clinic-portal/src/features/clinical-presentation/messages.ts#close,No,No,No,Explicit Arabic and Badini catalog values; no supported-locale English spread fallback.
S13U-0308,Close navigation,إغلاق التنقل,مێنوی بگرە,COMPLETE,Clinic Portal,home/navigation,clinic-portal/src/features/portal-foundation/presentation/foundation-messages.ts#closeMenu,No,No,No,Explicit Arabic and Badini catalog values; no supported-locale English spread fallback.
S13U-0309,Close queue,إغلاق قائمة الانتظار,رێزبەندیێ بگرە,COMPLETE,Clinic Portal,queue,clinic-portal/src/features/live-queue/presentation/production-messages.ts#close,No,No,No,Explicit Arabic and Badini catalog values; no supported-locale English spread fallback.
S13U-0310,Closed,مغلق,گرتی,COMPLETE,Clinic Portal,doctor portal,clinic-portal/src/features/doctor/presentation/messages.ts#closed; clinic-portal/src/features/live-queue/presentation/messages.ts#closed; clinic-portal/src/features/live-queue/presentation/production-messages.ts#closed,No,No,No,Explicit Arabic and Badini catalog values; no supported-locale English spread fallback.
S13U-0311,Commission amount,قيمة العمولة,بهایێ کومیسیونێ,COMPLETE,Clinic Portal,billing,clinic-portal/src/features/billing/presentation/messages.ts#amount,No,No,No,Explicit Arabic and Badini catalog values; no supported-locale English spread fallback.
S13U-0312,Commissions,العمولات,کومیسیون,COMPLETE,Clinic Portal,billing,clinic-portal/src/features/billing/presentation/messages.ts#commissions,No,No,No,Explicit Arabic and Badini catalog values; no supported-locale English spread fallback.
S13U-0313,Complete Consultation,إكمال الاستشارة,پشکنینێ تەمام بکە,COMPLETE,Clinic Portal,doctor portal,clinic-portal/src/features/doctor/presentation/messages.ts#completeConsultation; clinic-portal/src/features/live-queue/presentation/messages.ts#completeConsultation,No,No,No,Explicit Arabic and Badini catalog values; no supported-locale English spread fallback.
S13U-0314,Complete this consultation? The patient will leave the active queue.,معلومات,زانیاری,COMPLETE,Clinic Portal,doctor portal,clinic-portal/src/features/doctor/presentation/messages.ts#confirmComplete; clinic-portal/src/features/live-queue/presentation/messages.ts#confirmComplete,No,No,No,Explicit Arabic and Badini catalog values; no supported-locale English spread fallback.
S13U-0315,Completed,مكتمل,تەمامبووی,COMPLETE,Clinic Portal; Flutter,doctor portal,"clinic-portal/src/features/clinical-presentation/messages.ts#completed; clinic-portal/src/features/doctor-schedule/presentation/messages.ts#completed; clinic-portal/src/features/live-queue/presentation/production-messages.ts#completed; clinic-portal/src/i18n/index.ts#completed; clinic-portal/src/i18n/index.ts#completedEvent; mobile/lib/l10n/app_{en,ar,ku}.arb#completed",No,No,No,Explicit Arabic and Badini catalog values; no supported-locale English spread fallback.
S13U-0316,Completion date,تاريخ الإكمال,رێکەفتا تەمامبوونێ,COMPLETE,Clinic Portal,billing,clinic-portal/src/features/billing/presentation/messages.ts#completion,No,No,No,Explicit Arabic and Badini catalog values; no supported-locale English spread fallback.
S13U-0317,Confirm,تأكيد,پشتراست بکە,COMPLETE,Clinic Portal,clinic management,clinic-portal/src/features/clinical-presentation/messages.ts#confirmAction,No,No,No,Explicit Arabic and Badini catalog values; no supported-locale English spread fallback.
S13U-0318,Confirm appointment,تأكيد الموعد,ژڤانێ پشتراست بکە,COMPLETE,Flutter,appointments,"mobile/lib/l10n/app_{en,ar,ku}.arb#confirmAppointment",No,No,No,Explicit Arabic and Badini catalog values; no supported-locale English spread fallback.
S13U-0319,Confirm arrival,تأكيد الوصول,هاتنێ پشتراست بکە,COMPLETE,Clinic Portal,queue,clinic-portal/src/features/arrivals/presentation/messages.ts#confirm,No,No,No,Explicit Arabic and Badini catalog values; no supported-locale English spread fallback.
S13U-0320,Confirm arrival at reception,معلومات,زانیاری,COMPLETE,Clinic Portal,queue,clinic-portal/src/i18n/index.ts#confirm,No,No,No,Explicit Arabic and Badini catalog values; no supported-locale English spread fallback.
S13U-0321,Confirm cancellation,تأكيد الإلغاء,هەلوەشاندنێ پشتراست بکە,COMPLETE,Flutter,appointments,"mobile/lib/l10n/app_{en,ar,ku}.arb#confirmCancellation",No,No,No,Explicit Arabic and Badini catalog values; no supported-locale English spread fallback.
S13U-0322,Confirm finalization,تأكيد الاعتماد النهائي,دووماهی هاتنێ پشتراست بکە,COMPLETE,Clinic Portal,billing,clinic-portal/src/features/billing/presentation/messages.ts#confirm,No,No,No,Explicit Arabic and Badini catalog values; no supported-locale English spread fallback.
S13U-0323,Confirm operation,تأكيد العملية,پشتڕاست بکە,COMPLETE,Clinic Portal,queue,clinic-portal/src/features/live-queue/presentation/production-messages.ts#confirm,No,No,No,Explicit Arabic and Badini catalog values; no supported-locale English spread fallback.
S13U-0324,Confirm the appointment before recording that the patient is physically at the clinic.,تأكد من الموعد قبل تسجيل وجود المريض فعلياً في العيادة.,بەری تۆمارکرنا هاتنێ، ژوان و هاتنا نەخۆشی بۆ کلینیکێ پشتڕاست بکە.,COMPLETE,Clinic Portal,appointments,clinic-portal/src/features/arrivals/presentation/messages.ts#subtitle,No,No,No,Explicit Arabic and Badini catalog values; no supported-locale English spread fallback.
S13U-0325,Confirm the patient and appointment before recording arrival.,المعلومات,زانیاری,COMPLETE,Clinic Portal,appointments,clinic-portal/src/i18n/index.ts#subtitle,No,No,No,Explicit Arabic and Badini catalog values; no supported-locale English spread fallback.
S13U-0326,Confirmed,مؤكد,پشتڕاستکری,COMPLETE,Clinic Portal; Flutter,clinic management,"clinic-portal/src/features/clinical-presentation/messages.ts#confirmed; clinic-portal/src/i18n/index.ts#confirmed; mobile/lib/l10n/app_{en,ar,ku}.arb#confirmed",No,No,No,Explicit Arabic and Badini catalog values; no supported-locale English spread fallback.
S13U-0327,Confirming appointment,جارٍ تأكيد الموعد,ژڤان دهێتە پشتڕاستکرن,COMPLETE,Flutter,appointments,"mobile/lib/l10n/app_{en,ar,ku}.arb#confirmingAppointment",No,No,No,Explicit Arabic and Badini catalog values; no supported-locale English spread fallback.
S13U-0328,Consultation cannot start while the queue is paused.,,,MACHINE_CONTRACT,Backend user-visible,queue,backend/src/modules/queue/infrastructure/prisma-queue.repository.ts:768,No,No,No,Sprint 13U backend boundary classification: MACHINE_CONTRACT.
S13U-0329,Consultation completed,اكتملت الاستشارة,پشکنین تەمام بوو,COMPLETE,Clinic Portal,doctor portal,clinic-portal/src/features/doctor/presentation/messages.ts#consultationCompleted; clinic-portal/src/features/live-queue/presentation/messages.ts#consultationCompleted,No,No,No,Explicit Arabic and Badini catalog values; no supported-locale English spread fallback.
S13U-0330,Consultation elapsed,الوقت المنقضي للاستشارة,دەمێ بوری یێ پشکنینێ,COMPLETE,Clinic Portal,doctor portal,clinic-portal/src/features/doctor/presentation/messages.ts#elapsed,No,No,No,Explicit Arabic and Badini catalog values; no supported-locale English spread fallback.
S13U-0331,Consultation started,بدأت الاستشارة,پشکنین دەستپێکر,COMPLETE,Clinic Portal,doctor portal,clinic-portal/src/features/doctor/presentation/messages.ts#consultationStarted,No,No,No,Explicit Arabic and Badini catalog values; no supported-locale English spread fallback.
S13U-0332,Consultations are taking longer than scheduled.,معلومات,پشکنین ژ دەمێ دیارکری پتر دەم دخوازن.,COMPLETE,Clinic Portal,doctor portal,clinic-portal/src/features/doctor-notifications/presentation/messages.ts#runningBehindWhat,No,No,No,Explicit Arabic and Badini catalog values; no supported-locale English spread fallback.
S13U-0333,Continue,متابعة,بەردەوام بە,COMPLETE,Flutter,shared,"mobile/lib/l10n/app_{en,ar,ku}.arb#continueLabel",No,No,No,Explicit Arabic and Badini catalog values; no supported-locale English spread fallback.
S13U-0334,Continue as Guest,المتابعة كضيف,وەک مێهڤان بەردەوام بە,COMPLETE,Flutter,shared,"mobile/lib/l10n/app_{en,ar,ku}.arb#continueAsGuest",No,No,No,Explicit Arabic and Badini catalog values; no supported-locale English spread fallback.
S13U-0335,Continue safely and review the schedule before the next consultation.,متابعة,ب پاراستی بەردەوام بە و بەری پشکنینا ل دویفرا خشتەیێ بپشکنە.,COMPLETE,Clinic Portal,doctor portal,clinic-portal/src/features/doctor-notifications/presentation/messages.ts#runningBehindAction,No,No,No,Explicit Arabic and Badini catalog values; no supported-locale English spread fallback.
S13U-0336,Continue the current consultation. Reception will manage the queue.,متابعة,پشکنینا نوکە بەردەوام بکە. پێشوازی دێ سرایێ رێڤەبەت.,COMPLETE,Clinic Portal,doctor portal,clinic-portal/src/features/doctor-notifications/presentation/messages.ts#patientArrivedAction,No,No,No,Explicit Arabic and Badini catalog values; no supported-locale English spread fallback.
S13U-0337,Country,الدولة,وەلات,COMPLETE,Flutter,shared,"mobile/lib/l10n/app_{en,ar,ku}.arb#country",No,No,No,Explicit Arabic and Badini catalog values; no supported-locale English spread fallback.
S13U-0338,Create,إنشاء,دروستبکە,COMPLETE,Clinic Portal,administration,clinic-portal/src/features/administration/presentation/messages.ts#create,No,No,No,Explicit Arabic and Badini catalog values; no supported-locale English spread fallback.
S13U-0339,Create organization,إنشاء مؤسسة,رێکخراوەکێ چێکە,COMPLETE,Clinic Portal,administration,clinic-portal/src/features/administration/presentation/messages.ts#createOrganization,No,No,No,Explicit Arabic and Badini catalog values; no supported-locale English spread fallback.
S13U-0340,Created,تاريخ الإنشاء,هاتە چێکرن,COMPLETE,Clinic Portal,administration,clinic-portal/src/features/administration/presentation/messages.ts#created,No,No,No,Explicit Arabic and Badini catalog values; no supported-locale English spread fallback.
S13U-0341,Creating patient profile,جارٍ إنشاء ملف المريض,پڕۆفایلێ نەخۆشی دهێتە دروستکرن,COMPLETE,Flutter,profile/account,"mobile/lib/l10n/app_{en,ar,ku}.arb#creatingPatientProfile",No,No,No,Explicit Arabic and Badini catalog values; no supported-locale English spread fallback.
S13U-0342,Creating…,جارٍ الإنشاء…,دهێتە دروستکرن…,COMPLETE,Clinic Portal,administration,clinic-portal/src/features/administration/presentation/messages.ts#creating,No,No,No,Explicit Arabic and Badini catalog values; no supported-locale English spread fallback.
S13U-0343,Current arrival state,حالة الوصول الحالية,رەوشا هاتنا نوکە,COMPLETE,Clinic Portal,queue,clinic-portal/src/i18n/index.ts#currentState,No,No,No,Explicit Arabic and Badini catalog values; no supported-locale English spread fallback.
S13U-0344,Current clinic context,سياق العيادة الحالي,چوارچۆڤەیا کلینیکا نوکە,COMPLETE,Clinic Portal,clinic management,clinic-portal/src/features/portal-foundation/presentation/foundation-messages.ts#context,No,No,No,Explicit Arabic and Badini catalog values; no supported-locale English spread fallback.
S13U-0345,Current consultation,الاستشارة الحالية,پشکنینا نوکە,COMPLETE,Clinic Portal,doctor portal,clinic-portal/src/features/doctor-schedule/presentation/messages.ts#current; clinic-portal/src/features/doctor-schedule/presentation/messages.ts#currentConsultation,No,No,No,Explicit Arabic and Badini catalog values; no supported-locale English spread fallback.
S13U-0346,Current number,الرقم الحالي,ژمارا نوکە,COMPLETE,Clinic Portal,queue,clinic-portal/src/features/live-queue/presentation/messages.ts#currentNumber; clinic-portal/src/i18n/index.ts#current; clinic-portal/src/i18n/index.ts#currentNumber,No,No,No,Explicit Arabic and Badini catalog values; no supported-locale English spread fallback.
S13U-0347,Current Patient,المريض الحالي,نەخوشێ نوکە,COMPLETE,Clinic Portal; Flutter,doctor portal,"clinic-portal/src/features/doctor-patients/presentation/messages.ts#currentPatient; clinic-portal/src/features/doctor/presentation/messages.ts#currentPatient; clinic-portal/src/features/live-queue/presentation/messages.ts#currentPatient; mobile/lib/l10n/app_{en,ar,ku}.arb#currentPatient",No,No,No,Explicit Arabic and Badini catalog values; no supported-locale English spread fallback.
S13U-0348,Current patient,المريض الحالي,نەخوشێ نوکە,COMPLETE,Clinic Portal,doctor portal,clinic-portal/src/features/doctor-settings/presentation/messages.ts#currentPatient; clinic-portal/src/features/live-queue/presentation/production-messages.ts#current,No,No,No,Explicit Arabic and Badini catalog values; no supported-locale English spread fallback.
S13U-0349,Current plan,الخطة الحالية,پلانا نوکە,COMPLETE,Clinic Portal,billing,clinic-portal/src/features/billing/presentation/messages.ts#currentPlan,No,No,No,Explicit Arabic and Badini catalog values; no supported-locale English spread fallback.
S13U-0350,Current queue,قائمة الانتظار الحالية,سرایا نوکە,COMPLETE,Clinic Portal,doctor portal,clinic-portal/src/features/doctor-settings/presentation/messages.ts#currentQueue; clinic-portal/src/i18n/index.ts#currentQueue,No,No,No,Explicit Arabic and Badini catalog values; no supported-locale English spread fallback.
S13U-0351,Current shift,الفترة الحالية,شێفتا نوکە,COMPLETE,Clinic Portal,doctor portal,clinic-portal/src/features/doctor-settings/presentation/messages.ts#currentShift,No,No,No,Explicit Arabic and Badini catalog values; no supported-locale English spread fallback.
S13U-0352,Current state,الحالة الحالية,رەوشا نوکە,COMPLETE,Clinic Portal,shared,clinic-portal/src/i18n/index.ts#currentStateLabel,No,No,No,Explicit Arabic and Badini catalog values; no supported-locale English spread fallback.
S13U-0353,Current statement,كشف الحساب الحالي,کەشفا حیسابێ یا نوکە,COMPLETE,Clinic Portal,billing,clinic-portal/src/features/billing/presentation/messages.ts#currentStatement,No,No,No,Explicit Arabic and Badini catalog values; no supported-locale English spread fallback.
S13U-0354,Current status,الحالة الحالية,رەوشا نوکە,COMPLETE,Clinic Portal,shared,clinic-portal/src/i18n/index.ts#currentStatus,No,No,No,Explicit Arabic and Badini catalog values; no supported-locale English spread fallback.
S13U-0355,Current time,الوقت الحالي,دەمێ نوکە,COMPLETE,Clinic Portal,doctor portal,clinic-portal/src/features/doctor/presentation/messages.ts#currentTime,No,No,No,Explicit Arabic and Badini catalog values; no supported-locale English spread fallback.
S13U-0356,Dashboard,لوحة المتابعة,سەرەکی,COMPLETE,Clinic Portal,home/navigation,clinic-portal/src/features/portal-foundation/presentation/foundation-messages.ts#dashboard; clinic-portal/src/i18n/index.ts#dashboard,No,No,No,Explicit Arabic and Badini catalog values; no supported-locale English spread fallback.
S13U-0357,Database is not ready.,,,MACHINE_CONTRACT,Backend user-visible,shared,backend/src/infrastructure/health/health.controller.ts:33,No,No,No,Sprint 13U backend boundary classification: MACHINE_CONTRACT.
S13U-0358,Date,التاريخ,رێکەفت,COMPLETE,Clinic Portal; Flutter,shared,"clinic-portal/src/i18n/index.ts#date; mobile/lib/l10n/app_{en,ar,ku}.arb#date",No,No,No,Explicit Arabic and Badini catalog values; no supported-locale English spread fallback.
S13U-0359,Date and time,التاريخ والوقت,ڕێکەوت و دەم,COMPLETE,Clinic Portal,clinic management,clinic-portal/src/features/clinical-presentation/messages.ts#date,No,No,No,Explicit Arabic and Badini catalog values; no supported-locale English spread fallback.
S13U-0360,Date of birth,تاريخ الميلاد,رێکەفتا ژدایکبوونێ,COMPLETE,Flutter,shared,"mobile/lib/l10n/app_{en,ar,ku}.arb#dateOfBirth",No,No,No,Explicit Arabic and Badini catalog values; no supported-locale English spread fallback.
S13U-0361,Date of birth must be a valid date in the past.,,,MACHINE_CONTRACT,Backend user-visible,profile/account,backend/src/modules/patients/application/patient.service.ts:376,No,No,No,Sprint 13U backend boundary classification: MACHINE_CONTRACT.
S13U-0362,Default,افتراضي,بنەرەتی,COMPLETE,Clinic Portal,doctor portal,clinic-portal/src/features/doctor-settings/presentation/messages.ts#defaultText,No,No,No,Explicit Arabic and Badini catalog values; no supported-locale English spread fallback.
S13U-0363,Delay,معلومات,زانیاری,COMPLETE,Clinic Portal,shared,clinic-portal/src/i18n/index.ts#delay,No,No,No,Explicit Arabic and Badini catalog values; no supported-locale English spread fallback.
S13U-0364,Delayed,متأخر,پاشکەفتی,COMPLETE,Clinic Portal,doctor portal,clinic-portal/src/features/doctor-settings/presentation/messages.ts#delayed; clinic-portal/src/features/doctor/presentation/messages.ts#delayed; clinic-portal/src/features/live-queue/presentation/messages.ts#delayed; clinic-portal/src/i18n/index.ts#delayed,No,No,No,Explicit Arabic and Badini catalog values; no supported-locale English spread fallback.
S13U-0365,Delayed and busiest queues appear first.,راجع المعلومات قبل المتابعة.,بەری بەردەوامبوونێ زانیاریان بپشکنە.,COMPLETE,Clinic Portal,queue,clinic-portal/src/i18n/index.ts#queueHelp,No,No,No,Explicit Arabic and Badini catalog values; no supported-locale English spread fallback.
S13U-0366,Delayed doctors,الطبيب متأخر,نوژدار پاشکەفتییە,COMPLETE,Clinic Portal,shared,clinic-portal/src/i18n/index.ts#delayedDoctors,No,No,No,Explicit Arabic and Badini catalog values; no supported-locale English spread fallback.
S13U-0367,Delete notification,حذف الإشعار,ئاگەهداریێ ژێ ببە,COMPLETE,Flutter,notifications,"mobile/lib/l10n/app_{en,ar,ku}.arb#deleteNotification",No,No,No,Explicit Arabic and Badini catalog values; no supported-locale English spread fallback.
S13U-0368,Department,القسم,بەش,COMPLETE,Clinic Portal,doctor portal,clinic-portal/src/features/doctor-settings/presentation/messages.ts#department,No,No,No,Explicit Arabic and Badini catalog values; no supported-locale English spread fallback.
S13U-0369,Development,بيئة التطوير,پەرەپێدان,COMPLETE,Clinic Portal,doctor portal,clinic-portal/src/features/doctor-settings/presentation/messages.ts#development,No,No,No,Explicit Arabic and Badini catalog values; no supported-locale English spread fallback.
S13U-0370,Development code: {code},رمز التطوير: {code},کودا پەرەپێدانێ: {code},COMPLETE,Flutter,shared,"mobile/lib/l10n/app_{en,ar,ku}.arb#developmentCodeHint",No,No,No,Explicit Arabic and Badini catalog values; no supported-locale English spread fallback.
S13U-0371,Disabled,معطّل,نەچالاککری,COMPLETE,Clinic Portal,doctor portal,clinic-portal/src/features/doctor-settings/presentation/messages.ts#disabled,No,No,No,Explicit Arabic and Badini catalog values; no supported-locale English spread fallback.
S13U-0372,Discover,اكتشف,گەڕان,COMPLETE,Flutter,doctor discovery,"mobile/lib/l10n/app_{en,ar,ku}.arb#discover",No,No,No,Explicit Arabic and Badini catalog values; no supported-locale English spread fallback.
S13U-0373,Discover Doctors,اكتشف الأطباء,نوژداران بدۆزەڤە,COMPLETE,Flutter,doctor discovery,"mobile/lib/l10n/app_{en,ar,ku}.arb#discoverDoctors",No,No,No,Explicit Arabic and Badini catalog values; no supported-locale English spread fallback.
S13U-0374,Doctor,الطبيب,نوژدار,COMPLETE,Clinic Portal,doctor portal,clinic-portal/src/features/arrivals/presentation/messages.ts#doctor; clinic-portal/src/features/clinical-presentation/messages.ts#doctor; clinic-portal/src/features/doctor-patients/presentation/messages.ts#doctor; clinic-portal/src/features/doctor-patients/presentation/messages.ts#eyebrow; clinic-portal/src/features/doctor-schedule/presentation/messages.ts#doctor; clinic-portal/src/features/doctor/presentation/messages.ts#doctor; clinic-portal/src/features/live-queue/presentation/messages.ts#doctor; clinic-portal/src/features/portal-foundation/presentation/foundation-messages.ts#doctor; clinic-portal/src/i18n/index.ts#doctor; clinic-portal/src/i18n/index.ts#doctorDetails,No,No,No,Explicit Arabic and Badini catalog values; no supported-locale English spread fallback.
S13U-0375,Doctor Actions,إجراءات الطبيب,کارێن نوژداری,COMPLETE,Clinic Portal,doctor portal,clinic-portal/src/features/doctor/presentation/messages.ts#doctorActions,No,No,No,Explicit Arabic and Badini catalog values; no supported-locale English spread fallback.
S13U-0376,Doctor assignment was not found.,,,MACHINE_CONTRACT,Backend user-visible,queue,backend/src/modules/queue/infrastructure/prisma-queue.repository.ts:883,No,No,No,Sprint 13U backend boundary classification: MACHINE_CONTRACT.
S13U-0377,Doctor availability was not found.,,,MACHINE_CONTRACT,Backend user-visible,doctor portal,backend/src/modules/doctors/application/doctor-schedule.service.ts:67,No,No,No,Sprint 13U backend boundary classification: MACHINE_CONTRACT.
S13U-0378,Doctor delay,معلومات,زانیاری,COMPLETE,Clinic Portal,doctor portal,clinic-portal/src/features/doctor/presentation/messages.ts#doctorDelay,No,No,No,Explicit Arabic and Badini catalog values; no supported-locale English spread fallback.
S13U-0379,Doctor delayed,الطبيب متأخر,نوژدار پاشکەفتییە,COMPLETE,Clinic Portal,shared,clinic-portal/src/i18n/index.ts#doctorDelayed,No,No,No,Explicit Arabic and Badini catalog values; no supported-locale English spread fallback.
S13U-0380,Doctor discovery is restricted,البحث عن الأطباء مقيّد,گەڕیان ل نوژداران سنووردارە,COMPLETE,Flutter,doctor discovery,"mobile/lib/l10n/app_{en,ar,ku}.arb#discoveryForbiddenTitle",No,No,No,Explicit Arabic and Badini catalog values; no supported-locale English spread fallback.
S13U-0381,Doctor discovery is unavailable,البحث عن الأطباء غير متاح,گەڕیان ل نوژداران بەردەست نینە,COMPLETE,Flutter,doctor discovery,"mobile/lib/l10n/app_{en,ar,ku}.arb#discoveryUnavailableTitle",No,No,No,Explicit Arabic and Badini catalog values; no supported-locale English spread fallback.
S13U-0382,Doctor eligibility is no longer active.,,,MACHINE_CONTRACT,Backend user-visible,authentication,backend/src/modules/identity/presentation/jwt-auth.guard.ts:107,No,No,No,Sprint 13U backend boundary classification: MACHINE_CONTRACT.
S13U-0383,Doctor ID,معرّف الطبيب,ناسناما نوژداری,COMPLETE,Clinic Portal,doctor portal,clinic-portal/src/features/doctor-settings/presentation/messages.ts#doctorId,No,No,No,Explicit Arabic and Badini catalog values; no supported-locale English spread fallback.
S13U-0384,Doctor information is unavailable,معلومات الطبيب غير متاحة,زانیاریێن نوژداری بەردەست نینن,COMPLETE,Flutter,shared,"mobile/lib/l10n/app_{en,ar,ku}.arb#malformedDoctorDataTitle",No,No,No,Explicit Arabic and Badini catalog values; no supported-locale English spread fallback.
S13U-0385,"Doctor is absent, archived, inactive for a patient, or outside the tenant.",,,USER_VISIBLE,Backend user-visible,profile/account,backend/src/modules/doctors/presentation/doctors.controller.ts:105,No,No,Yes,Sprint 13U backend boundary classification: USER_VISIBLE.
S13U-0386,"Doctor is absent, inactive, archived, has no active clinic, or is outside the tenant.",,,USER_VISIBLE,Backend user-visible,clinic management,backend/src/modules/doctors/presentation/doctors.controller.ts:204,No,No,Yes,Sprint 13U backend boundary classification: USER_VISIBLE.
S13U-0387,Doctor is delayed,الطبيب متأخر,نوژدار پاشکەفتییە,COMPLETE,Clinic Portal,shared,clinic-portal/src/i18n/index.ts#doctorDelayed,No,No,No,Explicit Arabic and Badini catalog values; no supported-locale English spread fallback.
S13U-0388,Doctor is inactive or unavailable at this clinic.,,,MACHINE_CONTRACT,Backend user-visible,appointments,backend/src/modules/appointments/infrastructure/prisma-appointment.repository.ts:141,No,No,No,Sprint 13U backend boundary classification: MACHINE_CONTRACT.
S13U-0389,Doctor is inactive.,,,MACHINE_CONTRACT,Backend user-visible,queue,backend/src/modules/arrivals/infrastructure/prisma-arrival.repository.ts:188,No,No,No,Sprint 13U backend boundary classification: MACHINE_CONTRACT.
S13U-0390,Doctor is not available at this clinic.,,,MACHINE_CONTRACT,Backend user-visible,doctor portal,backend/src/modules/doctors/application/doctor-schedule.service.ts:114,No,No,No,Sprint 13U backend boundary classification: MACHINE_CONTRACT.
S13U-0391,Doctor is not visible.,,,USER_VISIBLE,Backend user-visible,shared,backend/src/modules/doctors/presentation/doctors.controller.ts:124; backend/src/modules/doctors/presentation/doctors.controller.ts:145; backend/src/modules/doctors/presentation/doctors.controller.ts:171,No,No,Yes,Sprint 13U backend boundary classification: USER_VISIBLE.
S13U-0392,Doctor is unavailable during this period.,,,MACHINE_CONTRACT,Backend user-visible,doctor portal,backend/src/modules/doctors/application/doctor-schedule.service.ts:145,No,No,No,Sprint 13U backend boundary classification: MACHINE_CONTRACT.
S13U-0393,Doctor name,اسم الطبيب,ناڤێ نوژداری,COMPLETE,Flutter,shared,"mobile/lib/l10n/app_{en,ar,ku}.arb#searchDoctorsHint",No,No,No,Explicit Arabic and Badini catalog values; no supported-locale English spread fallback.
S13U-0394,Doctor name search cannot be empty.,,,MACHINE_CONTRACT,Backend user-visible,shared,backend/src/modules/doctors/application/doctor.service.ts:65,No,No,No,Sprint 13U backend boundary classification: MACHINE_CONTRACT.
S13U-0395,Doctor not found,لم يتم العثور على الطبيب,نوژدار نەهاتە دیتن,COMPLETE,Flutter,shared,"mobile/lib/l10n/app_{en,ar,ku}.arb#doctorNotFound",No,No,No,Explicit Arabic and Badini catalog values; no supported-locale English spread fallback.
S13U-0396,Doctor Notifications,إشعارات الطبيب,ئاگەهداریێن نوژداری,COMPLETE,Clinic Portal,doctor portal,clinic-portal/src/features/doctor-notifications/presentation/messages.ts#title,No,No,No,Explicit Arabic and Badini catalog values; no supported-locale English spread fallback.
S13U-0397,Doctor notifications cannot be loaded. No notification state was changed.,تعذر عرض المعلومات حالياً.,بارکرنا ئاگەهداریێن نوژداری سەرنەکەفت. رەوشا چ ئاگەهدارییەکێ نەهاتە گهورین.,COMPLETE,Clinic Portal,doctor portal,clinic-portal/src/features/doctor-notifications/presentation/messages.ts#unavailableBody,No,No,No,Explicit Arabic and Badini catalog values; no supported-locale English spread fallback.
S13U-0398,Doctor pagination is outside safe bounds.,,,MACHINE_CONTRACT,Backend user-visible,shared,backend/src/modules/doctors/application/doctor.service.ts:57,No,No,No,Sprint 13U backend boundary classification: MACHINE_CONTRACT.
S13U-0399,Doctor patients unavailable,غير متاح,بەردەست نینە,COMPLETE,Clinic Portal,doctor portal,clinic-portal/src/features/doctor-patients/presentation/messages.ts#unavailable,No,No,No,Explicit Arabic and Badini catalog values; no supported-locale English spread fallback.
S13U-0400,Doctor Profile,ملف الطبيب,پروفایلێ نوژداری,COMPLETE,Clinic Portal; Flutter,doctor portal,"clinic-portal/src/features/doctor-settings/presentation/messages.ts#doctorProfile; mobile/lib/l10n/app_{en,ar,ku}.arb#doctorProfile",No,No,No,Explicit Arabic and Badini catalog values; no supported-locale English spread fallback.
S13U-0401,Doctor Schedule,جدول الطبيب,خشتەیێ نوژداری,COMPLETE,Clinic Portal,doctor portal,clinic-portal/src/features/doctor-schedule/presentation/messages.ts#title,No,No,No,Explicit Arabic and Badini catalog values; no supported-locale English spread fallback.
S13U-0402,Doctor schedule was not found.,,,MACHINE_CONTRACT,Backend user-visible,doctor portal,backend/src/modules/doctors/application/doctor-schedule.service.ts:48,No,No,No,Sprint 13U backend boundary classification: MACHINE_CONTRACT.
S13U-0403,Doctor session unavailable,غير متاح,بەردەست نینە,COMPLETE,Clinic Portal,doctor portal,clinic-portal/src/features/doctor/presentation/messages.ts#unavailable,No,No,No,Explicit Arabic and Badini catalog values; no supported-locale English spread fallback.
S13U-0404,Doctor Settings,إعدادات الطبيب,رێکخستنێن نوژداری,COMPLETE,Clinic Portal,doctor portal,clinic-portal/src/features/doctor-settings/presentation/messages.ts#title,No,No,No,Explicit Arabic and Badini catalog values; no supported-locale English spread fallback.
S13U-0405,Doctor settings cannot be loaded. No profile or preference state was changed.,تعذر عرض المعلومات حالياً.,بارکرنا رێکخستنێن نوژداری سەرنەکەفت. پروفایل و چ هەلبژارتنەک نەهاتە گهورین.,COMPLETE,Clinic Portal,doctor portal,clinic-portal/src/features/doctor-settings/presentation/messages.ts#unavailableBody,No,No,No,Explicit Arabic and Badini catalog values; no supported-locale English spread fallback.
S13U-0406,Doctor started,معلومات,زانیاری,COMPLETE,Clinic Portal,shared,clinic-portal/src/i18n/index.ts#doctorStarted,No,No,No,Explicit Arabic and Badini catalog values; no supported-locale English spread fallback.
S13U-0407,Doctor status,حالة الطبيب,رەوشا نوژداری,COMPLETE,Flutter,shared,"mobile/lib/l10n/app_{en,ar,ku}.arb#doctorStatus",No,No,No,Explicit Arabic and Badini catalog values; no supported-locale English spread fallback.
S13U-0408,Doctor tenant context is required.,,,MACHINE_CONTRACT,Backend user-visible,queue,backend/src/modules/queue/infrastructure/prisma-queue.repository.ts:839,No,No,No,Sprint 13U backend boundary classification: MACHINE_CONTRACT.
S13U-0409,Doctor was not found.,,,MACHINE_CONTRACT,Backend user-visible,shared,backend/src/modules/doctors/application/doctor.service.ts:97,No,No,No,Sprint 13U backend boundary classification: MACHINE_CONTRACT.
S13U-0410,Doctor Workspace,مساحة عمل الطبيب,جهێ کارێ نوژداری,COMPLETE,Clinic Portal,doctor portal,clinic-portal/src/features/doctor/presentation/messages.ts#title,No,No,No,Explicit Arabic and Badini catalog values; no supported-locale English spread fallback.
S13U-0411,Doctor/patient overlap or idempotency conflict.,,,USER_VISIBLE,Backend user-visible,doctor portal,backend/src/modules/appointments/presentation/appointments.controller.ts:115,No,No,Yes,Sprint 13U backend boundary classification: USER_VISIBLE.
S13U-0412,Doctor/patient overlap or stale version.,,,USER_VISIBLE,Backend user-visible,doctor portal,backend/src/modules/appointments/presentation/appointments.controller.ts:227,No,No,Yes,Sprint 13U backend boundary classification: USER_VISIBLE.
S13U-0413,Doctors,الأطباء,نوژدار,COMPLETE,Clinic Portal,shared,clinic-portal/src/features/portal-foundation/presentation/foundation-messages.ts#doctors; clinic-portal/src/i18n/index.ts#doctors,No,No,No,Explicit Arabic and Badini catalog values; no supported-locale English spread fallback.
S13U-0414,Doctors Working,الأطباء العاملون,نوژدارێن د کار دا,COMPLETE,Clinic Portal,shared,clinic-portal/src/i18n/index.ts#doctorsWorking,No,No,No,Explicit Arabic and Badini catalog values; no supported-locale English spread fallback.
S13U-0415,Documentation,التوثيق,بەلگەنامە,COMPLETE,Clinic Portal,doctor portal,clinic-portal/src/features/doctor-settings/presentation/messages.ts#documentation,No,No,No,Explicit Arabic and Badini catalog values; no supported-locale English spread fallback.
S13U-0416,Dr. Karwan is running 12 minutes late.,معلومات,زانیاری,COMPLETE,Clinic Portal,shared,clinic-portal/src/i18n/index.ts#update1,No,No,No,Explicit Arabic and Badini catalog values; no supported-locale English spread fallback.
S13U-0417,Dr. Shilan's queue is paused for a short break.,معلومات,زانیاری,COMPLETE,Clinic Portal,queue,clinic-portal/src/i18n/index.ts#update2,No,No,No,Explicit Arabic and Badini catalog values; no supported-locale English spread fallback.
S13U-0418,Draft,مسودة,رەشنڤیس,COMPLETE,Clinic Portal,billing,clinic-portal/src/features/billing/presentation/messages.ts#draft,No,No,No,Explicit Arabic and Badini catalog values; no supported-locale English spread fallback.
S13U-0419,Draft values may change until the period is finalized.,معلومات,بها د رەشنڤیسێ دا دشێن بهێنە گهورین هەتا ماوە ب دووماهی دهێت.,COMPLETE,Clinic Portal,billing,clinic-portal/src/features/billing/presentation/messages.ts#draftNotice,No,No,No,Explicit Arabic and Badini catalog values; no supported-locale English spread fallback.
S13U-0420,"Duplicate arrival, stale version, invalid appointment lifecycle, outside arrival window, or idempotency conflict.",,,USER_VISIBLE,Backend user-visible,appointments,backend/src/modules/arrivals/presentation/arrivals.controller.ts:93,No,No,Yes,Sprint 13U backend boundary classification: USER_VISIBLE.
S13U-0421,Duration,المدة,مایی,COMPLETE,Clinic Portal; Flutter,doctor portal,"clinic-portal/src/features/clinical-presentation/messages.ts#duration; clinic-portal/src/features/doctor-schedule/presentation/messages.ts#duration; clinic-portal/src/features/doctor/presentation/messages.ts#duration; clinic-portal/src/i18n/index.ts#duration; mobile/lib/l10n/app_{en,ar,ku}.arb#duration",No,No,No,Explicit Arabic and Badini catalog values; no supported-locale English spread fallback.
S13U-0422,Duration in minutes,المدة بالدقائق,ماوە ب خولەکان,COMPLETE,Clinic Portal,clinic management,clinic-portal/src/features/clinical-presentation/messages.ts#minutes,No,No,No,Explicit Arabic and Badini catalog values; no supported-locale English spread fallback.
S13U-0423,Earlier,سابقًا,بەری نوکە,COMPLETE,Flutter,shared,"mobile/lib/l10n/app_{en,ar,ku}.arb#earlier",No,No,No,Explicit Arabic and Badini catalog values; no supported-locale English spread fallback.
S13U-0424,Earlier Notifications,الإشعارات السابقة,ئاگەهداریێن بوری,COMPLETE,Clinic Portal,doctor portal,clinic-portal/src/features/doctor-notifications/presentation/messages.ts#earlier,No,No,No,Explicit Arabic and Badini catalog values; no supported-locale English spread fallback.
S13U-0425,Earned,مكتسبة,دەستکەفتی,COMPLETE,Clinic Portal,billing,clinic-portal/src/features/billing/presentation/messages.ts#earned,No,No,No,Explicit Arabic and Badini catalog values; no supported-locale English spread fallback.
S13U-0426,Effective date is invalid.,,,MACHINE_CONTRACT,Backend user-visible,billing,backend/src/modules/billing/application/billing.service.ts:65,No,No,No,Sprint 13U backend boundary classification: MACHINE_CONTRACT.
S13U-0427,Effective from,سارية من,ژ ڤی دەمێ ڤە,COMPLETE,Clinic Portal,billing,clinic-portal/src/features/billing/presentation/messages.ts#effectiveFrom,No,No,No,Explicit Arabic and Badini catalog values; no supported-locale English spread fallback.
S13U-0428,Effective until,سارية حتى,هەتا ڤی دەمی,COMPLETE,Clinic Portal,billing,clinic-portal/src/features/billing/presentation/messages.ts#effectiveUntil,No,No,No,Explicit Arabic and Badini catalog values; no supported-locale English spread fallback.
S13U-0429,Elapsed consultation time,معلومات,زانیاری,COMPLETE,Clinic Portal,queue,clinic-portal/src/features/live-queue/presentation/messages.ts#elapsed,No,No,No,Explicit Arabic and Badini catalog values; no supported-locale English spread fallback.
S13U-0430,Email,البريد الإلكتروني,ئیمەیل,COMPLETE,Clinic Portal,doctor portal,clinic-portal/src/features/doctor-settings/presentation/messages.ts#email; clinic-portal/src/features/portal-foundation/presentation/foundation-messages.ts#email,No,No,No,Explicit Arabic and Badini catalog values; no supported-locale English spread fallback.
S13U-0431,Enabled,مفعّل,چالاککری,COMPLETE,Clinic Portal,doctor portal,clinic-portal/src/features/doctor-settings/presentation/messages.ts#enabled,No,No,No,Explicit Arabic and Badini catalog values; no supported-locale English spread fallback.
S13U-0432,End,النهاية,دووماهیک,COMPLETE,Clinic Portal,doctor portal,clinic-portal/src/features/doctor-schedule/presentation/messages.ts#end,No,No,No,Explicit Arabic and Badini catalog values; no supported-locale English spread fallback.
S13U-0433,English,الإنجليزية,ئینگلیزی,COMPLETE,Clinic Portal; Flutter,doctor portal,"clinic-portal/src/features/doctor-settings/presentation/messages.ts#english; mobile/lib/l10n/app_{en,ar,ku}.arb#english",No,No,No,Explicit Arabic and Badini catalog values; no supported-locale English spread fallback.
S13U-0434,Enqueued,وقت الإضافة,دەمێ چوونا رێزێ,COMPLETE,Clinic Portal,queue,clinic-portal/src/features/live-queue/presentation/production-messages.ts#enqueuedAt,No,No,No,Explicit Arabic and Badini catalog values; no supported-locale English spread fallback.
S13U-0435,Enter 6 digits,أدخل 6 أرقام,6 ژماران بنڤیسە,COMPLETE,Flutter,authentication,"mobile/lib/l10n/app_{en,ar,ku}.arb#otpHint",No,No,No,Explicit Arabic and Badini catalog values; no supported-locale English spread fallback.
S13U-0436,"Enter a name, phone number, or patient ID to begin.",أدخل اسماً أو رقم هاتف أو رقم مريض للبدء.,ناڤ، ژمارا تەلەفونێ یان ژمارا نەخۆشی بنڤیسە.,COMPLETE,Clinic Portal,profile/account,clinic-portal/src/features/clinical-presentation/messages.ts#searchFirst,No,No,No,Explicit Arabic and Badini catalog values; no supported-locale English spread fallback.
S13U-0437,Enter a valid email address.,أدخل بريدًا إلكترونيًا صحيحًا.,ئیمەیڵەکا دروست بنڤیسە.,COMPLETE,Clinic Portal,shared,clinic-portal/src/features/portal-foundation/presentation/foundation-messages.ts#emailInvalid,No,No,No,Explicit Arabic and Badini catalog values; no supported-locale English spread fallback.
S13U-0438,Enter a valid Iraqi mobile number.,أدخل رقم هاتف عراقي صحيحًا.,ژمارەکا موبایلا ئیراقی یا دروست بنڤیسە,COMPLETE,Flutter,shared,"mobile/lib/l10n/app_{en,ar,ku}.arb#phoneInvalid",No,No,No,Explicit Arabic and Badini catalog values; no supported-locale English spread fallback.
S13U-0439,Enter a valid value.,أدخل قيمة صحيحة.,بهایەکێ دروست بنڤیسە,COMPLETE,Clinic Portal,administration,clinic-portal/src/features/administration/presentation/messages.ts#invalidValue,No,No,No,Explicit Arabic and Badini catalog values; no supported-locale English spread fallback.
S13U-0440,Enter an IANA timezone such as Asia/Baghdad.,أدخل منطقة زمنية مثل Asia/Baghdad.,زانیاری,COMPLETE,Clinic Portal,administration,clinic-portal/src/features/administration/presentation/messages.ts#invalidTimezone,No,No,No,Explicit Arabic and Badini catalog values; no supported-locale English spread fallback.
S13U-0441,Enter at least 2 characters,أدخل حرفين على الأقل,کێمترین دوو پیتان بنڤیسە,COMPLETE,Clinic Portal,clinic management,clinic-portal/src/features/clinical-presentation/messages.ts#searchHint,No,No,No,Explicit Arabic and Badini catalog values; no supported-locale English spread fallback.
S13U-0442,Enter your code,أدخل رمز التحقق,کودێ خو بنڤیسە,COMPLETE,Flutter,authentication,"mobile/lib/l10n/app_{en,ar,ku}.arb#otpTitle",No,No,No,Explicit Arabic and Badini catalog values; no supported-locale English spread fallback.
S13U-0443,Entry status,حالة المريض,رەوش,COMPLETE,Clinic Portal,queue,clinic-portal/src/features/live-queue/presentation/production-messages.ts#entryStatus,No,No,No,Explicit Arabic and Badini catalog values; no supported-locale English spread fallback.
S13U-0444,Environment,البيئة,ژینگەهـ,COMPLETE,Clinic Portal,doctor portal,clinic-portal/src/features/doctor-settings/presentation/messages.ts#environment,No,No,No,Explicit Arabic and Badini catalog values; no supported-locale English spread fallback.
S13U-0445,Environment Information,معلومات البيئة,زانیاریێن ژینگەهێ,COMPLETE,Clinic Portal,doctor portal,clinic-portal/src/features/doctor-settings/presentation/messages.ts#environmentInformation,No,No,No,Explicit Arabic and Badini catalog values; no supported-locale English spread fallback.
S13U-0446,Estimated duration,المدة المتوقعة,ماوێ پێشبینی کری,COMPLETE,Clinic Portal,doctor portal,clinic-portal/src/features/doctor-schedule/presentation/messages.ts#estimatedWait,No,No,No,Explicit Arabic and Badini catalog values; no supported-locale English spread fallback.
S13U-0447,Estimated finish,وقت الانتهاء المتوقع,دەمێ دووماهی هاتنێ یێ پێشبینی کری,COMPLETE,Clinic Portal,doctor portal,clinic-portal/src/features/doctor-schedule/presentation/messages.ts#estimatedFinish,No,No,No,Explicit Arabic and Badini catalog values; no supported-locale English spread fallback.
S13U-0448,Estimated remaining,الوقت المتبقي المتوقع,دەمێ مایی یێ پێشبینی کری,COMPLETE,Clinic Portal,doctor portal,clinic-portal/src/features/doctor/presentation/messages.ts#remaining,No,No,No,Explicit Arabic and Badini catalog values; no supported-locale English spread fallback.
S13U-0449,Estimated wait,وقت الانتظار المتوقع,دەمێ چاڤەرێکرنا پێشبینی کری,COMPLETE,Clinic Portal; Flutter,doctor portal,"clinic-portal/src/features/doctor-patients/presentation/messages.ts#estimatedWait; clinic-portal/src/features/doctor/presentation/messages.ts#estimatedWait; clinic-portal/src/features/live-queue/presentation/messages.ts#estimatedWaitLabel; clinic-portal/src/i18n/index.ts#estimatedWait; mobile/lib/l10n/app_{en,ar,ku}.arb#estimatedWait",No,No,No,Explicit Arabic and Badini catalog values; no supported-locale English spread fallback.
S13U-0450,Estimated wait: $estimatedWaitMinutes minutes,,,RUNTIME_DATA_COMPOSITION,Flutter,appointments,mobile/lib/features/home/presentation/widgets/next_appointment_card.dart:139,No,No,No,Localized label combined with runtime data; not standalone English copy.
S13U-0451,Estimated wait: {minutes} min,الانتظار المتوقع: {minutes} دقيقة,چاڤەڕێکرنا پێشبینیکری: {minutes} خولەک,COMPLETE,Flutter,shared,"mobile/lib/l10n/app_{en,ar,ku}.arb#estimatedWaitMinutes",No,No,No,Explicit Arabic and Badini catalog values; no supported-locale English spread fallback.
S13U-0452,Exclusive local end. 24:00 is permitted only as the end of a same-day row.,,,USER_VISIBLE,Backend user-visible,doctor portal,backend/src/modules/doctors/presentation/doctor-schedule.dto.ts:40,No,No,Yes,Sprint 13U backend boundary classification: USER_VISIBLE.
S13U-0453,Expected,متوقع,چاڤەرێکری,COMPLETE,Clinic Portal,shared,clinic-portal/src/i18n/index.ts#expected,No,No,No,Explicit Arabic and Badini catalog values; no supported-locale English spread fallback.
S13U-0454,Expected optimistic-concurrency version from the arrival resource.,,,USER_VISIBLE,Backend user-visible,queue,backend/src/modules/arrivals/presentation/arrival.dto.ts:13,No,No,Yes,Sprint 13U backend boundary classification: USER_VISIBLE.
S13U-0455,Experience,الخبرة,ئەزموون,COMPLETE,Flutter,shared,"mobile/lib/l10n/app_{en,ar,ku}.arb#experienceLabel",No,No,No,Explicit Arabic and Badini catalog values; no supported-locale English spread fallback.
S13U-0456,Explain the reason. This action cannot be undone.,اكتب السبب. لا يمكن التراجع عن هذا الإجراء.,ئەگەری بنڤیسە. ئەڤ کارە ناهێتە ڤەگەڕاندن.,COMPLETE,Clinic Portal,appointments,clinic-portal/src/features/clinical-presentation/messages.ts#cancelHelp,No,No,No,Explicit Arabic and Badini catalog values; no supported-locale English spread fallback.
S13U-0457,Explore trusted doctors and keep your care organized.,اكتشف الأطباء الموثوقين ونظم رعايتك.,نوژدارێن باوەرپێکری ببینە و چاڤدێرییا خۆ رێک بخە.,COMPLETE,Flutter,notifications,"mobile/lib/l10n/app_{en,ar,ku}.arb#notificationWelcomeNext",No,No,No,Explicit Arabic and Badini catalog values; no supported-locale English spread fallback.
S13U-0458,Family,معلومات,زانیاری,COMPLETE,Clinic Portal,shared,clinic-portal/src/i18n/index.ts#family,No,No,No,Explicit Arabic and Badini catalog values; no supported-locale English spread fallback.
S13U-0459,Family context,معلومات العائلة,زانیاریێن خێزانێ,COMPLETE,Clinic Portal,doctor portal,clinic-portal/src/features/doctor/presentation/messages.ts#familyContext; clinic-portal/src/i18n/index.ts#familyContext,No,No,No,Explicit Arabic and Badini catalog values; no supported-locale English spread fallback.
S13U-0460,Family Members,أفراد العائلة,ئەندامێن خێزانێ,COMPLETE,Clinic Portal,shared,clinic-portal/src/i18n/index.ts#familyMembers,No,No,No,Explicit Arabic and Badini catalog values; no supported-locale English spread fallback.
S13U-0461,Fee,الأجرة,کرێ,COMPLETE,Clinic Portal; Flutter,clinic management,"clinic-portal/src/features/clinical-presentation/messages.ts#fee; mobile/lib/l10n/app_{en,ar,ku}.arb#fee",No,No,No,Explicit Arabic and Badini catalog values; no supported-locale English spread fallback.
S13U-0462,Female,أنثى,مێ,COMPLETE,Flutter,shared,"mobile/lib/l10n/app_{en,ar,ku}.arb#genderFemale",No,No,No,Explicit Arabic and Badini catalog values; no supported-locale English spread fallback.
S13U-0463,"Filter, identifier, or pagination validation failed.",,,USER_VISIBLE,Backend user-visible,shared,backend/src/modules/doctors/presentation/doctors.controller.ts:53,No,No,Yes,Sprint 13U backend boundary classification: USER_VISIBLE.
S13U-0464,Filters,عوامل التصفية,جوداکرن,COMPLETE,Flutter,shared,"mobile/lib/l10n/app_{en,ar,ku}.arb#filters",No,No,No,Explicit Arabic and Badini catalog values; no supported-locale English spread fallback.
S13U-0465,Finalize statement,اعتماد كشف الحساب نهائيًا,کەشفا حیسابێ ب دووماهی بینە,COMPLETE,Clinic Portal,billing,clinic-portal/src/features/billing/presentation/messages.ts#finalize,No,No,No,Explicit Arabic and Badini catalog values; no supported-locale English spread fallback.
S13U-0466,Finalize this statement?,المعلومات,تو دخوازی کەشفا حیسابێ ب دووماهی بینی؟,COMPLETE,Clinic Portal,billing,clinic-portal/src/features/billing/presentation/messages.ts#finalizeTitle,No,No,No,Explicit Arabic and Badini catalog values; no supported-locale English spread fallback.
S13U-0467,Finalized,نهائي,دووماهی هات,COMPLETE,Clinic Portal,billing,clinic-portal/src/features/billing/presentation/messages.ts#finalized,No,No,No,Explicit Arabic and Badini catalog values; no supported-locale English spread fallback.
S13U-0468,Finalized lines,بنود كشف الحساب النهائية,رێزێن دووماهی یێن کەشفا حیسابێ,COMPLETE,Clinic Portal,billing,clinic-portal/src/features/billing/presentation/messages.ts#lines,No,No,No,Explicit Arabic and Badini catalog values; no supported-locale English spread fallback.
S13U-0469,Find a doctor,ابحث عن طبيب,نوژداران بدۆزەڤە,COMPLETE,Flutter,doctor discovery,"mobile/lib/l10n/app_{en,ar,ku}.arb#doctorDiscoveryTitle",No,No,No,Explicit Arabic and Badini catalog values; no supported-locale English spread fallback.
S13U-0470,Find a patient and understand what happens next.,المعلومات,زانیاری,COMPLETE,Clinic Portal,profile/account,clinic-portal/src/i18n/index.ts#subtitle,No,No,No,Explicit Arabic and Badini catalog values; no supported-locale English spread fallback.
S13U-0471,Find and book trusted doctors,ابحث عن أطباء موثوقين واحجز معهم,نوژدارێن باوەرپێکری ببینە و وەعدە بگرە,COMPLETE,Flutter,shared,"mobile/lib/l10n/app_{en,ar,ku}.arb#welcomeBook",No,No,No,Explicit Arabic and Badini catalog values; no supported-locale English spread fallback.
S13U-0472,Find Patient,البحث عن مريض,ل نەخوشی بگەڕێ,COMPLETE,Clinic Portal,profile/account,clinic-portal/src/i18n/index.ts#findPatient,No,No,No,Explicit Arabic and Badini catalog values; no supported-locale English spread fallback.
S13U-0473,Find the right care,اعثر على الرعاية المناسبة,چاڤدێریا گونجای بدۆزەڤە,COMPLETE,Flutter,shared,"mobile/lib/l10n/app_{en,ar,ku}.arb#findRightCare",No,No,No,Explicit Arabic and Badini catalog values; no supported-locale English spread fallback.
S13U-0474,Finish Session,إنهاء الجلسة,دووماهی ب دانیشتنێ بینە,COMPLETE,Clinic Portal,doctor portal,clinic-portal/src/features/doctor/presentation/messages.ts#finishSession,No,No,No,Explicit Arabic and Badini catalog values; no supported-locale English spread fallback.
S13U-0475,Finish this session? No further doctor actions will be available.,معلومات,زانیاری,COMPLETE,Clinic Portal,doctor portal,clinic-portal/src/features/doctor/presentation/messages.ts#confirmFinish,No,No,No,Explicit Arabic and Badini catalog values; no supported-locale English spread fallback.
S13U-0476,Finished,منتهية,دووماهی هات,COMPLETE,Clinic Portal,doctor portal,clinic-portal/src/features/doctor-patients/presentation/messages.ts#finished; clinic-portal/src/features/doctor-settings/presentation/messages.ts#finished; clinic-portal/src/features/doctor/presentation/messages.ts#finished; clinic-portal/src/i18n/index.ts#finished,No,No,No,Explicit Arabic and Badini catalog values; no supported-locale English spread fallback.
S13U-0477,First name,الاسم الأول,ناڤێ ئێکێ,COMPLETE,Flutter,shared,"mobile/lib/l10n/app_{en,ar,ku}.arb#firstName",No,No,No,Explicit Arabic and Badini catalog values; no supported-locale English spread fallback.
S13U-0478,Flutter-compatible alias.,,,USER_VISIBLE,Backend user-visible,shared,backend/src/modules/doctors/presentation/doctor.dto.ts:170,No,No,Yes,Sprint 13U backend boundary classification: USER_VISIBLE.
S13U-0479,Follow system,اتباع إعدادات النظام,ل دویف رێکخستنێن سیستەمی هەرە,COMPLETE,Clinic Portal,doctor portal,clinic-portal/src/features/doctor-settings/presentation/messages.ts#systemTheme,No,No,No,Explicit Arabic and Badini catalog values; no supported-locale English spread fallback.
S13U-0480,Follow system setting,معلومات,زانیاری,COMPLETE,Clinic Portal,doctor portal,clinic-portal/src/features/doctor-settings/presentation/messages.ts#followSystem,No,No,No,Explicit Arabic and Badini catalog values; no supported-locale English spread fallback.
S13U-0481,Follow-up appointment,موعد متابعة,ژڤانێ ل دویفچوونێ,COMPLETE,Flutter,appointments,"mobile/lib/l10n/app_{en,ar,ku}.arb#followUpAppointment",No,No,No,Explicit Arabic and Badini catalog values; no supported-locale English spread fallback.
S13U-0482,Follow-up consultation,استشارة متابعة,پشکنینا ل دویفچوونێ,COMPLETE,Clinic Portal,doctor portal,clinic-portal/src/features/doctor-schedule/presentation/messages.ts#followUp,No,No,No,Explicit Arabic and Badini catalog values; no supported-locale English spread fallback.
S13U-0484,Foundation lifecycle. Transitions are explicit; no automatic transitions occur.,,,USER_VISIBLE,Backend user-visible,appointments,backend/src/modules/appointments/presentation/appointment.dto.ts:149,No,No,Yes,Sprint 13U backend boundary classification: USER_VISIBLE.
S13U-0485,Free slots,المواعيد المتاحة,دەمێن بەردەست,COMPLETE,Clinic Portal,doctor portal,clinic-portal/src/features/doctor-schedule/presentation/messages.ts#freeSlots,No,No,No,Explicit Arabic and Badini catalog values; no supported-locale English spread fallback.
S13U-0486,From,من,ژ,COMPLETE,Clinic Portal,clinic management,clinic-portal/src/features/clinical-presentation/messages.ts#from,No,No,No,Explicit Arabic and Badini catalog values; no supported-locale English spread fallback.
S13U-0487,Gender,الجنس,رەگەز,COMPLETE,Clinic Portal; Flutter,doctor portal,"clinic-portal/src/features/doctor/presentation/messages.ts#gender; clinic-portal/src/i18n/index.ts#gender; mobile/lib/l10n/app_{en,ar,ku}.arb#gender",No,No,No,Explicit Arabic and Badini catalog values; no supported-locale English spread fallback.
S13U-0488,Go Back,رجوع,ب ڤەگەرە,COMPLETE,Clinic Portal,shared,clinic-portal/src/i18n/index.ts#goBack,No,No,No,Explicit Arabic and Badini catalog values; no supported-locale English spread fallback.
S13U-0489,Go to My Appointments,الذهاب إلى مواعيدي,ژڤانێن من,COMPLETE,Flutter,appointments,"mobile/lib/l10n/app_{en,ar,ku}.arb#goToAppointments",No,No,No,Explicit Arabic and Badini catalog values; no supported-locale English spread fallback.
S13U-0490,Go to sign in,الذهاب إلى تسجيل الدخول,بچۆ چوونەژوورەوە,COMPLETE,Clinic Portal,authentication,clinic-portal/src/features/portal-foundation/presentation/foundation-messages.ts#goLogin,No,No,No,Explicit Arabic and Badini catalog values; no supported-locale English spread fallback.
S13U-0491,"Good afternoon,",مساء الخير،,ڕۆژباش،,COMPLETE,Flutter,shared,"mobile/lib/l10n/app_{en,ar,ku}.arb#goodAfternoon",No,No,No,Explicit Arabic and Badini catalog values; no supported-locale English spread fallback.
S13U-0492,"Good evening,",مساء الخير،,ئێڤارباش،,COMPLETE,Flutter,shared,"mobile/lib/l10n/app_{en,ar,ku}.arb#goodEvening",No,No,No,Explicit Arabic and Badini catalog values; no supported-locale English spread fallback.
S13U-0493,"Good morning,",صباح الخير،,ڕۆژباش،,COMPLETE,Flutter,shared,"mobile/lib/l10n/app_{en,ar,ku}.arb#goodMorning",No,No,No,Explicit Arabic and Badini catalog values; no supported-locale English spread fallback.
S13U-0494,Gross earned,إجمالي العمولات المكتسبة,کوی گشتی یێ کومیسیونێن دەستکەفتی,COMPLETE,Clinic Portal,billing,clinic-portal/src/features/billing/presentation/messages.ts#gross,No,No,No,Explicit Arabic and Badini catalog values; no supported-locale English spread fallback.
S13U-0495,Guest mode,وضع الضيف,رەوشا مێهڤانی,COMPLETE,Flutter,shared,"mobile/lib/l10n/app_{en,ar,ku}.arb#guestMode",No,No,No,Explicit Arabic and Badini catalog values; no supported-locale English spread fallback.
S13U-0496,"Healthcare, made clearer",رعاية صحية أكثر وضوحاً,ساخله‌می، ڕوونتر,COMPLETE,Flutter,shared,"mobile/lib/l10n/app_{en,ar,ku}.arb#welcomeTitle",No,No,No,Explicit Arabic and Badini catalog values; no supported-locale English spread fallback.
S13U-0497,Healthy,مستقرة,باش,COMPLETE,Clinic Portal,doctor portal,clinic-portal/src/features/doctor-settings/presentation/messages.ts#healthy; clinic-portal/src/features/doctor/presentation/messages.ts#healthy; clinic-portal/src/features/live-queue/presentation/messages.ts#healthy,No,No,No,Explicit Arabic and Badini catalog values; no supported-locale English spread fallback.
S13U-0498,Help,المساعدة,هاریکاری,COMPLETE,Clinic Portal,doctor portal,clinic-portal/src/features/doctor-settings/presentation/messages.ts#help,No,No,No,Explicit Arabic and Badini catalog values; no supported-locale English spread fallback.
S13U-0499,Hide password,إخفاء كلمة المرور,وشەی نهێنی بشارەوە,COMPLETE,Clinic Portal,shared,clinic-portal/src/features/portal-foundation/presentation/foundation-messages.ts#hidePassword,No,No,No,Explicit Arabic and Badini catalog values; no supported-locale English spread fallback.
S13U-0500,High,عالية,بلند,COMPLETE,Clinic Portal,doctor portal,clinic-portal/src/features/doctor-notifications/presentation/messages.ts#high,No,No,No,Explicit Arabic and Badini catalog values; no supported-locale English spread fallback.
S13U-0501,High priority notifications,إشعارات عالية الأهمية,ئاگەهداریێن گرنگ,COMPLETE,Clinic Portal,doctor portal,clinic-portal/src/features/doctor-notifications/presentation/messages.ts#highPriorityCount,No,No,No,Explicit Arabic and Badini catalog values; no supported-locale English spread fallback.
S13U-0502,Home,الرئيسية,سەرەکی,COMPLETE,Flutter,home/navigation,"mobile/lib/l10n/app_{en,ar,ku}.arb#home",No,No,No,Explicit Arabic and Badini catalog values; no supported-locale English spread fallback.
S13U-0503,Idempotency key conflicts with another request.,,,MACHINE_CONTRACT,Backend user-visible,queue,backend/src/modules/queue/infrastructure/prisma-queue.repository.ts:946,No,No,No,Sprint 13U backend boundary classification: MACHINE_CONTRACT.
S13U-0504,Idempotency key was already used for a different request.,,,MACHINE_CONTRACT,Backend user-visible,billing,backend/src/modules/administration/infrastructure/prisma-administration.repository.ts:168; backend/src/modules/appointments/infrastructure/prisma-appointment.repository.ts:47; backend/src/modules/appointments/infrastructure/prisma-appointment.repository.ts:481; backend/src/modules/arrivals/infrastructure/prisma-arrival.repository.ts:255; backend/src/modules/arrivals/infrastructure/prisma-arrival.repository.ts:62; backend/src/modules/billing/infrastructure/prisma-billing.repository.ts:426; backend/src/modules/notifications/infrastructure/prisma-notification.repository.ts:84,No,No,No,Sprint 13U backend boundary classification: MACHINE_CONTRACT.
S13U-0505,Idempotency result scope is invalid.,,,MACHINE_CONTRACT,Backend user-visible,queue,backend/src/modules/arrivals/infrastructure/prisma-arrival.repository.ts:68,No,No,No,Sprint 13U backend boundary classification: MACHINE_CONTRACT.
S13U-0506,Idempotent request is still being processed.,,,MACHINE_CONTRACT,Backend user-visible,administration,backend/src/modules/administration/infrastructure/prisma-administration.repository.ts:172,No,No,No,Sprint 13U backend boundary classification: MACHINE_CONTRACT.
S13U-0507,Idempotent response is unavailable or invalid.,,,MACHINE_CONTRACT,Backend user-visible,billing,backend/src/modules/billing/infrastructure/prisma-billing.repository.ts:434,No,No,No,Sprint 13U backend boundary classification: MACHINE_CONTRACT.
S13U-0508,Identifier,المعرّف,ناسنامە,COMPLETE,Clinic Portal,administration,clinic-portal/src/features/administration/presentation/messages.ts#identifier,No,No,No,Explicit Arabic and Badini catalog values; no supported-locale English spread fallback.
S13U-0509,Identity is disabled.,,,MACHINE_CONTRACT,Backend user-visible,authentication,backend/src/modules/identity/application/authentication.service.ts:213; backend/src/modules/identity/application/authentication.service.ts:274,No,No,No,Sprint 13U backend boundary classification: MACHINE_CONTRACT.
S13U-0510,Identity is not eligible for patient access.,,,MACHINE_CONTRACT,Backend user-visible,authentication,backend/src/modules/identity/application/authentication.service.ts:218,No,No,No,Sprint 13U backend boundary classification: MACHINE_CONTRACT.
S13U-0511,Identity is unavailable.,,,MACHINE_CONTRACT,Backend user-visible,authentication,backend/src/modules/identity/application/authentication.service.ts:305,No,No,No,Sprint 13U backend boundary classification: MACHINE_CONTRACT.
S13U-0512,Important appointment and clinic updates will appear here in a future release.,ستظهر هنا تحديثات المواعيد والعيادات المهمة في إصدار قادم.,نویکرنێن گرنگ یێن ژڤان و کلینیکان دێ ل ڤێرێ دیار بن.,COMPLETE,Flutter,appointments,"mobile/lib/l10n/app_{en,ar,ku}.arb#alertsBody",No,No,No,Explicit Arabic and Badini catalog values; no supported-locale English spread fallback.
S13U-0513,Important appointment note,ملاحظة مهمة عن الموعد,تێبینییا گرنگ دەربارەی ژڤانی,COMPLETE,Clinic Portal,doctor portal,clinic-portal/src/features/doctor/presentation/messages.ts#importantNote,No,No,No,Explicit Arabic and Badini catalog values; no supported-locale English spread fallback.
S13U-0514,Important note,ملاحظة مهمة,تێبینییا گرنگ,COMPLETE,Clinic Portal,doctor portal,clinic-portal/src/features/doctor-patients/presentation/messages.ts#importantNote,No,No,No,Explicit Arabic and Badini catalog values; no supported-locale English spread fallback.
S13U-0515,Important Updates,تحديثات مهمة,نویکرنێن گرنگ,COMPLETE,Clinic Portal,shared,clinic-portal/src/i18n/index.ts#updates,No,No,No,Explicit Arabic and Badini catalog values; no supported-locale English spread fallback.
S13U-0516,In consultation,قيد الاستشارة,د پشکنینێ دا,COMPLETE,Clinic Portal,queue,clinic-portal/src/features/live-queue/presentation/messages.ts#inConsultation; clinic-portal/src/features/live-queue/presentation/production-messages.ts#inConsultation,No,No,No,Explicit Arabic and Badini catalog values; no supported-locale English spread fallback.
S13U-0517,Inactive,غير نشط,نەچالاک,COMPLETE,Clinic Portal,billing,clinic-portal/src/features/administration/presentation/messages.ts#inactive; clinic-portal/src/features/billing/presentation/messages.ts#inactive; clinic-portal/src/features/clinical-presentation/messages.ts#inactive,No,No,No,Explicit Arabic and Badini catalog values; no supported-locale English spread fallback.
S13U-0518,Inactive doctors are not publicly visible.,,,MACHINE_CONTRACT,Backend user-visible,shared,backend/src/modules/doctors/application/doctor.service.ts:142,No,No,No,Sprint 13U backend boundary classification: MACHINE_CONTRACT.
S13U-0519,Inclusive. The requested window may contain at most 31 days.,,,USER_VISIBLE,Backend user-visible,appointments,backend/src/modules/appointments/presentation/appointment.dto.ts:33,No,No,Yes,Sprint 13U backend boundary classification: USER_VISIBLE.
S13U-0520,Information,المعلومات,زانیاری,COMPLETE,Clinic Portal,doctor portal,clinic-portal/src/features/doctor-notifications/presentation/messages.ts#information,No,No,No,Explicit Arabic and Badini catalog values; no supported-locale English spread fallback.
S13U-0521,Information link planned for a future release,معلومات,زانیاری,COMPLETE,Clinic Portal,billing,clinic-portal/src/features/doctor-settings/presentation/messages.ts#supportPlaceholder,No,No,No,Explicit Arabic and Badini catalog values; no supported-locale English spread fallback.
S13U-0522,Informational screen,شاشة معلومات,پەڕا زانیاریێ,COMPLETE,Flutter,shared,"mobile/lib/l10n/app_{en,ar,ku}.arb#informationalScreen",No,No,No,Explicit Arabic and Badini catalog values; no supported-locale English spread fallback.
S13U-0523,Initial appointment,موعد أولي,ئێکەم ژڤان,COMPLETE,Flutter,appointments,"mobile/lib/l10n/app_{en,ar,ku}.arb#initialAppointment",No,No,No,Explicit Arabic and Badini catalog values; no supported-locale English spread fallback.
S13U-0524,internal detail,,,MACHINE_CONTRACT,Backend user-visible,shared,backend/src/common/errors/api-exception.filter.spec.ts:15,No,No,No,Sprint 13U backend boundary classification: MACHINE_CONTRACT.
S13U-0525,Invalid credentials.,,,MACHINE_CONTRACT,Backend user-visible,authentication,backend/src/modules/identity/application/authentication.service.ts:271,No,No,No,Sprint 13U backend boundary classification: MACHINE_CONTRACT.
S13U-0526,Iraq,العراق,ئیراق,COMPLETE,Flutter,shared,"mobile/lib/l10n/app_{en,ar,ku}.arb#iraq",No,No,No,Explicit Arabic and Badini catalog values; no supported-locale English spread fallback.
S13U-0528,Keep your care organized,نظّم رعايتك بسهولة,چاڤدێرییا خۆ ڕێک و پێک بکە,COMPLETE,Flutter,appointments,"mobile/lib/l10n/app_{en,ar,ku}.arb#welcomeAppointments",No,No,No,Explicit Arabic and Badini catalog values; no supported-locale English spread fallback.
S13U-0529,Language,اللغة,زمان,COMPLETE,Clinic Portal; Flutter,doctor portal,"clinic-portal/src/features/doctor-settings/presentation/messages.ts#language; clinic-portal/src/features/portal-foundation/presentation/foundation-messages.ts#language; mobile/lib/l10n/app_{en,ar,ku}.arb#languageLabel",No,No,No,Explicit Arabic and Badini catalog values; no supported-locale English spread fallback.
S13U-0530,Languages,اللغات,زمان,COMPLETE,Flutter,home/navigation,"mobile/lib/l10n/app_{en,ar,ku}.arb#languagesLabel",No,No,No,Explicit Arabic and Badini catalog values; no supported-locale English spread fallback.
S13U-0531,Large gap,فترة فارغة طويلة,دەمەکێ ڤالا یێ درێژ,COMPLETE,Clinic Portal,doctor portal,clinic-portal/src/features/doctor-schedule/presentation/messages.ts#largeGap,No,No,No,Explicit Arabic and Badini catalog values; no supported-locale English spread fallback.
S13U-0532,Last appointment,معلومات,زانیاری,COMPLETE,Clinic Portal,appointments,clinic-portal/src/i18n/index.ts#lastAppointment,No,No,No,Explicit Arabic and Badini catalog values; no supported-locale English spread fallback.
S13U-0533,Last localization update,معلومات,زانیاری,COMPLETE,Clinic Portal,doctor portal,clinic-portal/src/features/doctor-settings/presentation/messages.ts#lastLocalizationUpdate,No,No,No,Explicit Arabic and Badini catalog values; no supported-locale English spread fallback.
S13U-0534,Last name,اسم العائلة,ناڤێ دووماهیێ,COMPLETE,Flutter,shared,"mobile/lib/l10n/app_{en,ar,ku}.arb#lastName",No,No,No,Explicit Arabic and Badini catalog values; no supported-locale English spread fallback.
S13U-0535,Last updated,آخر تحديث,زانیاری,COMPLETE,Clinic Portal,doctor portal,clinic-portal/src/features/doctor-notifications/presentation/messages.ts#lastUpdated,No,No,No,Explicit Arabic and Badini catalog values; no supported-locale English spread fallback.
S13U-0536,Last-Event-ID is invalid.,,,MACHINE_CONTRACT,Backend user-visible,notifications,backend/src/modules/notifications/application/notification.service.ts:76; backend/src/modules/notifications/application/notification.service.ts:79,No,No,No,Sprint 13U backend boundary classification: MACHINE_CONTRACT.
S13U-0537,Late,معلومات,زانیاری,COMPLETE,Clinic Portal,shared,clinic-portal/src/i18n/index.ts#late,No,No,No,Explicit Arabic and Badini catalog values; no supported-locale English spread fallback.
S13U-0538,Length,المدة,مایی,COMPLETE,Clinic Portal,doctor portal,clinic-portal/src/features/doctor-schedule/presentation/messages.ts#length,No,No,No,Explicit Arabic and Badini catalog values; no supported-locale English spread fallback.
S13U-0539,License,الترخيص,مولەت,COMPLETE,Clinic Portal,doctor portal,clinic-portal/src/features/doctor-settings/presentation/messages.ts#license,No,No,No,Explicit Arabic and Badini catalog values; no supported-locale English spread fallback.
S13U-0540,LIVE,مباشر,ڕاستەوخۆ,COMPLETE,Flutter,shared,"mobile/lib/l10n/app_{en,ar,ku}.arb#live",No,No,No,Explicit Arabic and Badini catalog values; no supported-locale English spread fallback.
S13U-0541,Live queue,قائمة الانتظار المباشرة,رێزبەندییا زندی,COMPLETE,Clinic Portal; Flutter,queue,"clinic-portal/src/features/live-queue/presentation/production-messages.ts#title; mobile/lib/l10n/app_{en,ar,ku}.arb#liveQueue",No,No,No,Explicit Arabic and Badini catalog values; no supported-locale English spread fallback.
S13U-0542,Live Queue,قائمة الانتظار المباشرة,رێزبەندییا زندی,COMPLETE,Clinic Portal,queue,clinic-portal/src/features/live-queue/presentation/messages.ts#liveQueue; clinic-portal/src/features/portal-foundation/presentation/foundation-messages.ts#liveQueue; clinic-portal/src/i18n/index.ts#queue,No,No,No,Explicit Arabic and Badini catalog values; no supported-locale English spread fallback.
S13U-0543,Live Queue is available for today's appointment.,الطابور المباشر متاح لموعد اليوم.,رێزبەندییا زندی بۆ ژڤانیا ئەڤرۆ بەردەستە.,COMPLETE,Flutter,appointments,"mobile/lib/l10n/app_{en,ar,ku}.arb#queueAvailableToday",No,No,No,Explicit Arabic and Badini catalog values; no supported-locale English spread fallback.
S13U-0544,Live Queues,قائمة الانتظار المباشرة,رێزبەندییا زندی,COMPLETE,Clinic Portal,queue,clinic-portal/src/i18n/index.ts#liveQueues,No,No,No,Explicit Arabic and Badini catalog values; no supported-locale English spread fallback.
S13U-0545,Load more,تحميل المزيد,پتر بار بکە,COMPLETE,Clinic Portal; Flutter,billing,"clinic-portal/src/features/administration/presentation/messages.ts#loadMore; clinic-portal/src/features/billing/presentation/messages.ts#loadMore; mobile/lib/l10n/app_{en,ar,ku}.arb#loadMore",No,No,No,Explicit Arabic and Badini catalog values; no supported-locale English spread fallback.
S13U-0546,Loading arrival status…,جارٍ تحميل حالة الوصول…,رەوشا هاتنێ بار دبیت…,COMPLETE,Clinic Portal,queue,clinic-portal/src/features/arrivals/presentation/messages.ts#loading,No,No,No,Explicit Arabic and Badini catalog values; no supported-locale English spread fallback.
S13U-0547,Loading billing information,جارٍ تحميل معلومات الفوترة…,زانیاریێن حیسابکرنێ دهێنە بارکرن…,COMPLETE,Clinic Portal,billing,clinic-portal/src/features/billing/presentation/messages.ts#loading,No,No,No,Explicit Arabic and Badini catalog values; no supported-locale English spread fallback.
S13U-0548,Loading booking options,جارٍ تحميل خيارات الحجز,هەلبژاردنێن ژڤانیێ دهێنە بارکرن,COMPLETE,Flutter,appointments,"mobile/lib/l10n/app_{en,ar,ku}.arb#loadingBooking",No,No,No,Explicit Arabic and Badini catalog values; no supported-locale English spread fallback.
S13U-0549,Loading clinics…,جارٍ تحميل العيادات…,کلینیک دهێنە بارکرن…,COMPLETE,Clinic Portal,administration,clinic-portal/src/features/administration/presentation/messages.ts#loadingClinics,No,No,No,Explicit Arabic and Badini catalog values; no supported-locale English spread fallback.
S13U-0550,Loading doctors,جارٍ تحميل الأطباء,نوژدار دهێنە بارکرن,COMPLETE,Flutter,shared,"mobile/lib/l10n/app_{en,ar,ku}.arb#loadingDoctors",No,No,No,Explicit Arabic and Badini catalog values; no supported-locale English spread fallback.
S13U-0551,Loading more appointments,جارٍ تحميل المزيد من المواعيد,ژڤانێن پتر دهێنە بارکرن…,COMPLETE,Flutter,appointments,"mobile/lib/l10n/app_{en,ar,ku}.arb#loadingMoreAppointments",No,No,No,Explicit Arabic and Badini catalog values; no supported-locale English spread fallback.
S13U-0552,Loading more doctors,جارٍ تحميل المزيد من الأطباء,نوژدارێن پتر دهێنە بارکرن,COMPLETE,Flutter,shared,"mobile/lib/l10n/app_{en,ar,ku}.arb#loadingMoreDoctors",No,No,No,Explicit Arabic and Badini catalog values; no supported-locale English spread fallback.
S13U-0553,Loading organizations…,جارٍ تحميل المؤسسات…,رێکخراو دهێنە بارکرن…,COMPLETE,Clinic Portal,administration,clinic-portal/src/features/administration/presentation/messages.ts#loadingOrganizations,No,No,No,Explicit Arabic and Badini catalog values; no supported-locale English spread fallback.
S13U-0554,Loading secure portal,جارٍ تحميل البوابة الآمنة,پۆرتالا پارێزراو دهێتە بارکرن,COMPLETE,Clinic Portal,shared,clinic-portal/src/features/portal-foundation/presentation/foundation-messages.ts#loading,No,No,No,Explicit Arabic and Badini catalog values; no supported-locale English spread fallback.
S13U-0555,Loading today's clinic overview,معلومات,پوختەیا کلینیکا ئەڤرو دهێتە بارکرن…,COMPLETE,Clinic Portal,clinic management,clinic-portal/src/i18n/index.ts#loading,No,No,No,Explicit Arabic and Badini catalog values; no supported-locale English spread fallback.
S13U-0556,Loading your appointments,جارٍ تحميل مواعيدك,ژڤانیێن تە دهێنە بارکرن,COMPLETE,Flutter,appointments,"mobile/lib/l10n/app_{en,ar,ku}.arb#loadingAppointments",No,No,No,Explicit Arabic and Badini catalog values; no supported-locale English spread fallback.
S13U-0557,Loading your live queue,,,RESOLVED,Flutter,queue,mobile/lib/features/live_queue/presentation/widgets/live_queue_loading_view.dart:10,No,No,No,Former hardcoded presentation string removed or localized in Sprint 13U.
S13U-0558,Loading your patient account,جارٍ تحميل حساب المريض,هەژمارێ نەخۆشی دهێتە بارکرن,COMPLETE,Flutter,profile/account,"mobile/lib/l10n/app_{en,ar,ku}.arb#loadingPatientAccount",No,No,No,Explicit Arabic and Badini catalog values; no supported-locale English spread fallback.
S13U-0559,Loading…,جارٍ التحميل…,دهێتە بارکرن…,COMPLETE,Clinic Portal,administration,clinic-portal/src/features/administration/presentation/messages.ts#loading; clinic-portal/src/features/clinical-presentation/messages.ts#loading,No,No,No,Explicit Arabic and Badini catalog values; no supported-locale English spread fallback.
S13U-0560,Log out,تسجيل الخروج,دەرکەفتن,COMPLETE,Clinic Portal; Flutter,shared,"clinic-portal/src/features/portal-foundation/presentation/foundation-messages.ts#logout; mobile/lib/l10n/app_{en,ar,ku}.arb#logOut",No,No,No,Explicit Arabic and Badini catalog values; no supported-locale English spread fallback.
S13U-0561,Log out all devices,تسجيل الخروج من كل الأجهزة,دەرکەفتن ژ هەمی ئامێران,COMPLETE,Clinic Portal,shared,clinic-portal/src/features/portal-foundation/presentation/foundation-messages.ts#logoutAll,No,No,No,Explicit Arabic and Badini catalog values; no supported-locale English spread fallback.
S13U-0562,Lunch approaching,موعد استراحة الغداء يقترب,بێهنڤەدانا خوارنێ نێزیکە,COMPLETE,Clinic Portal,doctor portal,clinic-portal/src/features/doctor-schedule/presentation/messages.ts#lunchApproaching,No,No,No,Explicit Arabic and Badini catalog values; no supported-locale English spread fallback.
S13U-0563,Lunch break,استراحة الغداء,بێهنڤەدانا خوارنێ,COMPLETE,Clinic Portal,doctor portal,clinic-portal/src/features/doctor-schedule/presentation/messages.ts#lunchBreak,No,No,No,Explicit Arabic and Badini catalog values; no supported-locale English spread fallback.
S13U-0564,Male,ذكر,نێر,COMPLETE,Flutter,shared,"mobile/lib/l10n/app_{en,ar,ku}.arb#genderMale",No,No,No,Explicit Arabic and Badini catalog values; no supported-locale English spread fallback.
S13U-0565,Mandatory command audit is unavailable.,,,USER_VISIBLE,Backend user-visible,appointments,backend/src/modules/appointments/presentation/appointments.controller.ts:119; backend/src/modules/arrivals/presentation/arrivals.controller.ts:98,No,No,Yes,Sprint 13U backend boundary classification: USER_VISIBLE.
S13U-0566,Mandatory staff read audit is unavailable.,,,USER_VISIBLE,Backend user-visible,appointments,backend/src/modules/appointments/presentation/appointments.controller.ts:63; backend/src/modules/appointments/presentation/appointments.controller.ts:85; backend/src/modules/arrivals/presentation/arrivals.controller.ts:64,No,No,Yes,Sprint 13U backend boundary classification: USER_VISIBLE.
S13U-0567,Mark as Arrived,تسجيل الوصول,هاتنێ تۆمار بکە,COMPLETE,Clinic Portal,shared,clinic-portal/src/i18n/index.ts#markArrived,No,No,No,Explicit Arabic and Badini catalog values; no supported-locale English spread fallback.
S13U-0568,Mark No Response,تسجيل عدم الرد,بێ بەرسڤ تومار بکە,COMPLETE,Clinic Portal,queue,clinic-portal/src/features/live-queue/presentation/messages.ts#markNoResponse,No,No,No,Explicit Arabic and Badini catalog values; no supported-locale English spread fallback.
S13U-0569,Mark no response,تسجيل عدم الرد,بێ بەرسڤ تومار بکە,COMPLETE,Clinic Portal,queue,clinic-portal/src/features/live-queue/presentation/production-messages.ts#noResponse,No,No,No,Explicit Arabic and Badini catalog values; no supported-locale English spread fallback.
S13U-0570,min,د,خولەک,COMPLETE,Flutter,shared,"mobile/lib/l10n/app_{en,ar,ku}.arb#minutesShort",No,No,No,Explicit Arabic and Badini catalog values; no supported-locale English spread fallback.
S13U-0571,Minimum experience,الحد الأدنى للخبرة,کێمترین ئەزموون,COMPLETE,Flutter,shared,"mobile/lib/l10n/app_{en,ar,ku}.arb#minimumExperienceLabel",No,No,No,Explicit Arabic and Badini catalog values; no supported-locale English spread fallback.
S13U-0572,Missing phone number,معلومات,زانیاری,COMPLETE,Clinic Portal,shared,clinic-portal/src/i18n/index.ts#missingPhone,No,No,No,Explicit Arabic and Badini catalog values; no supported-locale English spread fallback.
S13U-0573,Mobile number,رقم الهاتف,ژمارا موبایلێ,COMPLETE,Flutter,shared,"mobile/lib/l10n/app_{en,ar,ku}.arb#phoneNumber",No,No,No,Explicit Arabic and Badini catalog values; no supported-locale English spread fallback.
S13U-0574,Mock repository,معلومات,زانیاری,COMPLETE,Clinic Portal,doctor portal,clinic-portal/src/features/doctor-settings/presentation/messages.ts#mock,No,No,No,Explicit Arabic and Badini catalog values; no supported-locale English spread fallback.
S13U-0575,Mock session,معلومات,زانیاری,COMPLETE,Clinic Portal,doctor portal,clinic-portal/src/features/doctor-settings/presentation/messages.ts#mockSession,No,No,No,Explicit Arabic and Badini catalog values; no supported-locale English spread fallback.
S13U-0576,More doctors could not be loaded. Your current results are still shown.,تعذر تحميل المزيد من الأطباء. ما زالت النتائج الحالية معروضة.,بارکرنا نوژدارێن پتر سەرنەکەفت. ئەنجامێن نوکە هێشتا دیارن.,COMPLETE,Flutter,shared,"mobile/lib/l10n/app_{en,ar,ku}.arb#loadMoreFailed",No,No,No,Explicit Arabic and Badini catalog values; no supported-locale English spread fallback.
S13U-0577,More entries could not be loaded. Existing entries remain visible.,تعذر تحميل المزيد. تبقى السجلات الحالية ظاهرة.,زانیاریێن زێدە بار نەبوون. یێن هەین د نیشاندانێ دا دەمینن.,COMPLETE,Clinic Portal,queue,clinic-portal/src/features/live-queue/presentation/production-messages.ts#paginationError,No,No,No,Explicit Arabic and Badini catalog values; no supported-locale English spread fallback.
S13U-0578,More patients are waiting than usual. Keep the queue moving.,راجع المعلومات قبل المتابعة.,ژ ئاسایی پتر نەخوش ل چاڤەرێ نە. سرایێ بەردەوام ببە پێش.,COMPLETE,Clinic Portal,queue,clinic-portal/src/features/live-queue/presentation/messages.ts#busyHelp,No,No,No,Explicit Arabic and Badini catalog values; no supported-locale English spread fallback.
S13U-0579,Morning handover is ready for review.,معلومات,رادەستکرنا سپێدێ بو پشکنینێ ئامادەیە.,COMPLETE,Clinic Portal,shared,clinic-portal/src/i18n/index.ts#update4,No,No,No,Explicit Arabic and Badini catalog values; no supported-locale English spread fallback.
S13U-0580,Morning shift,الفترة الصباحية,شێفتا سپێدێ,COMPLETE,Clinic Portal,doctor portal,clinic-portal/src/features/doctor-schedule/presentation/messages.ts#morningShift,No,No,No,Explicit Arabic and Badini catalog values; no supported-locale English spread fallback.
S13U-0581,Morning shift · 8:00 AM–4:00 PM,معلومات,زانیاری,COMPLETE,Clinic Portal,shared,clinic-portal/src/i18n/index.ts#shift,No,No,No,Explicit Arabic and Badini catalog values; no supported-locale English spread fallback.
S13U-0582,My Appointments,مواعيدي,ژڤانێن من,COMPLETE,Flutter,appointments,"mobile/lib/l10n/app_{en,ar,ku}.arb#myAppointments",No,No,No,Explicit Arabic and Badini catalog values; no supported-locale English spread fallback.
S13U-0584,Needs Attention,معلومات,زانیاری,COMPLETE,Clinic Portal,shared,clinic-portal/src/i18n/index.ts#needsAttention,No,No,No,Explicit Arabic and Badini catalog values; no supported-locale English spread fallback.
S13U-0585,Net commission,صافي العمولة,کومیسیونا خالص,COMPLETE,Clinic Portal,billing,clinic-portal/src/features/billing/presentation/messages.ts#net,No,No,No,Explicit Arabic and Badini catalog values; no supported-locale English spread fallback.
S13U-0586,New consultation,استشارة جديدة,پشکنینا نوی,COMPLETE,Clinic Portal,doctor portal,clinic-portal/src/features/doctor-schedule/presentation/messages.ts#newConsultation,No,No,No,Explicit Arabic and Badini catalog values; no supported-locale English spread fallback.
S13U-0587,New date and time,التاريخ والوقت الجديدان,رێکەفت و دەمێ نوی,COMPLETE,Clinic Portal,clinic management,clinic-portal/src/features/clinical-presentation/messages.ts#startsAt,No,No,No,Explicit Arabic and Badini catalog values; no supported-locale English spread fallback.
S13U-0588,New information became available.,أصبحت معلومات جديدة متاحة.,زانیاریێن نوی بەردەست بوون.,COMPLETE,Flutter,notifications,"mobile/lib/l10n/app_{en,ar,ku}.arb#notificationGeneralWhy",No,No,No,Explicit Arabic and Badini catalog values; no supported-locale English spread fallback.
S13U-0589,Next appointment,الموعد القادم,ژڤانێ ل دویفرا,COMPLETE,Clinic Portal,appointments,clinic-portal/src/i18n/index.ts#nextAppointment,No,No,No,Explicit Arabic and Badini catalog values; no supported-locale English spread fallback.
S13U-0590,Next Arrivals,القادمون تالياً,هاتنێن ل دویفرا,COMPLETE,Clinic Portal,queue,clinic-portal/src/i18n/index.ts#nextArrivals,No,No,No,Explicit Arabic and Badini catalog values; no supported-locale English spread fallback.
S13U-0591,Next availability,معلومات,زانیاری,COMPLETE,Clinic Portal,shared,clinic-portal/src/i18n/index.ts#availability,No,No,No,Explicit Arabic and Badini catalog values; no supported-locale English spread fallback.
S13U-0592,Next page,الصفحة التالية,لاپەڕا پاش,COMPLETE,Clinic Portal,queue,clinic-portal/src/features/clinical-presentation/messages.ts#next; clinic-portal/src/features/live-queue/presentation/production-messages.ts#next,No,No,No,Explicit Arabic and Badini catalog values; no supported-locale English spread fallback.
S13U-0593,Next patient,المريض التالي,نەخوشێ ل دویفرا,COMPLETE,Clinic Portal,doctor portal,clinic-portal/src/features/doctor-schedule/presentation/messages.ts#nextPatient,No,No,No,Explicit Arabic and Badini catalog values; no supported-locale English spread fallback.
S13U-0594,Next Patients,المرضى التاليون,نەخوشێن ل دویفرا,COMPLETE,Clinic Portal,doctor portal,clinic-portal/src/features/doctor-patients/presentation/messages.ts#nextPatients; clinic-portal/src/features/doctor/presentation/messages.ts#nextPatients,No,No,No,Explicit Arabic and Badini catalog values; no supported-locale English spread fallback.
S13U-0595,Next step,الخطوة التالية,گاڤا ل دویفرا,COMPLETE,Clinic Portal,shared,clinic-portal/src/i18n/index.ts#nextStep,No,No,No,Explicit Arabic and Badini catalog values; no supported-locale English spread fallback.
S13U-0596,Next Three Patients,المرضى الثلاثة التاليون,سێ نەخوشێن ل دویفرا,COMPLETE,Clinic Portal,queue,clinic-portal/src/features/live-queue/presentation/messages.ts#nextThree,No,No,No,Explicit Arabic and Badini catalog values; no supported-locale English spread fallback.
S13U-0597,No action is needed during the current consultation.,متابعة,بەردەوام بە,COMPLETE,Clinic Portal,doctor portal,clinic-portal/src/features/doctor-notifications/presentation/messages.ts#announcementAction,No,No,No,Explicit Arabic and Badini catalog values; no supported-locale English spread fallback.
S13U-0598,No active clinic access is available.,,,MACHINE_CONTRACT,Backend user-visible,authentication,backend/src/modules/identity/application/authentication.service.ts:277,No,No,No,Sprint 13U backend boundary classification: MACHINE_CONTRACT.
S13U-0599,No active patient,لا يوجد مريض حالي,هیچ نەخوشەک نینە,COMPLETE,Clinic Portal,doctor portal,clinic-portal/src/features/doctor-patients/presentation/messages.ts#noCurrent; clinic-portal/src/features/doctor/presentation/messages.ts#noActivePatient,No,No,No,Explicit Arabic and Badini catalog values; no supported-locale English spread fallback.
S13U-0600,No active patient is visible in the authenticated clinic.,,,USER_VISIBLE,Backend user-visible,authentication,backend/src/modules/patients/presentation/patients.controller.ts:90,No,No,Yes,Sprint 13U backend boundary classification: USER_VISIBLE.
S13U-0601,No appointments match these filters.,لا توجد مواعيد مطابقة.,هیچ ژوانەک گونجای نەهاتە دیتن.,COMPLETE,Clinic Portal,appointments,clinic-portal/src/features/clinical-presentation/messages.ts#noAppointments,No,No,No,Explicit Arabic and Badini catalog values; no supported-locale English spread fallback.
S13U-0602,No appointments match your search,معلومات,چ ژڤان ل گەل لێگەریانا تە ناگونجن,COMPLETE,Clinic Portal,appointments,clinic-portal/src/i18n/index.ts#noResults,No,No,No,Explicit Arabic and Badini catalog values; no supported-locale English spread fallback.
S13U-0603,No appointments today,لا توجد مواعيد اليوم,ئەڤرو چ ژڤان نینن,COMPLETE,Clinic Portal,appointments,clinic-portal/src/i18n/index.ts#noAppointments,No,No,No,Explicit Arabic and Badini catalog values; no supported-locale English spread fallback.
S13U-0604,No arrival recorded,لم يُسجل الوصول,هاتن نەهاتە تۆمارکرن,COMPLETE,Clinic Portal,queue,clinic-portal/src/features/arrivals/presentation/messages.ts#expected,No,No,No,Explicit Arabic and Badini catalog values; no supported-locale English spread fallback.
S13U-0605,No arrivals today,معلومات,زانیاری,COMPLETE,Clinic Portal,queue,clinic-portal/src/i18n/index.ts#noArrivals,No,No,No,Explicit Arabic and Badini catalog values; no supported-locale English spread fallback.
S13U-0606,No available times in this date range.,لا توجد أوقات متاحة ضمن هذه الفترة.,د ڤی ماوەی دا چ دەمێن بەردەست نینن,COMPLETE,Flutter,shared,"mobile/lib/l10n/app_{en,ar,ku}.arb#noAvailableSlots",No,No,No,Explicit Arabic and Badini catalog values; no supported-locale English spread fallback.
S13U-0607,No billing data is available.,لا توجد بيانات فوترة متاحة,چ زانیاریێن حیسابکرنێ بەردەست نینن.,COMPLETE,Clinic Portal,billing,clinic-portal/src/features/billing/presentation/messages.ts#noData,No,No,No,Explicit Arabic and Badini catalog values; no supported-locale English spread fallback.
S13U-0608,No clinic activity yet,معلومات,هێشتا چ چالاکییەکا کلینیکێ نینە.,COMPLETE,Clinic Portal,clinic management,clinic-portal/src/i18n/index.ts#empty,No,No,No,Explicit Arabic and Badini catalog values; no supported-locale English spread fallback.
S13U-0609,No clinics have been created yet.,لم يتم إنشاء أي عيادة بعد.,هێشتا چ کلینیک نەهاتیە دروستکرن.,COMPLETE,Clinic Portal,administration,clinic-portal/src/features/administration/presentation/messages.ts#noClinics,No,No,No,Explicit Arabic and Badini catalog values; no supported-locale English spread fallback.
S13U-0610,No consultation is active. The waiting list remains unchanged until reception calls the next patient.,تعذر عرض المعلومات حالياً.,نوکە چ پشکنینەک چالاک نینە. سرایا چاڤەرێ هەروەسا دمینیت هەتا پێشوازی نەخوشێ ل دویفرا بانگ بکەت,COMPLETE,Clinic Portal,doctor portal,clinic-portal/src/features/doctor/presentation/messages.ts#noActivePatientBody,No,No,No,Explicit Arabic and Badini catalog values; no supported-locale English spread fallback.
S13U-0611,No consultation is active. The waiting patients remain unchanged.,تعذر عرض المعلومات حالياً.,نوکە چ پشکنینەک چالاک نینە. نەخوشێن ل چاڤەرێ وەکی خو دمینن.,COMPLETE,Clinic Portal,doctor portal,clinic-portal/src/features/doctor-patients/presentation/messages.ts#noCurrentBody,No,No,No,Explicit Arabic and Badini catalog values; no supported-locale English spread fallback.
S13U-0612,No doctors found,لم يتم العثور على أطباء,چ نوژدار نەهاتنە دیتن,COMPLETE,Flutter,shared,"mobile/lib/l10n/app_{en,ar,ku}.arb#noDoctorsTitle",No,No,No,Explicit Arabic and Badini catalog values; no supported-locale English spread fallback.
S13U-0613,No earlier notifications,لا توجد إشعارات سابقة,هیچ ئاگەهدارییەکا بوری نینە.,COMPLETE,Clinic Portal,doctor portal,clinic-portal/src/features/doctor-notifications/presentation/messages.ts#noEarlier,No,No,No,Explicit Arabic and Badini catalog values; no supported-locale English spread fallback.
S13U-0614,No organizations have been created yet.,لم يتم إنشاء أي مؤسسة بعد.,هێشتا چ رێکخراو نەهاتیە دروستکرن.,COMPLETE,Clinic Portal,administration,clinic-portal/src/features/administration/presentation/messages.ts#noOrganizations,No,No,No,Explicit Arabic and Badini catalog values; no supported-locale English spread fallback.
S13U-0615,No patient is currently being seen.,معلومات,نوکە چ نەخوش د پشکنینێ دا نینە,COMPLETE,Clinic Portal,queue,clinic-portal/src/features/live-queue/presentation/messages.ts#noCurrent,No,No,No,Explicit Arabic and Badini catalog values; no supported-locale English spread fallback.
S13U-0616,No patient is waiting.,,,MACHINE_CONTRACT,Backend user-visible,queue,backend/src/modules/queue/infrastructure/prisma-queue.repository.ts:695,No,No,No,Sprint 13U backend boundary classification: MACHINE_CONTRACT.
S13U-0617,No patient profiles are available yet.,لا توجد ملفات مرضى بعد.,هێشتا چ پڕۆفایلێن نەخۆشان نینن.,COMPLETE,Flutter,profile/account,"mobile/lib/l10n/app_{en,ar,ku}.arb#emptyPatientProfiles",No,No,No,Explicit Arabic and Badini catalog values; no supported-locale English spread fallback.
S13U-0618,No patients,لا يوجد مرضى,چ نەخوش نینن,COMPLETE,Clinic Portal,profile/account,clinic-portal/src/i18n/index.ts#noPatients,No,No,No,Explicit Arabic and Badini catalog values; no supported-locale English spread fallback.
S13U-0619,No patients are currently ready,معلومات,زانیاری,COMPLETE,Clinic Portal,doctor portal,clinic-portal/src/features/doctor/presentation/messages.ts#noWaiting,No,No,No,Explicit Arabic and Badini catalog values; no supported-locale English spread fallback.
S13U-0620,No patients are expected to arrive today.,تعذر عرض المعلومات حالياً.,ئەڤرو چ نەخوش ناهێن,COMPLETE,Clinic Portal,queue,clinic-portal/src/i18n/index.ts#noArrivalsBody,No,No,No,Explicit Arabic and Badini catalog values; no supported-locale English spread fallback.
S13U-0621,No patients are ready next,لا يوجد مرضى جاهزون تالياً,چ نینە,COMPLETE,Clinic Portal,doctor portal,clinic-portal/src/features/doctor-patients/presentation/messages.ts#noNext,No,No,No,Explicit Arabic and Badini catalog values; no supported-locale English spread fallback.
S13U-0622,No patients are ready to be called.,معلومات,چ نەخوش بو بانگکرنێ ئامادە نینن,COMPLETE,Clinic Portal,queue,clinic-portal/src/features/live-queue/presentation/messages.ts#noWaiting,No,No,No,Explicit Arabic and Badini catalog values; no supported-locale English spread fallback.
S13U-0623,No patients match your search,معلومات,چ ژڤان ل گەل لێگەریانا تە ناگونجن,COMPLETE,Clinic Portal,profile/account,clinic-portal/src/i18n/index.ts#noResults,No,No,No,Explicit Arabic and Badini catalog values; no supported-locale English spread fallback.
S13U-0624,No patients match your search.,لا يوجد مرضى مطابقون للبحث.,چ نەخوش ل گەل لێگەریانا تە ناگونجن,COMPLETE,Clinic Portal,profile/account,clinic-portal/src/features/clinical-presentation/messages.ts#noPatients,No,No,No,Explicit Arabic and Badini catalog values; no supported-locale English spread fallback.
S13U-0625,No profile image for {name},لا توجد صورة ملف شخصي لـ {name},وێنێ پڕۆفایلا {name} نینە,COMPLETE,Flutter,profile/account,"mobile/lib/l10n/app_{en,ar,ku}.arb#profileImageFallback",No,No,No,Explicit Arabic and Badini catalog values; no supported-locale English spread fallback.
S13U-0626,No queue is open for this doctor today.,لا يوجد طابور مفتوح لهذا الطبيب اليوم.,بۆ ڤی نوژداری ئەڤڕۆ هیچ رێزەک ڤەنەکریە.,COMPLETE,Clinic Portal,queue,clinic-portal/src/features/live-queue/presentation/production-messages.ts#noQueue,No,No,No,Explicit Arabic and Badini catalog values; no supported-locale English spread fallback.
S13U-0627,No read notifications from today,معلومات,ئەڤرو چ ئاگەهداریێن ڤەکری نینن.,COMPLETE,Clinic Portal,doctor portal,clinic-portal/src/features/doctor-notifications/presentation/messages.ts#noToday,No,No,No,Explicit Arabic and Badini catalog values; no supported-locale English spread fallback.
S13U-0628,No recent appointments.,لا توجد مواعيد سابقة.,ژوانێن بۆری نینن.,COMPLETE,Clinic Portal,appointments,clinic-portal/src/features/clinical-presentation/messages.ts#noRecent,No,No,No,Explicit Arabic and Badini catalog values; no supported-locale English spread fallback.
S13U-0629,No recently viewed patients,معلومات,هیچ نەخوشەکێ کو بوری هاتیە دیتن نینە.,COMPLETE,Clinic Portal,profile/account,clinic-portal/src/i18n/index.ts#noRecent,No,No,No,Explicit Arabic and Badini catalog values; no supported-locale English spread fallback.
S13U-0630,No remaining appointments are scheduled for this doctor.,راجع المعلومات قبل المتابعة.,بەری بەردەوامبوونێ زانیاریان بپشکنە.,COMPLETE,Clinic Portal,doctor portal,clinic-portal/src/features/doctor-schedule/presentation/messages.ts#noUpcomingHelp,No,No,No,Explicit Arabic and Badini catalog values; no supported-locale English spread fallback.
S13U-0631,No response,لم يرد,بێ بەرسڤ,COMPLETE,Clinic Portal,queue,clinic-portal/src/features/live-queue/presentation/production-messages.ts#noResponseStatus,No,No,No,Explicit Arabic and Badini catalog values; no supported-locale English spread fallback.
S13U-0632,No response recorded,معلومات,زانیاری,COMPLETE,Clinic Portal,queue,clinic-portal/src/features/live-queue/presentation/messages.ts#noResponse,No,No,No,Explicit Arabic and Badini catalog values; no supported-locale English spread fallback.
S13U-0633,No show,لم يحضر,نەهات,COMPLETE,Clinic Portal,clinic management,clinic-portal/src/features/clinical-presentation/messages.ts#noShow,No,No,No,Explicit Arabic and Badini catalog values; no supported-locale English spread fallback.
S13U-0634,No unread notifications,لا توجد إشعارات غير مقروءة,هیچ ئاگەهداریێن نەڤەکری نینن.,COMPLETE,Clinic Portal,doctor portal,clinic-portal/src/features/doctor-notifications/presentation/messages.ts#noUnread,No,No,No,Explicit Arabic and Badini catalog values; no supported-locale English spread fallback.
S13U-0635,No unsafe change was made. Go back and review the appointment before trying again.,معلومات,چ گهورینەکا نەپاراستی نەهاتە کرن. ب ڤەگەرە و ژڤانێ بپشکنە بەری کو دیسان هەول بدەی.,COMPLETE,Clinic Portal,appointments,clinic-portal/src/i18n/index.ts#safe,No,No,No,Explicit Arabic and Badini catalog values; no supported-locale English spread fallback.
S13U-0636,No upcoming appointments,لا توجد مواعيد قادمة,چ ژڤان ل دویفرا نینن,COMPLETE,Clinic Portal,appointments,clinic-portal/src/i18n/index.ts#noUpcoming,No,No,No,Explicit Arabic and Badini catalog values; no supported-locale English spread fallback.
S13U-0637,No upcoming appointments.,لا توجد مواعيد قادمة,چ ژڤان ل دویفرا نینن,COMPLETE,Clinic Portal,appointments,clinic-portal/src/features/clinical-presentation/messages.ts#noUpcoming,No,No,No,Explicit Arabic and Badini catalog values; no supported-locale English spread fallback.
S13U-0638,No upcoming sessions,لا توجد جلسات قادمة,هیچ دانیشتنەکا داهاتی نینە,COMPLETE,Clinic Portal,doctor portal,clinic-portal/src/features/doctor-schedule/presentation/messages.ts#noUpcoming,No,No,No,Explicit Arabic and Badini catalog values; no supported-locale English spread fallback.
S13U-0639,No warnings,لا توجد تنبيهات,هیچ ئاگەهدارییەک نینە,COMPLETE,Clinic Portal,doctor portal,clinic-portal/src/features/doctor-schedule/presentation/messages.ts#noWarnings,No,No,No,Explicit Arabic and Badini catalog values; no supported-locale English spread fallback.
S13U-0640,No-show,لم يحضر,نەهات,COMPLETE,Flutter,shared,"mobile/lib/l10n/app_{en,ar,ku}.arb#noShow",No,No,No,Explicit Arabic and Badini catalog values; no supported-locale English spread fallback.
S13U-0641,None,لا يوجد,نینە,COMPLETE,Clinic Portal,doctor portal,clinic-portal/src/features/doctor-notifications/presentation/messages.ts#none; clinic-portal/src/features/doctor-schedule/presentation/messages.ts#none; clinic-portal/src/features/doctor-settings/presentation/messages.ts#none; clinic-portal/src/features/doctor/presentation/messages.ts#none; clinic-portal/src/features/live-queue/presentation/messages.ts#none; clinic-portal/src/features/live-queue/presentation/production-messages.ts#none; clinic-portal/src/i18n/index.ts#none,No,No,No,Explicit Arabic and Badini catalog values; no supported-locale English spread fallback.
S13U-0642,Normal,عادية,ئاسایی,COMPLETE,Clinic Portal,doctor portal,clinic-portal/src/features/doctor-notifications/presentation/messages.ts#normal,No,No,No,Explicit Arabic and Badini catalog values; no supported-locale English spread fallback.
S13U-0643,Not accepting new patients,لا يستقبل مرضى جدداً,نەخۆشێن نوی وەرناگریت,COMPLETE,Flutter,profile/account,"mobile/lib/l10n/app_{en,ar,ku}.arb#notAcceptingNewPatients",No,No,No,Explicit Arabic and Badini catalog values; no supported-locale English spread fallback.
S13U-0644,Not available in this Sprint,المعلومات,زانیاری,COMPLETE,Clinic Portal,doctor portal,clinic-portal/src/features/doctor/presentation/messages.ts#placeholderTitle,No,No,No,Explicit Arabic and Badini catalog values; no supported-locale English spread fallback.
S13U-0645,Not available yet,غير متاح بعد,هێشتا بەردەست نینە,COMPLETE,Clinic Portal,shared,clinic-portal/src/features/portal-foundation/presentation/foundation-messages.ts#featureUnavailable,No,No,No,Explicit Arabic and Badini catalog values; no supported-locale English spread fallback.
S13U-0646,Not exposed by the current backend contract,غير متاح في عقد الخادم الحالي,د گرێبەستا نوکە یا خادم دا نینە,COMPLETE,Clinic Portal,queue,clinic-portal/src/features/live-queue/presentation/production-messages.ts#dateUnavailable; clinic-portal/src/features/live-queue/presentation/production-messages.ts#timezoneUnavailable,No,No,No,Explicit Arabic and Badini catalog values; no supported-locale English spread fallback.
S13U-0647,Not specified,غير محدد,دیار نەکری,COMPLETE,Flutter,shared,"mobile/lib/l10n/app_{en,ar,ku}.arb#genderUnspecified",No,No,No,Explicit Arabic and Badini catalog values; no supported-locale English spread fallback.
S13U-0648,Not started,معلومات,زانیاری,COMPLETE,Clinic Portal,queue,clinic-portal/src/features/live-queue/presentation/production-messages.ts#notStarted,No,No,No,Explicit Arabic and Badini catalog values; no supported-locale English spread fallback.
S13U-0649,Notes,معلومات,زانیاری,COMPLETE,Clinic Portal,shared,clinic-portal/src/i18n/index.ts#notes,No,No,No,Explicit Arabic and Badini catalog values; no supported-locale English spread fallback.
S13U-0650,Notes will be available in a future Sprint.,معلومات,زانیاری,COMPLETE,Clinic Portal,shared,clinic-portal/src/i18n/index.ts#notesPlaceholder,No,No,No,Explicit Arabic and Badini catalog values; no supported-locale English spread fallback.
S13U-0651,Nothing here right now,لا يوجد شيء هنا الآن,نوکە هیچ تشتەک ل ڤێرێ نینە,COMPLETE,Flutter,appointments,"mobile/lib/l10n/app_{en,ar,ku}.arb#emptyAppointmentsTitle",No,No,No,Explicit Arabic and Badini catalog values; no supported-locale English spread fallback.
S13U-0652,Nothing needs attention,معلومات,هیچ تشتەک پێدڤی ب گرنگیدانێ نینە.,COMPLETE,Clinic Portal,shared,clinic-portal/src/i18n/index.ts#nothingAttention,No,No,No,Explicit Arabic and Badini catalog values; no supported-locale English spread fallback.
S13U-0653,Notification backlog must be recovered through the inbox API.,,,MACHINE_CONTRACT,Backend user-visible,notifications,backend/src/modules/notifications/application/notification-stream.service.ts:34,No,No,No,Sprint 13U backend boundary classification: MACHINE_CONTRACT.
S13U-0654,Notification cursor is invalid.,,,MACHINE_CONTRACT,Backend user-visible,notifications,backend/src/modules/notifications/application/notification.service.ts:107,No,No,No,Sprint 13U backend boundary classification: MACHINE_CONTRACT.
S13U-0655,Notification details,تفاصيل الإشعار,هویرکاتیێن ئاگەهداریێ,COMPLETE,Flutter,notifications,"mobile/lib/l10n/app_{en,ar,ku}.arb#notificationDetails",No,No,No,Explicit Arabic and Badini catalog values; no supported-locale English spread fallback.
S13U-0656,Notification Details,تفاصيل الإشعار,هویرکاتیێن ئاگەهداریێ,COMPLETE,Clinic Portal,doctor portal,clinic-portal/src/features/doctor-notifications/presentation/messages.ts#details,No,No,No,Explicit Arabic and Badini catalog values; no supported-locale English spread fallback.
S13U-0657,Notification Preferences,تفضيلات الإشعارات,هەلبژارتنێن ئاگەهدارییان,COMPLETE,Clinic Portal,doctor portal,clinic-portal/src/features/doctor-settings/presentation/messages.ts#notificationPreferences,No,No,No,Explicit Arabic and Badini catalog values; no supported-locale English spread fallback.
S13U-0658,Notification read state is temporarily unavailable.,,,MACHINE_CONTRACT,Backend user-visible,notifications,backend/src/modules/notifications/infrastructure/prisma-notification.repository.ts:141,No,No,No,Sprint 13U backend boundary classification: MACHINE_CONTRACT.
S13U-0659,Notification Summary,ملخص الإشعارات,پوختەیا ئاگەهدارییان,COMPLETE,Clinic Portal,doctor portal,clinic-portal/src/features/doctor-notifications/presentation/messages.ts#summary,No,No,No,Explicit Arabic and Badini catalog values; no supported-locale English spread fallback.
S13U-0660,Notification was not found.,,,MACHINE_CONTRACT,Backend user-visible,notifications,backend/src/modules/notifications/application/notification.service.ts:66,No,No,No,Sprint 13U backend boundary classification: MACHINE_CONTRACT.
S13U-0661,Notifications,الإشعارات,ئاگەهداری,COMPLETE,Clinic Portal; Flutter,doctor portal,"clinic-portal/src/features/doctor/presentation/messages.ts#notifications; clinic-portal/src/features/portal-foundation/presentation/foundation-messages.ts#notifications; clinic-portal/src/i18n/index.ts#notifications; mobile/lib/l10n/app_{en,ar,ku}.arb#notifications",No,No,No,Explicit Arabic and Badini catalog values; no supported-locale English spread fallback.
S13U-0662,Notifications are unavailable,الإشعارات غير متاحة,ئاگەهداری بەردەست نینن,COMPLETE,Flutter,notifications,"mobile/lib/l10n/app_{en,ar,ku}.arb#notificationsUnavailable",No,No,No,Explicit Arabic and Badini catalog values; no supported-locale English spread fallback.
S13U-0663,Notifications changed before this item was opened. Refresh and try again.,معلومات,بەری ڤەکرنا ڤی تشتی ئاگەهداری هاتنە گهورین. لاپەری نوی بکە و دیسان هەول بدە.,COMPLETE,Clinic Portal,doctor portal,clinic-portal/src/features/doctor-notifications/presentation/messages.ts#stale,No,No,No,Explicit Arabic and Badini catalog values; no supported-locale English spread fallback.
S13U-0664,Notifications unavailable,غير متاح,بەردەست نینە,COMPLETE,Clinic Portal,doctor portal,clinic-portal/src/features/doctor-notifications/presentation/messages.ts#unavailable,No,No,No,Explicit Arabic and Badini catalog values; no supported-locale English spread fallback.
S13U-0665,Number,معلومات,زانیاری,COMPLETE,Clinic Portal,queue,clinic-portal/src/features/live-queue/presentation/messages.ts#number,No,No,No,Explicit Arabic and Badini catalog values; no supported-locale English spread fallback.
S13U-0666,On break,في استراحة,د بێهنڤەدانێ دایە,COMPLETE,Clinic Portal,shared,clinic-portal/src/i18n/index.ts#break,No,No,No,Explicit Arabic and Badini catalog values; no supported-locale English spread fallback.
S13U-0667,On time,في الموعد,ل دەمێ خو دا,COMPLETE,Clinic Portal,shared,clinic-portal/src/i18n/index.ts#onTime,No,No,No,Explicit Arabic and Badini catalog values; no supported-locale English spread fallback.
S13U-0668,Onboard clinic,إضافة عيادة,کلینیکەکێ زێدە بکە,COMPLETE,Clinic Portal,administration,clinic-portal/src/features/administration/presentation/messages.ts#createClinic; clinic-portal/src/features/administration/presentation/messages.ts#onboardClinic,No,No,No,Explicit Arabic and Badini catalog values; no supported-locale English spread fallback.
S13U-0669,Onboard organizations and clinics for the Saxlem platform.,إضافة المؤسسات والعيادات إلى منصة ساكلم.,رێکخراو و کلینیکان بو پلاتفورما ساخلەم زێدە بکە.,COMPLETE,Clinic Portal,administration,clinic-portal/src/features/administration/presentation/messages.ts#administrationHelp,No,No,No,Explicit Arabic and Badini catalog values; no supported-locale English spread fallback.
S13U-0670,Onboarding,الإضافة,زێدەکرن,COMPLETE,Clinic Portal,administration,clinic-portal/src/features/administration/presentation/messages.ts#onboarding,No,No,No,Explicit Arabic and Badini catalog values; no supported-locale English spread fallback.
S13U-0671,Only updates affecting today's work.,راجع المعلومات قبل المتابعة.,تنێ نویکرنێن کو کارێ ئەڤرو کارتێدکەن ل ڤێرێ دیارن.,COMPLETE,Clinic Portal,shared,clinic-portal/src/i18n/index.ts#updatesHelp,No,No,No,Explicit Arabic and Badini catalog values; no supported-locale English spread fallback.
S13U-0672,Opaque pagination cursor containing printable ASCII only.,,,USER_VISIBLE,Backend user-visible,appointments,backend/src/modules/appointments/presentation/appointment.dto.ts:61,No,No,Yes,Sprint 13U backend boundary classification: USER_VISIBLE.
S13U-0673,Opaque rotating refresh token.,,,USER_VISIBLE,Backend user-visible,authentication,backend/src/modules/identity/presentation/auth.dto.ts:29,No,No,Yes,Sprint 13U backend boundary classification: USER_VISIBLE.
S13U-0674,Opaque session-bound cursor.,,,USER_VISIBLE,Backend user-visible,queue,backend/src/modules/notifications/presentation/notification.dto.ts:20; backend/src/modules/queue/presentation/queue.dto.ts:147,No,No,Yes,Sprint 13U backend boundary classification: USER_VISIBLE.
S13U-0675,"Opaque signed actor-, tenant-, filter-, and page-bound cursor.",,,USER_VISIBLE,Backend user-visible,billing,backend/src/modules/billing/presentation/billing.dto.ts:35,No,No,Yes,Sprint 13U backend boundary classification: USER_VISIBLE.
S13U-0676,Opaque signed cursor.,,,USER_VISIBLE,Backend user-visible,administration,backend/src/modules/administration/presentation/administration.dto.ts:70; backend/src/modules/patients/presentation/patient.dto.ts:166; backend/src/modules/patients/presentation/patient.dto.ts:194,No,No,Yes,Sprint 13U backend boundary classification: USER_VISIBLE.
S13U-0677,Open,فتح,ڤەکە,COMPLETE,Clinic Portal,doctor portal,clinic-portal/src/features/doctor/presentation/messages.ts#open; clinic-portal/src/features/live-queue/presentation/messages.ts#open; clinic-portal/src/features/live-queue/presentation/production-messages.ts#open; clinic-portal/src/i18n/index.ts#open,No,No,No,Explicit Arabic and Badini catalog values; no supported-locale English spread fallback.
S13U-0678,Open Appointment,فتح الموعد,ژڤانی ڤەکە,COMPLETE,Clinic Portal,doctor portal,clinic-portal/src/features/doctor-notifications/presentation/messages.ts#openAppointment; clinic-portal/src/features/doctor-patients/presentation/messages.ts#openAppointment; clinic-portal/src/i18n/index.ts#openAppointment,No,No,No,Explicit Arabic and Badini catalog values; no supported-locale English spread fallback.
S13U-0679,Open appointment,فتح الموعد,ژڤانی ڤەکە,COMPLETE,Clinic Portal,appointments,clinic-portal/src/features/clinical-presentation/messages.ts#openAppointment,No,No,No,Explicit Arabic and Badini catalog values; no supported-locale English spread fallback.
S13U-0680,Open Appointment Workspace,فتح الموعد,زانیاری,COMPLETE,Clinic Portal,doctor portal,clinic-portal/src/features/doctor/presentation/messages.ts#openAppointment,No,No,No,Explicit Arabic and Badini catalog values; no supported-locale English spread fallback.
S13U-0681,Open arrival workflow,فتح إجراءات الوصول,کارێ هاتنێ ڤەکە,COMPLETE,Clinic Portal,queue,clinic-portal/src/features/arrivals/presentation/messages.ts#openArrival,No,No,No,Explicit Arabic and Badini catalog values; no supported-locale English spread fallback.
S13U-0682,Open clinics,العيادة مفتوحة,کلینیک ڤەکرییە,COMPLETE,Clinic Portal,administration,clinic-portal/src/features/administration/presentation/messages.ts#openClinics,No,No,No,Explicit Arabic and Badini catalog values; no supported-locale English spread fallback.
S13U-0683,Open Current Patient,فتح ملف المريض الحالي,نەخوشێ نوکە ڤەکە,COMPLETE,Clinic Portal,doctor portal,clinic-portal/src/features/doctor-notifications/presentation/messages.ts#openCurrentPatient,No,No,No,Explicit Arabic and Badini catalog values; no supported-locale English spread fallback.
S13U-0684,Open healthcare search,فتح البحث الصحي,گەڕیانا تەندروستی ڤەکە,COMPLETE,Flutter,shared,"mobile/lib/l10n/app_{en,ar,ku}.arb#openHealthcareSearch",No,No,No,Explicit Arabic and Badini catalog values; no supported-locale English spread fallback.
S13U-0685,Open Live Queue,فتح قائمة الانتظار المباشرة,رێزبەندییا زندی ڤەکە,COMPLETE,Clinic Portal; Flutter,doctor portal,"clinic-portal/src/features/doctor-schedule/presentation/messages.ts#openLiveQueue; clinic-portal/src/i18n/index.ts#openLiveQueue; mobile/lib/l10n/app_{en,ar,ku}.arb#openLiveQueue",No,No,No,Explicit Arabic and Badini catalog values; no supported-locale English spread fallback.
S13U-0686,Open Live Queue when you are ready to follow your place.,افتح الطابور المباشر عندما تكون مستعداً لمتابعة دورك.,دەمێ ئامادە دبی رێزبەندییا زندی ڤەکە دا لدویف جهێ خو بچی.,COMPLETE,Flutter,queue,"mobile/lib/l10n/app_{en,ar,ku}.arb#notificationQueueOpenedNext",No,No,No,Explicit Arabic and Badini catalog values; no supported-locale English spread fallback.
S13U-0687,Open navigation,فتح قائمة التنقل,رێنیشاندانێ ڤەکە,COMPLETE,Clinic Portal,doctor portal,clinic-portal/src/features/doctor/presentation/messages.ts#openMenu; clinic-portal/src/features/portal-foundation/presentation/foundation-messages.ts#openMenu; clinic-portal/src/i18n/index.ts#openMenu,No,No,No,Explicit Arabic and Badini catalog values; no supported-locale English spread fallback.
S13U-0688,Open notification: {title},معلومات,زانیاری,COMPLETE,Clinic Portal,doctor portal,clinic-portal/src/features/doctor-notifications/presentation/messages.ts#openNotification,No,No,No,Explicit Arabic and Badini catalog values; no supported-locale English spread fallback.
S13U-0689,Open notifications,فتح الإشعارات,ئاگەهدارییان ڤەکە,COMPLETE,Clinic Portal,notifications,clinic-portal/src/i18n/index.ts#openNotifications,No,No,No,Explicit Arabic and Badini catalog values; no supported-locale English spread fallback.
S13U-0690,Open Notifications,فتح الإشعارات,ئاگەهدارییان ڤەکە,COMPLETE,Clinic Portal,doctor portal,clinic-portal/src/features/doctor-settings/presentation/messages.ts#openNotifications,No,No,No,Explicit Arabic and Badini catalog values; no supported-locale English spread fallback.
S13U-0691,Open organizations,فتح المؤسسات,رێکخراوان ڤەکە,COMPLETE,Clinic Portal,administration,clinic-portal/src/features/administration/presentation/messages.ts#openOrganizations,No,No,No,Explicit Arabic and Badini catalog values; no supported-locale English spread fallback.
S13U-0692,Open Patient,فتح ملف المريض,نەخوشی ڤەکە,COMPLETE,Clinic Portal,doctor portal,clinic-portal/src/features/doctor-notifications/presentation/messages.ts#openPatient; clinic-portal/src/i18n/index.ts#openPatient,No,No,No,Explicit Arabic and Badini catalog values; no supported-locale English spread fallback.
S13U-0693,Open Patient Workspace,فتح مساحة عمل المريض,جهێ کارێ نەخوشی ڤەکە,COMPLETE,Clinic Portal,doctor portal,clinic-portal/src/features/doctor-patients/presentation/messages.ts#openPatient; clinic-portal/src/features/doctor/presentation/messages.ts#openPatient,No,No,No,Explicit Arabic and Badini catalog values; no supported-locale English spread fallback.
S13U-0694,Open Queue,قائمة الانتظار مفتوحة,رێزبەندی ڤەکریە,COMPLETE,Clinic Portal,queue,clinic-portal/src/features/live-queue/presentation/messages.ts#openQueue,No,No,No,Explicit Arabic and Badini catalog values; no supported-locale English spread fallback.
S13U-0695,Open Schedule,فتح الجدول,خشتەیێ ڤەکە,COMPLETE,Clinic Portal,doctor portal,clinic-portal/src/features/doctor-notifications/presentation/messages.ts#openSchedule; clinic-portal/src/features/doctor-settings/presentation/messages.ts#openSchedule,No,No,No,Explicit Arabic and Badini catalog values; no supported-locale English spread fallback.
S13U-0696,Open search filters,فتح مرشحات البحث,فلتەرێن گەڕیانێ ڤەکە,COMPLETE,Flutter,shared,"mobile/lib/l10n/app_{en,ar,ku}.arb#openSearchFilters",No,No,No,Explicit Arabic and Badini catalog values; no supported-locale English spread fallback.
S13U-0697,Open the queue before calling a patient.,معلومات,بەری بانگکرنا نەخوشی سرایێ ڤەکە.,COMPLETE,Clinic Portal,queue,clinic-portal/src/features/live-queue/presentation/messages.ts#queueClosed,No,No,No,Explicit Arabic and Badini catalog values; no supported-locale English spread fallback.
S13U-0698,Open the workspace when the consultation is ready to begin.,متابعة,بەردەوام بە,COMPLETE,Clinic Portal,doctor portal,clinic-portal/src/features/doctor-notifications/presentation/messages.ts#receptionAction,No,No,No,Explicit Arabic and Badini catalog values; no supported-locale English spread fallback.
S13U-0699,Open today’s queue,فتح قائمة انتظار اليوم,رێزبەندییا ئەڤرو ڤەکە,COMPLETE,Clinic Portal,queue,clinic-portal/src/features/live-queue/presentation/production-messages.ts#openQueue,No,No,No,Explicit Arabic and Badini catalog values; no supported-locale English spread fallback.
S13U-0700,Open Workspace,فتح مساحة العمل,جهێ کاری ڤەکە,COMPLETE,Clinic Portal,shared,clinic-portal/src/i18n/index.ts#openWorkspace,No,No,No,Explicit Arabic and Badini catalog values; no supported-locale English spread fallback.
S13U-0701,Open workspace,فتح مساحة العمل,جهێ کاری ڤەکە,COMPLETE,Clinic Portal,shared,clinic-portal/src/i18n/index.ts#openWorkspace,No,No,No,Explicit Arabic and Badini catalog values; no supported-locale English spread fallback.
S13U-0702,Operational Actions,متابعة,بەردەوام بە,COMPLETE,Clinic Portal,queue,clinic-portal/src/features/live-queue/presentation/messages.ts#operationalActions,No,No,No,Explicit Arabic and Badini catalog values; no supported-locale English spread fallback.
S13U-0703,Operational date,تاريخ التشغيل,رۆژا کارکردنێ,COMPLETE,Clinic Portal,queue,clinic-portal/src/features/live-queue/presentation/production-messages.ts#operationalDate,No,No,No,Explicit Arabic and Badini catalog values; no supported-locale English spread fallback.
S13U-0704,Operational details,التفاصيل التشغيلية,هویرکاتیێن کارکرنێ,COMPLETE,Clinic Portal,administration,clinic-portal/src/features/administration/presentation/messages.ts#operationalDetails,No,No,No,Explicit Arabic and Badini catalog values; no supported-locale English spread fallback.
S13U-0705,Optimistic-concurrency version mismatch or idempotency conflict.,,,USER_VISIBLE,Backend user-visible,appointments,backend/src/modules/appointments/presentation/appointments.controller.ts:154,No,No,Yes,Sprint 13U backend boundary classification: USER_VISIBLE.
S13U-0706,Organization,المؤسسة,رێکخراو,COMPLETE,Clinic Portal,billing,clinic-portal/src/features/administration/presentation/messages.ts#organization; clinic-portal/src/features/billing/presentation/messages.ts#organization,No,No,No,Explicit Arabic and Badini catalog values; no supported-locale English spread fallback.
S13U-0707,Organization billing plan was not found.,,,MACHINE_CONTRACT,Backend user-visible,billing,backend/src/modules/billing/application/billing.service.ts:47,No,No,No,Sprint 13U backend boundary classification: MACHINE_CONTRACT.
S13U-0708,Organization created,تم إنشاء المؤسسة,رێکخراو هاتە دروستکرن,COMPLETE,Clinic Portal,administration,clinic-portal/src/features/administration/presentation/messages.ts#organizationCreated,No,No,No,Explicit Arabic and Badini catalog values; no supported-locale English spread fallback.
S13U-0709,Organization is inactive.,,,MACHINE_CONTRACT,Backend user-visible,administration,backend/src/modules/arrivals/infrastructure/prisma-arrival.repository.ts:184,No,No,No,Sprint 13U backend boundary classification: MACHINE_CONTRACT.
S13U-0710,Organization name,اسم المؤسسة,ناڤێ رێکخراوێ,COMPLETE,Clinic Portal,administration,clinic-portal/src/features/administration/presentation/messages.ts#organizationName,No,No,No,Explicit Arabic and Badini catalog values; no supported-locale English spread fallback.
S13U-0711,Organization or billing plan was not found.,,,MACHINE_CONTRACT,Backend user-visible,billing,backend/src/modules/billing/infrastructure/prisma-billing.repository.ts:70,No,No,No,Sprint 13U backend boundary classification: MACHINE_CONTRACT.
S13U-0712,Organization was not found.,,,USER_VISIBLE,Backend user-visible,administration,backend/src/modules/administration/application/administration.service.ts:71; backend/src/modules/administration/infrastructure/prisma-administration.repository.ts:89; backend/src/modules/administration/presentation/administration.controller.ts:117,No,No,Yes,Sprint 13U backend boundary classification: USER_VISIBLE.
S13U-0713,Organizations,المؤسسات,رێکخراو,COMPLETE,Clinic Portal,administration,clinic-portal/src/features/administration/presentation/messages.ts#organizations; clinic-portal/src/features/portal-foundation/presentation/foundation-messages.ts#organizations,No,No,No,Explicit Arabic and Badini catalog values; no supported-locale English spread fallback.
S13U-0714,OTP challenge is invalid or expired.,,,MACHINE_CONTRACT,Backend user-visible,authentication,backend/src/modules/identity/application/authentication.service.ts:175; backend/src/modules/identity/application/authentication.service.ts:207; backend/src/modules/identity/application/authentication.service.ts:241,No,No,No,Sprint 13U backend boundary classification: MACHINE_CONTRACT.
S13U-0715,OTP delivery provider is unavailable.,,,MACHINE_CONTRACT,Backend user-visible,authentication,backend/src/modules/identity/application/authentication.service.ts:100,No,No,No,Sprint 13U backend boundary classification: MACHINE_CONTRACT.
S13U-0716,OTP resend limit reached. Try again later.,,,MACHINE_CONTRACT,Backend user-visible,authentication,backend/src/modules/identity/application/authentication.service.ts:117,No,No,No,Sprint 13U backend boundary classification: MACHINE_CONTRACT.
S13U-0717,Overview,نظرة عامة,زانیاری,COMPLETE,Clinic Portal,billing,clinic-portal/src/features/billing/presentation/messages.ts#overview,No,No,No,Explicit Arabic and Badini catalog values; no supported-locale English spread fallback.
S13U-0718,Page not found,الصفحة غير موجودة,پەڕە نەهاتە دیتن,COMPLETE,Clinic Portal,shared,clinic-portal/src/features/portal-foundation/presentation/foundation-messages.ts#notFound,No,No,No,Explicit Arabic and Badini catalog values; no supported-locale English spread fallback.
S13U-0719,Page size must be between 1 and 100.,,,MACHINE_CONTRACT,Backend user-visible,queue,backend/src/modules/queue/application/queue.service.ts:69,No,No,No,Sprint 13U backend boundary classification: MACHINE_CONTRACT.
S13U-0720,Password,كلمة المرور,وشەی نهێنی,COMPLETE,Clinic Portal,shared,clinic-portal/src/features/portal-foundation/presentation/foundation-messages.ts#password,No,No,No,Explicit Arabic and Badini catalog values; no supported-locale English spread fallback.
S13U-0721,Password must contain at least 12 characters.,يجب أن تتكون كلمة المرور من 12 حرفًا على الأقل.,وشەی نهێنی پێدڤیە کێمترین ١٢ پیت بیت.,COMPLETE,Clinic Portal,shared,clinic-portal/src/features/portal-foundation/presentation/foundation-messages.ts#passwordInvalid,No,No,No,Explicit Arabic and Badini catalog values; no supported-locale English spread fallback.
S13U-0722,Patient,المريض,نەخوش,COMPLETE,Clinic Portal; Flutter,doctor portal,"clinic-portal/src/features/arrivals/presentation/messages.ts#patient; clinic-portal/src/features/clinical-presentation/messages.ts#patient; clinic-portal/src/features/doctor-schedule/presentation/messages.ts#patient; clinic-portal/src/features/live-queue/presentation/messages.ts#patient; clinic-portal/src/features/live-queue/presentation/production-messages.ts#patient; clinic-portal/src/i18n/index.ts#patient; clinic-portal/src/i18n/index.ts#patientDetails; clinic-portal/src/i18n/index.ts#patientName; mobile/lib/l10n/app_{en,ar,ku}.arb#patient",No,No,No,Explicit Arabic and Badini catalog values; no supported-locale English spread fallback.
S13U-0723,Patient access required.,,,MACHINE_CONTRACT,Backend user-visible,queue,backend/src/modules/queue/infrastructure/prisma-queue.repository.ts:177,No,No,No,Sprint 13U backend boundary classification: MACHINE_CONTRACT.
S13U-0724,Patient arrived,وصل المريض,نەخوش گەهشت,COMPLETE,Clinic Portal,doctor portal,clinic-portal/src/features/doctor-notifications/presentation/messages.ts#patientArrived; clinic-portal/src/i18n/index.ts#patientArrived,No,No,No,Explicit Arabic and Badini catalog values; no supported-locale English spread fallback.
S13U-0725,Patient called,تم استدعاء المريض,نەخوش هاتە بانگکرن,COMPLETE,Clinic Portal,doctor portal,clinic-portal/src/features/doctor/presentation/messages.ts#patientCalled; clinic-portal/src/features/live-queue/presentation/messages.ts#patientCalled,No,No,No,Explicit Arabic and Badini catalog values; no supported-locale English spread fallback.
S13U-0726,Patient details,تفاصيل المريض,هویرکاتیێن نەخوشی,COMPLETE,Clinic Portal,profile/account,clinic-portal/src/features/clinical-presentation/messages.ts#patientDetails,No,No,No,Explicit Arabic and Badini catalog values; no supported-locale English spread fallback.
S13U-0727,Patient directory cursor is invalid.,,,MACHINE_CONTRACT,Backend user-visible,profile/account,backend/src/modules/patients/application/patient.service.ts:357,No,No,No,Sprint 13U backend boundary classification: MACHINE_CONTRACT.
S13U-0728,Patient directory page size must be between 1 and 25.,,,MACHINE_CONTRACT,Backend user-visible,profile/account,backend/src/modules/patients/application/patient.service.ts:96,No,No,No,Sprint 13U backend boundary classification: MACHINE_CONTRACT.
S13U-0729,Patient directory search query must be between 2 and 100 characters.,,,MACHINE_CONTRACT,Backend user-visible,profile/account,backend/src/modules/patients/application/patient.service.ts:88,No,No,No,Sprint 13U backend boundary classification: MACHINE_CONTRACT.
S13U-0730,Patient expected,معلومات,زانیاری,COMPLETE,Clinic Portal,profile/account,clinic-portal/src/i18n/index.ts#patientExpected,No,No,No,Explicit Arabic and Badini catalog values; no supported-locale English spread fallback.
S13U-0731,Patient has arrived,معلومات,زانیاری,COMPLETE,Clinic Portal,profile/account,clinic-portal/src/i18n/index.ts#success,No,No,No,Explicit Arabic and Badini catalog values; no supported-locale English spread fallback.
S13U-0732,Patient has not arrived,معلومات,زانیاری,COMPLETE,Clinic Portal,profile/account,clinic-portal/src/i18n/index.ts#notArrived,No,No,No,Explicit Arabic and Badini catalog values; no supported-locale English spread fallback.
S13U-0733,Patient ID,رقم المريض,ژمارا نەخوشی,COMPLETE,Clinic Portal,doctor portal,clinic-portal/src/features/doctor-patients/presentation/messages.ts#patientId; clinic-portal/src/features/doctor/presentation/messages.ts#patientId; clinic-portal/src/i18n/index.ts#patientId,No,No,No,Explicit Arabic and Badini catalog values; no supported-locale English spread fallback.
S13U-0734,Patient is late,معلومات,زانیاری,COMPLETE,Clinic Portal,profile/account,clinic-portal/src/i18n/index.ts#patientLate,No,No,No,Explicit Arabic and Badini catalog values; no supported-locale English spread fallback.
S13U-0735,Patient lookup,البحث عن مريض,لێگەڕین ل نەخۆشی,COMPLETE,Clinic Portal,profile/account,clinic-portal/src/features/clinical-presentation/messages.ts#patients,No,No,No,Explicit Arabic and Badini catalog values; no supported-locale English spread fallback.
S13U-0736,Patient not found,معلومات,زانیاری,COMPLETE,Clinic Portal,profile/account,clinic-portal/src/i18n/index.ts#notFound,No,No,No,Explicit Arabic and Badini catalog values; no supported-locale English spread fallback.
S13U-0737,Patient profile changed. Reload and try again.,,,MACHINE_CONTRACT,Backend user-visible,profile/account,backend/src/modules/patients/application/patient.service.ts:205; backend/src/modules/patients/application/patient.service.ts:237,No,No,No,Sprint 13U backend boundary classification: MACHINE_CONTRACT.
S13U-0738,Patient profile is already archived.,,,MACHINE_CONTRACT,Backend user-visible,profile/account,backend/src/modules/patients/application/patient.service.ts:227,No,No,No,Sprint 13U backend boundary classification: MACHINE_CONTRACT.
S13U-0739,Patient profile was not found.,,,MACHINE_CONTRACT,Backend user-visible,profile/account,backend/src/modules/patients/application/patient.service.ts:143; backend/src/modules/patients/application/patient.service.ts:219; backend/src/modules/patients/application/patient.service.ts:249; backend/src/modules/patients/application/patient.service.ts:76,No,No,No,Sprint 13U backend boundary classification: MACHINE_CONTRACT.
S13U-0740,Patient recalled,معلومات,زانیاری,COMPLETE,Clinic Portal,doctor portal,clinic-portal/src/features/doctor/presentation/messages.ts#patientRecalled; clinic-portal/src/features/live-queue/presentation/messages.ts#patientRecalled,No,No,No,Explicit Arabic and Badini catalog values; no supported-locale English spread fallback.
S13U-0741,Patient registration is inactive or unavailable.,,,MACHINE_CONTRACT,Backend user-visible,appointments,backend/src/modules/appointments/infrastructure/prisma-appointment.repository.ts:146,No,No,No,Sprint 13U backend boundary classification: MACHINE_CONTRACT.
S13U-0742,Patient registration is inactive.,,,MACHINE_CONTRACT,Backend user-visible,queue,backend/src/modules/arrivals/infrastructure/prisma-arrival.repository.ts:190,No,No,No,Sprint 13U backend boundary classification: MACHINE_CONTRACT.
S13U-0743,Patient Workspace,مساحة عمل المريض,جهێ کارێ نەخوشی,COMPLETE,Clinic Portal,profile/account,clinic-portal/src/i18n/index.ts#patientWorkspace,No,No,No,Explicit Arabic and Badini catalog values; no supported-locale English spread fallback.
S13U-0744,"Patient-safe descriptive availability evaluated in the clinic IANA timezone. Operational breaks, leave, holidays, exceptions, and precedence metadata are never exposed. This endpoint never creates appointment slots.",,,USER_VISIBLE,Backend user-visible,appointments,backend/src/modules/doctors/presentation/doctors.controller.ts:166,No,No,Yes,Sprint 13U backend boundary classification: USER_VISIBLE.
S13U-0745,Patient-safe descriptive availability; internal causes are not exposed.,,,USER_VISIBLE,Backend user-visible,doctor portal,backend/src/modules/doctors/presentation/doctor-schedule.dto.ts:91,No,No,Yes,Sprint 13U backend boundary classification: USER_VISIBLE.
S13U-0746,Patients,المرضى,نەخۆش,COMPLETE,Clinic Portal,profile/account,clinic-portal/src/features/portal-foundation/presentation/foundation-messages.ts#patients; clinic-portal/src/i18n/index.ts#patients; clinic-portal/src/i18n/index.ts#title,No,No,No,Explicit Arabic and Badini catalog values; no supported-locale English spread fallback.
S13U-0747,Patients ahead,المرضى قبلك,نەخوشێن بەری تە,COMPLETE,Flutter,profile/account,"mobile/lib/l10n/app_{en,ar,ku}.arb#patientsAhead",No,No,No,Explicit Arabic and Badini catalog values; no supported-locale English spread fallback.
S13U-0748,Patients are waiting longer than expected.,راجع المعلومات قبل المتابعة.,نەخوش پتر ژ دەمێ پێشبینی کری چاڤەرێ نە.,COMPLETE,Clinic Portal,doctor portal,clinic-portal/src/features/doctor/presentation/messages.ts#delayedHelp; clinic-portal/src/features/live-queue/presentation/messages.ts#delayedHelp,No,No,No,Explicit Arabic and Badini catalog values; no supported-locale English spread fallback.
S13U-0749,Patients completed,المرضى المكتملون,زانیاری,COMPLETE,Clinic Portal,doctor portal,clinic-portal/src/features/doctor-settings/presentation/messages.ts#patientsCompleted,No,No,No,Explicit Arabic and Badini catalog values; no supported-locale English spread fallback.
S13U-0750,Patients may read only their appointments; doctors only their appointments; clinic staff are tenant-scoped; platform administrators may cross tenants. Staff reads require a durable arrival.viewed audit. Eligibility is advisory and every mutation revalidates current policy.,,,USER_VISIBLE,Backend user-visible,appointments,backend/src/modules/arrivals/presentation/arrivals.controller.ts:57,No,No,Yes,Sprint 13U backend boundary classification: USER_VISIBLE.
S13U-0751,Patients remaining,المرضى المتبقون,زانیاری,COMPLETE,Clinic Portal,doctor portal,clinic-portal/src/features/doctor-settings/presentation/messages.ts#patientsRemaining,No,No,No,Explicit Arabic and Badini catalog values; no supported-locale English spread fallback.
S13U-0752,Patients Today,مرضى اليوم,زانیاری,COMPLETE,Clinic Portal,doctor portal,clinic-portal/src/features/doctor-patients/presentation/messages.ts#title; clinic-portal/src/features/doctor/presentation/messages.ts#patientsToday,No,No,No,Explicit Arabic and Badini catalog values; no supported-locale English spread fallback.
S13U-0753,Patients waiting,في الانتظار,ل چاڤەرێ,COMPLETE,Clinic Portal,profile/account,clinic-portal/src/i18n/index.ts#waiting,No,No,No,Explicit Arabic and Badini catalog values; no supported-locale English spread fallback.
S13U-0754,Patients you open will appear here.,تعذر عرض المعلومات حالياً.,نوکە ناهێتە نیشاندان.,COMPLETE,Clinic Portal,profile/account,clinic-portal/src/i18n/index.ts#noRecentBody,No,No,No,Explicit Arabic and Badini catalog values; no supported-locale English spread fallback.
S13U-0755,Pause Queue,إيقاف القائمة مؤقتاً,زانیاری,COMPLETE,Clinic Portal,queue,clinic-portal/src/features/live-queue/presentation/messages.ts#pauseQueue,No,No,No,Explicit Arabic and Badini catalog values; no supported-locale English spread fallback.
S13U-0756,Pause queue,إيقاف الطابور,رێزێ بوەستینە,COMPLETE,Clinic Portal,queue,clinic-portal/src/features/live-queue/presentation/production-messages.ts#pause,No,No,No,Explicit Arabic and Badini catalog values; no supported-locale English spread fallback.
S13U-0757,Pause Session,إيقاف الجلسة مؤقتاً,زانیاری,COMPLETE,Clinic Portal,doctor portal,clinic-portal/src/features/doctor/presentation/messages.ts#pauseSession,No,No,No,Explicit Arabic and Badini catalog values; no supported-locale English spread fallback.
S13U-0758,Pause this queue? Patients will remain in their current positions.,معلومات,تو دخوازی ڤێ سرایێ بو دەمکی رابگری؟ نەخوش د جهێن خو یێن نوکە دا دمینن.,COMPLETE,Clinic Portal,queue,clinic-portal/src/features/live-queue/presentation/messages.ts#confirmPause,No,No,No,Explicit Arabic and Badini catalog values; no supported-locale English spread fallback.
S13U-0759,Paused,متوقف مؤقتًا,بو دەمکی هاتە راگرتن,COMPLETE,Clinic Portal,doctor portal,clinic-portal/src/features/doctor-patients/presentation/messages.ts#paused; clinic-portal/src/features/doctor-settings/presentation/messages.ts#paused; clinic-portal/src/features/doctor/presentation/messages.ts#paused; clinic-portal/src/features/live-queue/presentation/messages.ts#paused; clinic-portal/src/features/live-queue/presentation/production-messages.ts#paused; clinic-portal/src/i18n/index.ts#paused,No,No,No,Explicit Arabic and Badini catalog values; no supported-locale English spread fallback.
S13U-0760,Pending,معلومات,زانیاری,COMPLETE,Clinic Portal,shared,clinic-portal/src/i18n/index.ts#pending,No,No,No,Explicit Arabic and Badini catalog values; no supported-locale English spread fallback.
S13U-0761,Period,الفترة,زانیاری,COMPLETE,Clinic Portal,billing,clinic-portal/src/features/billing/presentation/messages.ts#period,No,No,No,Explicit Arabic and Badini catalog values; no supported-locale English spread fallback.
S13U-0762,Phone,الهاتف,ژمارا تەلەفونێ,COMPLETE,Clinic Portal,doctor portal,clinic-portal/src/features/doctor-settings/presentation/messages.ts#phone; clinic-portal/src/i18n/index.ts#phone,No,No,No,Explicit Arabic and Badini catalog values; no supported-locale English spread fallback.
S13U-0763,Phone number is invalid.,,,MACHINE_CONTRACT,Backend user-visible,authentication,backend/src/modules/identity/application/authentication.service.ts:94,No,No,No,Sprint 13U backend boundary classification: MACHINE_CONTRACT.
S13U-0764,Phone verification is not available in this build yet.,التحقق عبر الهاتف غير متاح في هذا الإصدار بعد.,پشتراستکرنا ژمارا مۆبایلێ هێشتا ل ڤێ وەشانێ بەردەست نینە.,COMPLETE,Flutter,authentication,"mobile/lib/l10n/app_{en,ar,ku}.arb#authUnavailable",No,No,No,Explicit Arabic and Badini catalog values; no supported-locale English spread fallback.
S13U-0765,Plan assigned.,معلومات,زانیاری,COMPLETE,Clinic Portal,billing,clinic-portal/src/features/billing/presentation/messages.ts#assigned,No,No,No,Explicit Arabic and Badini catalog values; no supported-locale English spread fallback.
S13U-0766,Plan changes are effective-dated. Historical commissions remain unchanged.,معلومات,گهورینێن پلانێ ژ رێکەفتا دیارکری دەستپێدکەن. کومیسیونێن بوری وەکی خو دمینن,COMPLETE,Clinic Portal,billing,clinic-portal/src/features/billing/presentation/messages.ts#historySafe,No,No,No,Explicit Arabic and Badini catalog values; no supported-locale English spread fallback.
S13U-0767,Plan code,معلومات,زانیاری,COMPLETE,Clinic Portal,billing,clinic-portal/src/features/billing/presentation/messages.ts#planCode,No,No,No,Explicit Arabic and Badini catalog values; no supported-locale English spread fallback.
S13U-0768,Plan name,معلومات,زانیاری,COMPLETE,Clinic Portal,billing,clinic-portal/src/features/billing/presentation/messages.ts#planName,No,No,No,Explicit Arabic and Badini catalog values; no supported-locale English spread fallback.
S13U-0769,Planned for {owner}.,مخطط له في {owner}.,بۆ {owner} هاتیە پلانکرن.,COMPLETE,Clinic Portal,billing,clinic-portal/src/features/portal-foundation/presentation/foundation-messages.ts#futureOwner,No,No,No,Explicit Arabic and Badini catalog values; no supported-locale English spread fallback.
S13U-0770,Plans,الخطط,پلان,COMPLETE,Clinic Portal,billing,clinic-portal/src/features/billing/presentation/messages.ts#plans,No,No,No,Explicit Arabic and Badini catalog values; no supported-locale English spread fallback.
S13U-0771,Platform administrator,مدير المنصة,بەڕێڤەبەرێ پلاتفۆرمێ,COMPLETE,Clinic Portal,shared,clinic-portal/src/features/portal-foundation/presentation/foundation-messages.ts#platformAdministrator,No,No,No,Explicit Arabic and Badini catalog values; no supported-locale English spread fallback.
S13U-0772,Platform role is no longer active.,,,MACHINE_CONTRACT,Backend user-visible,authentication,backend/src/modules/identity/presentation/jwt-auth.guard.ts:117,No,No,No,Sprint 13U backend boundary classification: MACHINE_CONTRACT.
S13U-0773,Please correct the following:,يرجى تصحيح ما يلي:,کار نەهاتە تەمامکرن.,COMPLETE,Clinic Portal,administration,clinic-portal/src/features/administration/presentation/messages.ts#errorSummary,No,No,No,Explicit Arabic and Badini catalog values; no supported-locale English spread fallback.
S13U-0774,Please head to reception and stay nearby.,يرجى التوجه إلى الاستقبال والبقاء قريباً.,هیڤییە بچە پێشوازیێ و ل نێزیک بمینە.,COMPLETE,Flutter,notifications,"mobile/lib/l10n/app_{en,ar,ku}.arb#notificationAlmostTurnNext",No,No,No,Explicit Arabic and Badini catalog values; no supported-locale English spread fallback.
S13U-0775,Please try again.,يرجى المحاولة مجدداً.,دیسان هەول بدە.,COMPLETE,Flutter,doctor discovery,"mobile/lib/l10n/app_{en,ar,ku}.arb#discoveryErrorBody",No,No,No,Explicit Arabic and Badini catalog values; no supported-locale English spread fallback.
S13U-0776,Please wait for guidance from reception.,يرجى انتظار إرشادات الاستقبال.,هیڤییە چاڤەرێی رێنماییێن پێشوازیێ بە.,COMPLETE,Flutter,notifications,"mobile/lib/l10n/app_{en,ar,ku}.arb#notificationReservedNext",No,No,No,Explicit Arabic and Badini catalog values; no supported-locale English spread fallback.
S13U-0777,Popular specialties,الاختصاصات الشائعة,پسپۆڕیێن بەناڤودەنگ,COMPLETE,Flutter,doctor discovery,"mobile/lib/l10n/app_{en,ar,ku}.arb#popularSpecialties",No,No,No,Explicit Arabic and Badini catalog values; no supported-locale English spread fallback.
S13U-0778,Portal session unavailable,غير متاح,بەردەست نینە,COMPLETE,Clinic Portal,shared,clinic-portal/src/i18n/index.ts#unavailable,No,No,No,Explicit Arabic and Badini catalog values; no supported-locale English spread fallback.
S13U-0779,Portal version,معلومات,زانیاری,COMPLETE,Clinic Portal,doctor portal,clinic-portal/src/features/doctor-settings/presentation/messages.ts#portalVersion,No,No,No,Explicit Arabic and Badini catalog values; no supported-locale English spread fallback.
S13U-0780,Possible duplicate booking,معلومات,زانیاری,COMPLETE,Clinic Portal,appointments,clinic-portal/src/i18n/index.ts#duplicate,No,No,No,Explicit Arabic and Badini catalog values; no supported-locale English spread fallback.
S13U-0781,Prepare for Live Queue,معلومات,زانیاری,COMPLETE,Clinic Portal,queue,clinic-portal/src/i18n/index.ts#prepareQueue,No,No,No,Explicit Arabic and Badini catalog values; no supported-locale English spread fallback.
S13U-0782,Present only in the development environment.,,,USER_VISIBLE,Backend user-visible,authentication,backend/src/modules/identity/presentation/auth.dto.ts:15,No,No,Yes,Sprint 13U backend boundary classification: USER_VISIBLE.
S13U-0783,Previous,السابق,پێشتر,COMPLETE,Clinic Portal,clinic management,clinic-portal/src/features/clinical-presentation/messages.ts#previous,No,No,No,Explicit Arabic and Badini catalog values; no supported-locale English spread fallback.
S13U-0784,Primary specialty display name.,,,USER_VISIBLE,Backend user-visible,doctor discovery,backend/src/modules/doctors/presentation/doctor.dto.ts:175,No,No,Yes,Sprint 13U backend boundary classification: USER_VISIBLE.
S13U-0785,"Printable ASCII command key bound to actor, operation, and request body.",,,USER_VISIBLE,Backend user-visible,administration,backend/src/modules/administration/presentation/administration.controller.ts:52,No,No,Yes,Sprint 13U backend boundary classification: USER_VISIBLE.
S13U-0786,Privacy,الخصوصية,تایبەتمەندی,COMPLETE,Clinic Portal,doctor portal,clinic-portal/src/features/doctor-settings/presentation/messages.ts#privacy,No,No,No,Explicit Arabic and Badini catalog values; no supported-locale English spread fallback.
S13U-0787,Production,معلومات,زانیاری,COMPLETE,Clinic Portal,doctor portal,clinic-portal/src/features/doctor-settings/presentation/messages.ts#production,No,No,No,Explicit Arabic and Badini catalog values; no supported-locale English spread fallback.
S13U-0788,Profile,الملف الشخصي,پروفایل,COMPLETE,Flutter,profile/account,"mobile/lib/l10n/app_{en,ar,ku}.arb#profile",No,No,No,Explicit Arabic and Badini catalog values; no supported-locale English spread fallback.
S13U-0789,Profile does not exist in this patient account.,,,USER_VISIBLE,Backend user-visible,profile/account,backend/src/modules/patients/presentation/patients.controller.ts:131,No,No,Yes,Sprint 13U backend boundary classification: USER_VISIBLE.
S13U-0790,Profile image for {name},صورة الملف الشخصي لـ {name},وێنێ پڕۆفایلا {name},COMPLETE,Flutter,profile/account,"mobile/lib/l10n/app_{en,ar,ku}.arb#profileImageLabel",No,No,No,Explicit Arabic and Badini catalog values; no supported-locale English spread fallback.
S13U-0791,"Profile is active, archived, or its version is stale.",,,USER_VISIBLE,Backend user-visible,profile/account,backend/src/modules/patients/presentation/patients.controller.ts:202,No,No,Yes,Sprint 13U backend boundary classification: USER_VISIBLE.
S13U-0792,Profile is archived or its version is stale.,,,USER_VISIBLE,Backend user-visible,profile/account,backend/src/modules/patients/presentation/patients.controller.ts:161,No,No,Yes,Sprint 13U backend boundary classification: USER_VISIBLE.
S13U-0794,"Public image URL, or null until an approved publication boundary exists.",,,USER_VISIBLE,Backend user-visible,shared,backend/src/modules/doctors/presentation/doctor.dto.ts:186,No,No,Yes,Sprint 13U backend boundary classification: USER_VISIBLE.
S13U-0795,Qualifying appointments,المواعيد المؤهلة,زانیاری,COMPLETE,Clinic Portal,billing,clinic-portal/src/features/billing/presentation/messages.ts#qualifying,No,No,No,Explicit Arabic and Badini catalog values; no supported-locale English spread fallback.
S13U-0796,Queue,معلومات,زانیاری,COMPLETE,Clinic Portal,queue,clinic-portal/src/features/live-queue/presentation/messages.ts#queue,No,No,No,Explicit Arabic and Badini catalog values; no supported-locale English spread fallback.
S13U-0797,Queue #,معلومات,زانیاری,COMPLETE,Clinic Portal,queue,clinic-portal/src/features/live-queue/presentation/messages.ts#queueNumber,No,No,No,Explicit Arabic and Badini catalog values; no supported-locale English spread fallback.
S13U-0798,Queue command is already in progress.,,,MACHINE_CONTRACT,Backend user-visible,queue,backend/src/modules/queue/infrastructure/prisma-queue.repository.ts:950,No,No,No,Sprint 13U backend boundary classification: MACHINE_CONTRACT.
S13U-0799,Queue entry cursor is invalid.,,,MACHINE_CONTRACT,Backend user-visible,queue,backend/src/modules/queue/infrastructure/prisma-queue.repository.ts:1232,No,No,No,Sprint 13U backend boundary classification: MACHINE_CONTRACT.
S13U-0800,Queue entry is a separate next step. Recording arrival alone never assigns a ticket.,الدخول إلى الطابور خطوة منفصلة. تسجيل الوصول وحده لا يمنح رقماً.,چوونا رێزێ گاڤەکا جودایە. تۆمارکرنا هاتنێ بتنێ ژمارەی رێزێ نادەت.,COMPLETE,Clinic Portal,queue,clinic-portal/src/features/arrivals/presentation/messages.ts#queueSeparate,No,No,No,Explicit Arabic and Badini catalog values; no supported-locale English spread fallback.
S13U-0801,Queue entry transition is invalid.,,,MACHINE_CONTRACT,Backend user-visible,queue,backend/src/modules/queue/infrastructure/prisma-queue.repository.ts:752,No,No,No,Sprint 13U backend boundary classification: MACHINE_CONTRACT.
S13U-0802,Queue entry was not found.,,,MACHINE_CONTRACT,Backend user-visible,queue,backend/src/modules/queue/infrastructure/prisma-queue.repository.ts:742,No,No,No,Sprint 13U backend boundary classification: MACHINE_CONTRACT.
S13U-0803,Queue health,حالة قائمة الانتظار,زانیاری,COMPLETE,Clinic Portal,doctor portal,clinic-portal/src/features/doctor-settings/presentation/messages.ts#queueHealth; clinic-portal/src/i18n/index.ts#queueHealth,No,No,No,Explicit Arabic and Badini catalog values; no supported-locale English spread fallback.
S13U-0804,Queue Health,حالة قائمة الانتظار,زانیاری,COMPLETE,Clinic Portal,doctor portal,clinic-portal/src/features/doctor/presentation/messages.ts#queueHealth; clinic-portal/src/features/live-queue/presentation/messages.ts#queueHealth,No,No,No,Explicit Arabic and Badini catalog values; no supported-locale English spread fallback.
S13U-0805,Queue history,معلومات,زانیاری,COMPLETE,Clinic Portal,doctor portal,clinic-portal/src/features/doctor/presentation/messages.ts#queueHistory,No,No,No,Explicit Arabic and Badini catalog values; no supported-locale English spread fallback.
S13U-0806,Queue Information,معلومات,زانیاری,COMPLETE,Clinic Portal,queue,clinic-portal/src/i18n/index.ts#queueInformation,No,No,No,Explicit Arabic and Badini catalog values; no supported-locale English spread fallback.
S13U-0807,Queue is already open.,,,MACHINE_CONTRACT,Backend user-visible,queue,backend/src/modules/queue/infrastructure/prisma-queue.repository.ts:437,No,No,No,Sprint 13U backend boundary classification: MACHINE_CONTRACT.
S13U-0808,Queue is not open or the version is stale.,,,MACHINE_CONTRACT,Backend user-visible,queue,backend/src/modules/queue/infrastructure/prisma-queue.repository.ts:685,No,No,No,Sprint 13U backend boundary classification: MACHINE_CONTRACT.
S13U-0809,Queue load,معلومات,زانیاری,COMPLETE,Clinic Portal,queue,clinic-portal/src/i18n/index.ts#queueLoad,No,No,No,Explicit Arabic and Badini catalog values; no supported-locale English spread fallback.
S13U-0810,Queue notifications,معلومات,زانیاری,COMPLETE,Clinic Portal,doctor portal,clinic-portal/src/features/doctor-settings/presentation/messages.ts#queueNotifications,No,No,No,Explicit Arabic and Badini catalog values; no supported-locale English spread fallback.
S13U-0811,Queue number,رقم الدور,ژمارا سرایێ,COMPLETE,Clinic Portal,doctor portal,clinic-portal/src/features/doctor-patients/presentation/messages.ts#queueNumber; clinic-portal/src/features/doctor/presentation/messages.ts#queueNumber; clinic-portal/src/i18n/index.ts#queueNumber,No,No,No,Explicit Arabic and Badini catalog values; no supported-locale English spread fallback.
S13U-0812,Queue opened,معلومات,زانیاری,COMPLETE,Clinic Portal,queue,clinic-portal/src/features/live-queue/presentation/messages.ts#queueOpened,No,No,No,Explicit Arabic and Badini catalog values; no supported-locale English spread fallback.
S13U-0813,Queue opens on appointment day.,يفتح الطابور في يوم الموعد.,ڕیز ل رۆژا ژڤانیێ ڤەدبیت.,COMPLETE,Flutter,appointments,"mobile/lib/l10n/app_{en,ar,ku}.arb#queueOpensAppointmentDay",No,No,No,Explicit Arabic and Badini catalog values; no supported-locale English spread fallback.
S13U-0814,Queue operation could not be completed safely. Please retry.,,,MACHINE_CONTRACT,Backend user-visible,queue,backend/src/modules/queue/infrastructure/prisma-queue.repository.ts:1168; backend/src/modules/queue/infrastructure/prisma-queue.repository.ts:1183,No,No,No,Sprint 13U backend boundary classification: MACHINE_CONTRACT.
S13U-0815,Queue Operations,إدارة قائمة الانتظار,زانیاری,COMPLETE,Clinic Portal,queue,clinic-portal/src/features/live-queue/presentation/messages.ts#title,No,No,No,Explicit Arabic and Badini catalog values; no supported-locale English spread fallback.
S13U-0816,Queue or entry version is stale.,,,MACHINE_CONTRACT,Backend user-visible,queue,backend/src/modules/queue/infrastructure/prisma-queue.repository.ts:744,No,No,No,Sprint 13U backend boundary classification: MACHINE_CONTRACT.
S13U-0817,Queue paused,قائمة الانتظار متوقفة مؤقتًا,رێزبەندی بو دەمکی هاتە راگرتن,COMPLETE,Clinic Portal,queue,clinic-portal/src/features/live-queue/presentation/messages.ts#queuePaused; clinic-portal/src/i18n/index.ts#paused,No,No,No,Explicit Arabic and Badini catalog values; no supported-locale English spread fallback.
S13U-0818,Queue ready at,وقت الجاهزية للطابور,دەمێ ئامادەبوونا رێزێ,COMPLETE,Clinic Portal,queue,clinic-portal/src/features/arrivals/presentation/messages.ts#queueReadyAt,No,No,No,Explicit Arabic and Badini catalog values; no supported-locale English spread fallback.
S13U-0819,Queue resumed,معلومات,زانیاری,COMPLETE,Clinic Portal,queue,clinic-portal/src/features/live-queue/presentation/messages.ts#queueResumed,No,No,No,Explicit Arabic and Badini catalog values; no supported-locale English spread fallback.
S13U-0820,Queue state,معلومات,زانیاری,COMPLETE,Clinic Portal,doctor portal,clinic-portal/src/features/doctor/presentation/messages.ts#queueState,No,No,No,Explicit Arabic and Badini catalog values; no supported-locale English spread fallback.
S13U-0821,Queue state changed or the operation is not available.,,,MACHINE_CONTRACT,Backend user-visible,queue,backend/src/modules/queue/infrastructure/prisma-queue.repository.ts:1177,No,No,No,Sprint 13U backend boundary classification: MACHINE_CONTRACT.
S13U-0822,Queue state is stale.,,,MACHINE_CONTRACT,Backend user-visible,queue,backend/src/modules/queue/infrastructure/prisma-queue.repository.ts:482,No,No,No,Sprint 13U backend boundary classification: MACHINE_CONTRACT.
S13U-0823,Queue state or version is stale.,,,MACHINE_CONTRACT,Backend user-visible,queue,backend/src/modules/queue/infrastructure/prisma-queue.repository.ts:439,No,No,No,Sprint 13U backend boundary classification: MACHINE_CONTRACT.
S13U-0824,Queue status,حالة قائمة الانتظار,رەوشا رێزبەندیێ,COMPLETE,Clinic Portal,queue,clinic-portal/src/features/live-queue/presentation/production-messages.ts#status; clinic-portal/src/i18n/index.ts#queueStatus,No,No,No,Explicit Arabic and Badini catalog values; no supported-locale English spread fallback.
S13U-0825,Queue status: $label,,,RUNTIME_DATA_COMPOSITION,Flutter,queue,mobile/lib/features/live_queue/presentation/widgets/queue_status_indicator.dart:30,No,No,No,Localized label combined with runtime data; not standalone English copy.
S13U-0826,Queue still has unresolved work.,,,MACHINE_CONTRACT,Backend user-visible,queue,backend/src/modules/queue/infrastructure/prisma-queue.repository.ts:634,No,No,No,Sprint 13U backend boundary classification: MACHINE_CONTRACT.
S13U-0827,Queue timezone,منطقة الطابور الزمنية,دەمژمێرا رێزێ,COMPLETE,Clinic Portal,queue,clinic-portal/src/features/live-queue/presentation/production-messages.ts#timezone,No,No,No,Explicit Arabic and Badini catalog values; no supported-locale English spread fallback.
S13U-0828,Queue transition is invalid.,,,MACHINE_CONTRACT,Backend user-visible,queue,backend/src/modules/queue/infrastructure/prisma-queue.repository.ts:627,No,No,No,Sprint 13U backend boundary classification: MACHINE_CONTRACT.
S13U-0829,Queue update,معلومات,زانیاری,COMPLETE,Clinic Portal,queue,clinic-portal/src/i18n/index.ts#queueUpdate,No,No,No,Explicit Arabic and Badini catalog values; no supported-locale English spread fallback.
S13U-0830,Queue updated.,تم تحديث الطابور.,رێز هاتە نووکرن.,COMPLETE,Clinic Portal,queue,clinic-portal/src/features/live-queue/presentation/production-messages.ts#success,No,No,No,Explicit Arabic and Badini catalog values; no supported-locale English spread fallback.
S13U-0831,Queue updates,تحديثات الطابور,نووکرنێن ریزێ,COMPLETE,Flutter,queue,"mobile/lib/l10n/app_{en,ar,ku}.arb#queueUpdates",No,No,No,Explicit Arabic and Badini catalog values; no supported-locale English spread fallback.
S13U-0832,Queue version is stale.,,,MACHINE_CONTRACT,Backend user-visible,queue,backend/src/modules/queue/infrastructure/prisma-queue.repository.ts:435; backend/src/modules/queue/infrastructure/prisma-queue.repository.ts:616,No,No,No,Sprint 13U backend boundary classification: MACHINE_CONTRACT.
S13U-0833,Queue was not found.,,,MACHINE_CONTRACT,Backend user-visible,queue,backend/src/modules/queue/application/queue.service.ts:214; backend/src/modules/queue/application/queue.service.ts:237; backend/src/modules/queue/infrastructure/prisma-queue.repository.ts:832; backend/src/modules/queue/infrastructure/prisma-queue.repository.ts:923,No,No,No,Sprint 13U backend boundary classification: MACHINE_CONTRACT.
S13U-0834,Quick Actions,إجراءات سريعة,کارێن بلەز,COMPLETE,Clinic Portal,doctor portal,clinic-portal/src/features/doctor-notifications/presentation/messages.ts#quickActions; clinic-portal/src/features/doctor-schedule/presentation/messages.ts#quickActions; clinic-portal/src/features/doctor-settings/presentation/messages.ts#quickActions; clinic-portal/src/i18n/index.ts#quick; clinic-portal/src/i18n/index.ts#quickActions,No,No,No,Explicit Arabic and Badini catalog values; no supported-locale English spread fallback.
S13U-0835,Quick categories,فئات سريعة,پۆلێن خێرا,COMPLETE,Flutter,shared,"mobile/lib/l10n/app_{en,ar,ku}.arb#quickCategories",No,No,No,Explicit Arabic and Badini catalog values; no supported-locale English spread fallback.
S13U-0836,Rate Visit,قيّم الزيارة,سەردانێ هەلسەنگینە,COMPLETE,Flutter,shared,"mobile/lib/l10n/app_{en,ar,ku}.arb#rateVisit",No,No,No,Explicit Arabic and Badini catalog values; no supported-locale English spread fallback.
S13U-0837,Read,مقروء,ڤەکری,COMPLETE,Clinic Portal,doctor portal,clinic-portal/src/features/doctor-notifications/presentation/messages.ts#read,No,No,No,Explicit Arabic and Badini catalog values; no supported-locale English spread fallback.
S13U-0838,Read-only billing,فوترة للقراءة فقط,زانیاری,COMPLETE,Clinic Portal,billing,clinic-portal/src/features/billing/presentation/messages.ts#readOnly,No,No,No,Explicit Arabic and Badini catalog values; no supported-locale English spread fallback.
S13U-0839,Read-only updates that affect your current clinic session.,تحديثات للقراءة فقط تؤثر في جلسة العيادة الحالية.,زانیاری,COMPLETE,Clinic Portal,doctor portal,clinic-portal/src/features/doctor-notifications/presentation/messages.ts#subtitle,No,No,No,Explicit Arabic and Badini catalog values; no supported-locale English spread fallback.
S13U-0840,Ready,جاهز,ئامادە,COMPLETE,Clinic Portal,queue,clinic-portal/src/features/live-queue/presentation/messages.ts#ready,No,No,No,Explicit Arabic and Badini catalog values; no supported-locale English spread fallback.
S13U-0841,Ready for Live Queue,جاهز لقائمة الانتظار المباشرة,بو رێزبەندییا زندی ئامادەیە,COMPLETE,Clinic Portal,queue,clinic-portal/src/i18n/index.ts#queueReady,No,No,No,Explicit Arabic and Badini catalog values; no supported-locale English spread fallback.
S13U-0842,Ready to join the queue,جاهز للانضمام إلى الطابور,ئامادەیە بچیتە رێزێ,COMPLETE,Clinic Portal,queue,clinic-portal/src/features/arrivals/presentation/messages.ts#queueReady,No,No,No,Explicit Arabic and Badini catalog values; no supported-locale English spread fallback.
S13U-0843,Reason,السبب,ئەگەر,COMPLETE,Clinic Portal,clinic management,clinic-portal/src/features/clinical-presentation/messages.ts#reason,No,No,No,Explicit Arabic and Badini catalog values; no supported-locale English spread fallback.
S13U-0844,Reason for visit,سبب الزيارة,ئەگەرێ سەردانێ,COMPLETE,Flutter,appointments,"mobile/lib/l10n/app_{en,ar,ku}.arb#appointmentReason",No,No,No,Explicit Arabic and Badini catalog values; no supported-locale English spread fallback.
S13U-0845,Recall,إعادة الاستدعاء,دیسان بانگ بکە,COMPLETE,Clinic Portal,queue,clinic-portal/src/features/live-queue/presentation/production-messages.ts#recall,No,No,No,Explicit Arabic and Badini catalog values; no supported-locale English spread fallback.
S13U-0846,Recall is not currently available.,,,MACHINE_CONTRACT,Backend user-visible,queue,backend/src/modules/queue/infrastructure/prisma-queue.repository.ts:765,No,No,No,Sprint 13U backend boundary classification: MACHINE_CONTRACT.
S13U-0847,Recall Patient,معلومات,زانیاری,COMPLETE,Clinic Portal,queue,clinic-portal/src/features/live-queue/presentation/messages.ts#recallPatient,No,No,No,Explicit Arabic and Badini catalog values; no supported-locale English spread fallback.
S13U-0848,Recent Activity,النشاط الأخير,زانیاری,COMPLETE,Clinic Portal,queue,clinic-portal/src/features/live-queue/presentation/messages.ts#recentActivity,No,No,No,Explicit Arabic and Badini catalog values; no supported-locale English spread fallback.
S13U-0849,Recent appointments,المواعيد السابقة,ژوانێن بۆری,COMPLETE,Clinic Portal,appointments,clinic-portal/src/features/clinical-presentation/messages.ts#recent,No,No,No,Explicit Arabic and Badini catalog values; no supported-locale English spread fallback.
S13U-0850,Recent Notifications,معلومات,زانیاری,COMPLETE,Clinic Portal,notifications,clinic-portal/src/i18n/index.ts#recentNotifications,No,No,No,Explicit Arabic and Badini catalog values; no supported-locale English spread fallback.
S13U-0851,Recent Session Activity,نشاط الجلسة الأخير,زانیاری,COMPLETE,Clinic Portal,doctor portal,clinic-portal/src/features/doctor/presentation/messages.ts#recentActivity,No,No,No,Explicit Arabic and Badini catalog values; no supported-locale English spread fallback.
S13U-0852,Recent update,معلومات,زانیاری,COMPLETE,Clinic Portal,doctor portal,clinic-portal/src/features/doctor/presentation/messages.ts#recentUpdate,No,No,No,Explicit Arabic and Badini catalog values; no supported-locale English spread fallback.
S13U-0853,Recently Viewed,شوهد مؤخراً,زانیاری,COMPLETE,Clinic Portal,shared,clinic-portal/src/i18n/index.ts#recentlyViewed,No,No,No,Explicit Arabic and Badini catalog values; no supported-locale English spread fallback.
S13U-0854,Reception changed the scheduled appointment time.,معلومات,زانیاری,COMPLETE,Clinic Portal,doctor portal,clinic-portal/src/features/doctor-notifications/presentation/messages.ts#rescheduledWhat,No,No,No,Explicit Arabic and Badini catalog values; no supported-locale English spread fallback.
S13U-0855,Reception confirmed the morning arrival.,معلومات,زانیاری,COMPLETE,Clinic Portal,doctor portal,clinic-portal/src/features/doctor-notifications/presentation/messages.ts#receptionWhat,No,No,No,Explicit Arabic and Badini catalog values; no supported-locale English spread fallback.
S13U-0856,Reception has not prepared another patient for this doctor session.,تعذر عرض المعلومات حالياً.,نوکە ناهێتە نیشاندان.,COMPLETE,Clinic Portal,doctor portal,clinic-portal/src/features/doctor-patients/presentation/messages.ts#noNextBody,No,No,No,Explicit Arabic and Badini catalog values; no supported-locale English spread fallback.
S13U-0857,Reception recorded the patient's arrival.,معلومات,زانیاری,COMPLETE,Clinic Portal,doctor portal,clinic-portal/src/features/doctor-notifications/presentation/messages.ts#patientArrivedWhat,No,No,No,Explicit Arabic and Badini catalog values; no supported-locale English spread fallback.
S13U-0858,Reception shared a read-only session update.,معلومات واضحة وآمنة.,زانیاریێن ڕوون و پاراستی.,COMPLETE,Clinic Portal,doctor portal,clinic-portal/src/features/doctor-notifications/presentation/messages.ts#receptionDescription,No,No,No,Explicit Arabic and Badini catalog values; no supported-locale English spread fallback.
S13U-0859,Reception update,معلومات,زانیاری,COMPLETE,Clinic Portal,doctor portal,clinic-portal/src/features/doctor-notifications/presentation/messages.ts#receptionUpdate,No,No,No,Explicit Arabic and Badini catalog values; no supported-locale English spread fallback.
S13U-0860,Receptionist,موظف الاستقبال,کارمەندێ پێشوازیێ,COMPLETE,Clinic Portal,shared,clinic-portal/src/features/portal-foundation/presentation/foundation-messages.ts#receptionist; clinic-portal/src/i18n/index.ts#receptionist,No,No,No,Explicit Arabic and Badini catalog values; no supported-locale English spread fallback.
S13U-0861,Recommended action,الإجراء المقترح,بەردەوام بە,COMPLETE,Clinic Portal,doctor portal,clinic-portal/src/features/doctor-notifications/presentation/messages.ts#recommendedAction,No,No,No,Explicit Arabic and Badini catalog values; no supported-locale English spread fallback.
S13U-0862,Recommended doctors,أطباء مقترحون,نوژدارێن پێشنیارکری,COMPLETE,Flutter,shared,"mobile/lib/l10n/app_{en,ar,ku}.arb#recommendedDoctors",No,No,No,Explicit Arabic and Badini catalog values; no supported-locale English spread fallback.
S13U-0863,Record arrival,تسجيل الوصول,هاتنێ تومار بکە,COMPLETE,Clinic Portal; Flutter,queue,"clinic-portal/src/features/arrivals/presentation/messages.ts#record; mobile/lib/l10n/app_{en,ar,ku}.arb#recordArrival",No,No,No,Explicit Arabic and Badini catalog values; no supported-locale English spread fallback.
S13U-0864,Record Patient Arrival,المعلومات,زانیاری,COMPLETE,Clinic Portal,queue,clinic-portal/src/i18n/index.ts#title,No,No,No,Explicit Arabic and Badini catalog values; no supported-locale English spread fallback.
S13U-0865,Record patient arrival,تسجيل وصول المريض,تۆمارکرنا هاتنا نەخۆشی,COMPLETE,Clinic Portal,queue,clinic-portal/src/features/arrivals/presentation/messages.ts#title,No,No,No,Explicit Arabic and Badini catalog values; no supported-locale English spread fallback.
S13U-0866,Record this patient’s arrival?,تسجيل وصول هذا المريض؟,هاتنا ڤی نەخۆشی تۆمار بکەی؟,COMPLETE,Clinic Portal,queue,clinic-portal/src/features/arrivals/presentation/messages.ts#confirmTitle,No,No,No,Explicit Arabic and Badini catalog values; no supported-locale English spread fallback.
S13U-0867,Recording arrival,معلومات,زانیاری,COMPLETE,Clinic Portal,queue,clinic-portal/src/i18n/index.ts#recording,No,No,No,Explicit Arabic and Badini catalog values; no supported-locale English spread fallback.
S13U-0868,Recording arrival does not assign a ticket. Adding the patient to this queue is a separate action.,تسجيل الوصول لا يمنح رقماً. إضافة المريض إلى الطابور خطوة منفصلة.,تۆمارکرنا هاتنێ ژمارە نادەت. خستنا نەخۆشی د رێزێ دا گاڤەکا جودایە.,COMPLETE,Clinic Portal,queue,clinic-portal/src/features/live-queue/presentation/production-messages.ts#queueSeparate,No,No,No,Explicit Arabic and Badini catalog values; no supported-locale English spread fallback.
S13U-0869,Recording…,جارٍ التسجيل…,دهێتە تۆمارکرن…,COMPLETE,Clinic Portal,queue,clinic-portal/src/features/arrivals/presentation/messages.ts#pending,No,No,No,Explicit Arabic and Badini catalog values; no supported-locale English spread fallback.
S13U-0870,Recurring periods are interpreted in the clinic IANA timezone. No appointment slots are produced.,,,USER_VISIBLE,Backend user-visible,appointments,backend/src/modules/doctors/presentation/clinic-hours.controller.ts:45,No,No,Yes,Sprint 13U backend boundary classification: USER_VISIBLE.
S13U-0871,Reduced motion,تقليل الحركة,زانیاری,COMPLETE,Clinic Portal,doctor portal,clinic-portal/src/features/doctor-settings/presentation/messages.ts#reducedMotion,No,No,No,Explicit Arabic and Badini catalog values; no supported-locale English spread fallback.
S13U-0872,Refresh,تحديث,نوو بکە,COMPLETE,Clinic Portal,billing,clinic-portal/src/features/billing/presentation/messages.ts#refresh; clinic-portal/src/features/live-queue/presentation/production-messages.ts#refresh,No,No,No,Explicit Arabic and Badini catalog values; no supported-locale English spread fallback.
S13U-0873,Refresh device context does not match.,,,MACHINE_CONTRACT,Backend user-visible,authentication,backend/src/modules/identity/application/authentication.service.ts:589,No,No,No,Sprint 13U backend boundary classification: MACHINE_CONTRACT.
S13U-0874,Refresh token expired.,,,MACHINE_CONTRACT,Backend user-visible,authentication,backend/src/modules/identity/application/authentication.service.ts:329,No,No,No,Sprint 13U backend boundary classification: MACHINE_CONTRACT.
S13U-0875,Refresh token is invalid.,,,MACHINE_CONTRACT,Backend user-visible,authentication,backend/src/modules/identity/application/authentication.service.ts:303,No,No,No,Sprint 13U backend boundary classification: MACHINE_CONTRACT.
S13U-0876,Refresh token reuse detected.,,,MACHINE_CONTRACT,Backend user-visible,authentication,backend/src/modules/identity/application/authentication.service.ts:326; backend/src/modules/identity/application/authentication.service.ts:344,No,No,No,Sprint 13U backend boundary classification: MACHINE_CONTRACT.
S13U-0877,Related links,روابط ذات صلة,زانیاری,COMPLETE,Clinic Portal,doctor portal,clinic-portal/src/features/doctor-notifications/presentation/messages.ts#relatedLinks,No,No,No,Explicit Arabic and Badini catalog values; no supported-locale English spread fallback.
S13U-0878,Relationship,صلة القرابة,پەیوەندی,COMPLETE,Clinic Portal; Flutter,shared,"clinic-portal/src/i18n/index.ts#relationship; mobile/lib/l10n/app_{en,ar,ku}.arb#relationship",No,No,No,Explicit Arabic and Badini catalog values; no supported-locale English spread fallback.
S13U-0879,Reload,إعادة التحميل,دیسان بار بکە,COMPLETE,Flutter,shared,"mobile/lib/l10n/app_{en,ar,ku}.arb#reload",No,No,No,Explicit Arabic and Badini catalog values; no supported-locale English spread fallback.
S13U-0880,Remaining,المتبقي,یێ مای,COMPLETE,Clinic Portal,doctor portal,clinic-portal/src/features/doctor-schedule/presentation/messages.ts#remaining,No,No,No,Explicit Arabic and Badini catalog values; no supported-locale English spread fallback.
S13U-0881,Reminder sent,معلومات,زانیاری,COMPLETE,Clinic Portal,shared,clinic-portal/src/i18n/index.ts#reminderSent,No,No,No,Explicit Arabic and Badini catalog values; no supported-locale English spread fallback.
S13U-0882,Remove from My Doctors,إزالة من أطبائي,ژ نوژدارێن من ڕاکە,COMPLETE,Flutter,shared,"mobile/lib/l10n/app_{en,ar,ku}.arb#removeFromMyDoctors",No,No,No,Explicit Arabic and Badini catalog values; no supported-locale English spread fallback.
S13U-0883,Remove {label} filter,إزالة مرشح {label},فلتەرا {label} پاک بکە,COMPLETE,Flutter,shared,"mobile/lib/l10n/app_{en,ar,ku}.arb#removeAppliedFilter",No,No,No,Explicit Arabic and Badini catalog values; no supported-locale English spread fallback.
S13U-0884,Removed,مزال,هاتیە لادان,COMPLETE,Clinic Portal,queue,clinic-portal/src/features/live-queue/presentation/production-messages.ts#removed,No,No,No,Explicit Arabic and Badini catalog values; no supported-locale English spread fallback.
S13U-0885,Repository mode,معلومات,زانیاری,COMPLETE,Clinic Portal,doctor portal,clinic-portal/src/features/doctor-settings/presentation/messages.ts#repositoryMode,No,No,No,Explicit Arabic and Badini catalog values; no supported-locale English spread fallback.
S13U-0886,Request validation failed.,,,USER_VISIBLE,Backend user-visible,profile/account,backend/src/modules/patients/presentation/patients.controller.ts:53,No,No,Yes,Sprint 13U backend boundary classification: USER_VISIBLE.
S13U-0887,Request validation or cursor validation failed.,,,USER_VISIBLE,Backend user-visible,administration,backend/src/modules/administration/presentation/administration.controller.ts:65,No,No,Yes,Sprint 13U backend boundary classification: USER_VISIBLE.
S13U-0888,Required by the arrival record command.,,,USER_VISIBLE,Backend user-visible,queue,backend/src/modules/arrivals/presentation/arrival.dto.ts:72,No,No,Yes,Sprint 13U backend boundary classification: USER_VISIBLE.
S13U-0889,Required capability is unavailable.,,,MACHINE_CONTRACT,Backend user-visible,authentication,backend/src/modules/identity/presentation/jwt-auth.guard.ts:156; backend/src/modules/queue/application/queue.service.ts:218,No,No,No,Sprint 13U backend boundary classification: MACHINE_CONTRACT.
S13U-0890,Required for optimistic-concurrency commands.,,,USER_VISIBLE,Backend user-visible,appointments,backend/src/modules/appointments/presentation/appointment.dto.ts:157,No,No,Yes,Sprint 13U backend boundary classification: USER_VISIBLE.
S13U-0891,"Requires Idempotency-Key and the expected arrival version. The appointment must be active, owned and tenant-scoped, have active participants, and fall inside the configured early/late window. The state advances expected → arrived → queueReady. No queue row, number, ordering, call, consultation, notification, or realtime action occurs.",,,USER_VISIBLE,Backend user-visible,appointments,backend/src/modules/arrivals/presentation/arrivals.controller.ts:80,No,No,Yes,Sprint 13U backend boundary classification: USER_VISIBLE.
S13U-0892,Reschedule appointment,تغيير الموعد,دەمێ ژڤانێ بگهورە,COMPLETE,Clinic Portal; Flutter,appointments,"clinic-portal/src/features/clinical-presentation/messages.ts#reschedule; clinic-portal/src/features/clinical-presentation/messages.ts#rescheduleTitle; mobile/lib/l10n/app_{en,ar,ku}.arb#rescheduleAppointment",No,No,No,Explicit Arabic and Badini catalog values; no supported-locale English spread fallback.
S13U-0893,Resend code,إعادة إرسال الرمز,کودی دیسان فرێکە,COMPLETE,Flutter,shared,"mobile/lib/l10n/app_{en,ar,ku}.arb#resendCode",No,No,No,Explicit Arabic and Badini catalog values; no supported-locale English spread fallback.
S13U-0894,Resend in {seconds}s,إعادة الإرسال خلال {seconds} ث,پشتی {seconds} چرکەیان دیسان فرێکە,COMPLETE,Flutter,shared,"mobile/lib/l10n/app_{en,ar,ku}.arb#resendIn",No,No,No,Explicit Arabic and Badini catalog values; no supported-locale English spread fallback.
S13U-0895,Resolve the most urgent schedule questions first.,راجع المعلومات قبل المتابعة.,بەری بەردەوامبوونێ زانیاریان بپشکنە.,COMPLETE,Clinic Portal,shared,clinic-portal/src/i18n/index.ts#attentionHelp,No,No,No,Explicit Arabic and Badini catalog values; no supported-locale English spread fallback.
S13U-0896,REST and PostgreSQL snapshots remain authoritative. Reconnect with Last-Event-ID.,,,USER_VISIBLE,Backend user-visible,authentication,backend/src/modules/notifications/presentation/notifications.controller.ts:113,No,No,Yes,Sprint 13U backend boundary classification: USER_VISIBLE.
S13U-0897,Resume Queue,استئناف القائمة,زانیاری,COMPLETE,Clinic Portal,queue,clinic-portal/src/features/live-queue/presentation/messages.ts#resumeQueue,No,No,No,Explicit Arabic and Badini catalog values; no supported-locale English spread fallback.
S13U-0898,Resume queue,استئناف الطابور,رێزێ بەردەوام بکە,COMPLETE,Clinic Portal,queue,clinic-portal/src/features/live-queue/presentation/production-messages.ts#resume,No,No,No,Explicit Arabic and Badini catalog values; no supported-locale English spread fallback.
S13U-0899,Resume Session,استئناف الجلسة,زانیاری,COMPLETE,Clinic Portal,doctor portal,clinic-portal/src/features/doctor/presentation/messages.ts#resumeSession,No,No,No,Explicit Arabic and Badini catalog values; no supported-locale English spread fallback.
S13U-0900,Resume the queue before continuing.,معلومات,زانیاری,COMPLETE,Clinic Portal,queue,clinic-portal/src/features/live-queue/presentation/messages.ts#queueIsPaused,No,No,No,Explicit Arabic and Badini catalog values; no supported-locale English spread fallback.
S13U-0901,Return Home,العودة إلى الرئيسية,ب ڤەگەرە بو سەرەکی,COMPLETE,Flutter,home/navigation,"mobile/lib/l10n/app_{en,ar,ku}.arb#returnHome",No,No,No,Explicit Arabic and Badini catalog values; no supported-locale English spread fallback.
S13U-0902,Return to dashboard,العودة إلى لوحة المتابعة,ڤەگەڕە سەرەکی,COMPLETE,Clinic Portal,home/navigation,clinic-portal/src/i18n/index.ts#back,No,No,No,Explicit Arabic and Badini catalog values; no supported-locale English spread fallback.
S13U-0903,Return to portal,معلومات,زانیاری,COMPLETE,Clinic Portal,doctor portal,clinic-portal/src/features/doctor/presentation/messages.ts#returnHome,No,No,No,Explicit Arabic and Badini catalog values; no supported-locale English spread fallback.
S13U-0904,Return to Workspace,العودة إلى مساحة العمل,ڤەگەڕە جهێ کاری,COMPLETE,Clinic Portal,doctor portal,clinic-portal/src/features/doctor-notifications/presentation/messages.ts#returnWorkspace; clinic-portal/src/features/doctor-schedule/presentation/messages.ts#returnWorkspace; clinic-portal/src/features/doctor-settings/presentation/messages.ts#returnWorkspace,No,No,No,Explicit Arabic and Badini catalog values; no supported-locale English spread fallback.
S13U-0905,Returns a normal notEnqueued state for an owned appointment before staff assigns a ticket. Never exposes another patient identity. Wait estimates are ranges and are suspended while paused.,,,USER_VISIBLE,Backend user-visible,appointments,backend/src/modules/queue/presentation/queue.controller.ts:114,No,No,Yes,Sprint 13U backend boundary classification: USER_VISIBLE.
S13U-0906,Returns advisory slots derived from active doctor-clinic schedules and current appointment conflicts. Appointment creation always revalidates availability. Empty days are successful results. Operational schedule internals are never returned.,,,USER_VISIBLE,Backend user-visible,doctor portal,backend/src/modules/appointments/presentation/booking-options.controller.ts:52,No,No,Yes,Sprint 13U backend boundary classification: USER_VISIBLE.
S13U-0907,"Returns only options represented by active doctors, active specialties, active clinics, and active doctor-clinic assignments visible to the authenticated directory scope.",,,USER_VISIBLE,Backend user-visible,doctor portal,backend/src/modules/doctors/presentation/doctors.controller.ts:82,No,No,Yes,Sprint 13U backend boundary classification: USER_VISIBLE.
S13U-0908,Reversal count,عدد العكس,زانیاری,COMPLETE,Clinic Portal,billing,clinic-portal/src/features/billing/presentation/messages.ts#reversalCount,No,No,No,Explicit Arabic and Badini catalog values; no supported-locale English spread fallback.
S13U-0909,Reversals,عمولات معكوسة,ڤەگەراندنێن کومیسیونێ,COMPLETE,Clinic Portal,billing,clinic-portal/src/features/billing/presentation/messages.ts#reversals,No,No,No,Explicit Arabic and Badini catalog values; no supported-locale English spread fallback.
S13U-0910,Reversed,معكوسة,زانیاری,COMPLETE,Clinic Portal,billing,clinic-portal/src/features/billing/presentation/messages.ts#reversed,No,No,No,Explicit Arabic and Badini catalog values; no supported-locale English spread fallback.
S13U-0911,Review and manage clinic appointments.,راجع مواعيد العيادة وأدرها.,ژوانێن کلینیکێ ببینە و ڕێک بخە.,COMPLETE,Clinic Portal,appointments,clinic-portal/src/features/clinical-presentation/messages.ts#appointmentHelp,No,No,No,Explicit Arabic and Badini catalog values; no supported-locale English spread fallback.
S13U-0912,Review appointment,مراجعة الموعد,ژڤانیێ پێداچوون بکە,COMPLETE,Flutter,appointments,"mobile/lib/l10n/app_{en,ar,ku}.arb#reviewAppointment",No,No,No,Explicit Arabic and Badini catalog values; no supported-locale English spread fallback.
S13U-0913,Review the appointment details and arrive at the recommended time.,راجع تفاصيل الموعد واحضر في الوقت الموصى به.,وردەکاریێن وەعدەیێ ببینە و د دەمێ پێشنیارکری دا بەرهەڤ بە.,COMPLETE,Flutter,appointments,"mobile/lib/l10n/app_{en,ar,ku}.arb#notificationBookingNext",No,No,No,Explicit Arabic and Badini catalog values; no supported-locale English spread fallback.
S13U-0914,Review the highlighted information.,راجع المعلومات المحددة.,زانیاری,COMPLETE,Clinic Portal,administration,clinic-portal/src/features/administration/presentation/messages.ts#validation,No,No,No,Explicit Arabic and Badini catalog values; no supported-locale English spread fallback.
S13U-0915,Review the related workspace when safe.,متابعة,بەردەوام بە,COMPLETE,Clinic Portal,doctor portal,clinic-portal/src/features/doctor-notifications/presentation/messages.ts#genericAction,No,No,No,Explicit Arabic and Badini catalog values; no supported-locale English spread fallback.
S13U-0916,Review the schedule before the break.,متابعة,بەردەوام بە,COMPLETE,Clinic Portal,doctor portal,clinic-portal/src/features/doctor-notifications/presentation/messages.ts#breakAction,No,No,No,Explicit Arabic and Badini catalog values; no supported-locale English spread fallback.
S13U-0917,Review the update and follow any instructions shown.,راجع التحديث واتبع التعليمات الظاهرة.,نووکرنێ ببینە و رێنماییێن دیار بکە.,COMPLETE,Flutter,notifications,"mobile/lib/l10n/app_{en,ar,ku}.arb#notificationGeneralNext",No,No,No,Explicit Arabic and Badini catalog values; no supported-locale English spread fallback.
S13U-0918,Review the updated appointment context.,متابعة,بەردەوام بە,COMPLETE,Clinic Portal,doctor portal,clinic-portal/src/features/doctor-notifications/presentation/messages.ts#rescheduledAction,No,No,No,Explicit Arabic and Badini catalog values; no supported-locale English spread fallback.
S13U-0919,Review this queue action before continuing.,راجع إجراء الطابور قبل المتابعة.,بەری بەردەوامبوونێ کارێ ڕێزێ بپشکنە.,COMPLETE,Clinic Portal,queue,clinic-portal/src/features/live-queue/presentation/production-messages.ts#confirmDescription,No,No,No,Explicit Arabic and Badini catalog values; no supported-locale English spread fallback.
S13U-0920,Role assignment is no longer active.,,,MACHINE_CONTRACT,Backend user-visible,authentication,backend/src/modules/identity/presentation/jwt-auth.guard.ts:105,No,No,No,Sprint 13U backend boundary classification: MACHINE_CONTRACT.
S13U-0921,"Role, capability, visibility, or tenant policy denied access.",,,USER_VISIBLE,Backend user-visible,shared,backend/src/modules/doctors/presentation/doctors.controller.ts:49,No,No,Yes,Sprint 13U backend boundary classification: USER_VISIBLE.
S13U-0922,Room,الغرفة,ژوور,COMPLETE,Clinic Portal,doctor portal,clinic-portal/src/features/doctor-patients/presentation/messages.ts#room; clinic-portal/src/features/doctor-settings/presentation/messages.ts#room; clinic-portal/src/features/doctor/presentation/messages.ts#room; clinic-portal/src/i18n/index.ts#room,No,No,No,Explicit Arabic and Badini catalog values; no supported-locale English spread fallback.
S13U-0923,Routine queue mutation is unavailable.,,,MACHINE_CONTRACT,Backend user-visible,queue,backend/src/modules/queue/application/queue.service.ts:203,No,No,No,Sprint 13U backend boundary classification: MACHINE_CONTRACT.
S13U-0924,RTL status,حالة الاتجاه من اليمين,رەوش,COMPLETE,Clinic Portal,doctor portal,clinic-portal/src/features/doctor-settings/presentation/messages.ts#rtlStatus,No,No,No,Explicit Arabic and Badini catalog values; no supported-locale English spread fallback.
S13U-0925,Running behind,معلومات,زانیاری,COMPLETE,Clinic Portal,doctor portal,clinic-portal/src/features/doctor-schedule/presentation/messages.ts#runningBehind,No,No,No,Explicit Arabic and Badini catalog values; no supported-locale English spread fallback.
S13U-0926,Running on time,في الموعد,ل دەمێ خو دا,COMPLETE,Clinic Portal,shared,clinic-portal/src/i18n/index.ts#onTime,No,No,No,Explicit Arabic and Badini catalog values; no supported-locale English spread fallback.
S13U-0927,Running {minutes} minutes late,معلومات,زانیاری,COMPLETE,Clinic Portal,shared,clinic-portal/src/i18n/index.ts#late,No,No,No,Explicit Arabic and Badini catalog values; no supported-locale English spread fallback.
S13U-0929,Saving language,جارٍ حفظ اللغة,زمان دهێتە پاراستن,COMPLETE,Flutter,home/navigation,"mobile/lib/l10n/app_{en,ar,ku}.arb#savingLanguage",No,No,No,Explicit Arabic and Badini catalog values; no supported-locale English spread fallback.
S13U-0930,Saving…,جارٍ الحفظ…,دهێتە پاراستن…,COMPLETE,Clinic Portal,clinic management,clinic-portal/src/features/clinical-presentation/messages.ts#saving,No,No,No,Explicit Arabic and Badini catalog values; no supported-locale English spread fallback.
S13U-0931,Saxlem,,,BRAND_NAME,Clinic Portal; Flutter,administration,"clinic-portal/src/components/doctor-shell.tsx:2; clinic-portal/src/components/shell.tsx:12; clinic-portal/src/features/administration/presentation/administration-workspace.tsx:720; clinic-portal/src/features/portal-foundation/presentation/portal-shell.tsx:131; mobile/lib/l10n/app_{en,ar,ku}.arb#appName",No,No,No,"Saxlem is an approved product brand, not translatable UI copy."
S13U-0932,"Saxlem brings trusted care, appointments, and live clinic updates into one calm experience.",يجمع ساكسلم الرعاية الموثوقة والمواعيد وتحديثات العيادة المباشرة في تجربة هادئة واحدة.,ساخله‌م چاڤدێرییا باوەرپێکری، وەعدە و نویکرنێن زیندی یێن کلینیکێ د ئەزموونەکا ئارام دا دکەتە ئێک.,COMPLETE,Flutter,appointments,"mobile/lib/l10n/app_{en,ar,ku}.arb#welcomeBody",No,No,No,Explicit Arabic and Badini catalog values; no supported-locale English spread fallback.
S13U-0933,Saxlem Clinic Portal,بوابة عيادات ساخلم,پۆرتالا کلینیکێ یا ساخله‌م,COMPLETE,Clinic Portal,clinic management,clinic-portal/src/i18n/index.ts#app,No,No,No,Explicit Arabic and Badini catalog values; no supported-locale English spread fallback.
S13U-0934,Saxlem Doctor Workspace,مساحة عمل الطبيب,زانیاری,COMPLETE,Clinic Portal,doctor portal,clinic-portal/src/features/doctor/presentation/messages.ts#app,No,No,No,Explicit Arabic and Badini catalog values; no supported-locale English spread fallback.
S13U-0935,Saxlem services are temporarily unavailable.,خدمات ساكلم غير متاحة مؤقتاً.,بەردەست نینە,COMPLETE,Clinic Portal,administration,clinic-portal/src/features/administration/presentation/messages.ts#unavailable,No,No,No,Explicit Arabic and Badini catalog values; no supported-locale English spread fallback.
S13U-0936,Schedule,الجدول,خشتە,COMPLETE,Clinic Portal,doctor portal,clinic-portal/src/features/doctor/presentation/messages.ts#schedule; clinic-portal/src/features/portal-foundation/presentation/foundation-messages.ts#schedule; clinic-portal/src/i18n/index.ts#schedule,No,No,No,Explicit Arabic and Badini catalog values; no supported-locale English spread fallback.
S13U-0937,Schedule Alerts,تنبيهات الجدول,زانیاری,COMPLETE,Clinic Portal,doctor portal,clinic-portal/src/features/doctor-schedule/presentation/messages.ts#scheduleAlerts,No,No,No,Explicit Arabic and Badini catalog values; no supported-locale English spread fallback.
S13U-0938,Schedule notifications,معلومات,زانیاری,COMPLETE,Clinic Portal,doctor portal,clinic-portal/src/features/doctor-settings/presentation/messages.ts#scheduleNotifications,No,No,No,Explicit Arabic and Badini catalog values; no supported-locale English spread fallback.
S13U-0939,Schedule unavailable,غير متاح,بەردەست نینە,COMPLETE,Clinic Portal,doctor portal,clinic-portal/src/features/doctor-schedule/presentation/messages.ts#unavailable,No,No,No,Explicit Arabic and Badini catalog values; no supported-locale English spread fallback.
S13U-0940,Scheduled,معلومات,زانیاری,COMPLETE,Clinic Portal; Flutter,clinic management,"clinic-portal/src/features/clinical-presentation/messages.ts#scheduled; mobile/lib/l10n/app_{en,ar,ku}.arb#scheduled",No,No,No,Explicit Arabic and Badini catalog values; no supported-locale English spread fallback.
S13U-0941,Search,بحث,لێ بگەرە,COMPLETE,Clinic Portal,clinic management,clinic-portal/src/features/clinical-presentation/messages.ts#search,No,No,No,Explicit Arabic and Badini catalog values; no supported-locale English spread fallback.
S13U-0942,Search appointments,المعلومات,زانیاری,COMPLETE,Clinic Portal,appointments,clinic-portal/src/i18n/index.ts#searchLabel,No,No,No,Explicit Arabic and Badini catalog values; no supported-locale English spread fallback.
S13U-0943,"Search by name, phone number, or patient ID",معلومات,زانیاری,COMPLETE,Clinic Portal,profile/account,clinic-portal/src/i18n/index.ts#searchHint,No,No,No,Explicit Arabic and Badini catalog values; no supported-locale English spread fallback.
S13U-0944,"Search by patient, doctor, phone, or appointment ID",معلومات,زانیاری,COMPLETE,Clinic Portal,appointments,clinic-portal/src/i18n/index.ts#searchHint,No,No,No,Explicit Arabic and Badini catalog values; no supported-locale English spread fallback.
S13U-0945,Search doctors,البحث عن الأطباء,ل نوژداران بگەرە,COMPLETE,Flutter,shared,"mobile/lib/l10n/app_{en,ar,ku}.arb#searchDoctorsLabel",No,No,No,Explicit Arabic and Badini catalog values; no supported-locale English spread fallback.
S13U-0946,"Search doctors, clinics or specialties",ابحث عن الأطباء أو العيادات أو الاختصاصات,ل نوژدار، کلینیک یان پسپۆڕی بگەڕێ,COMPLETE,Flutter,doctor discovery,"mobile/lib/l10n/app_{en,ar,ku}.arb#searchHint",No,No,No,Explicit Arabic and Badini catalog values; no supported-locale English spread fallback.
S13U-0947,Search in everyday words. We'll help you find doctors who may be able to help.,ابحث بكلمات بسيطة وسنساعدك في العثور على الطبيب المناسب.,ب پەیڤێن سادە بگەڕێ، ئەم دێ هاریکاریا تە کەین نوژدارێ گونجای بدۆزی.,COMPLETE,Flutter,shared,"mobile/lib/l10n/app_{en,ar,ku}.arb#findRightCareBody",No,No,No,Explicit Arabic and Badini catalog values; no supported-locale English spread fallback.
S13U-0948,Search patients,البحث عن المرضى,ل نەخوشان بگەرە,COMPLETE,Clinic Portal,profile/account,clinic-portal/src/features/clinical-presentation/messages.ts#searchAction; clinic-portal/src/i18n/index.ts#searchLabel,No,No,No,Explicit Arabic and Badini catalog values; no supported-locale English spread fallback.
S13U-0949,Search results,نتائج البحث,ئەنجامێن لێ گەریانێ,COMPLETE,Clinic Portal,shared,clinic-portal/src/i18n/index.ts#searchResults,No,No,No,Explicit Arabic and Badini catalog values; no supported-locale English spread fallback.
S13U-0950,"Search securely by name, phone number, or patient ID.",ابحث بأمان بالاسم أو رقم الهاتف أو رقم المريض.,ب پاراستی ب ناڤ، ژمارا تەلەفونێ یان ژمارا نەخۆشی بگەڕێ.,COMPLETE,Clinic Portal,profile/account,clinic-portal/src/features/clinical-presentation/messages.ts#patientHelp,No,No,No,Explicit Arabic and Badini catalog values; no supported-locale English spread fallback.
S13U-0951,Search trusted doctors and narrow the results with the available filters.,ابحث عن أطباء موثوقين وحدد النتائج باستخدام المرشحات المتاحة.,ل نوژدارێن باوەرپێکری بگەڕە و ئەنجامان ب فلتەرێن بەردەست کورت بکە.,COMPLETE,Flutter,doctor discovery,"mobile/lib/l10n/app_{en,ar,ku}.arb#doctorDiscoveryInstruction",No,No,No,Explicit Arabic and Badini catalog values; no supported-locale English spread fallback.
S13U-0952,Secure access for Saxlem clinic teams.,وصول آمن لفرق عيادات ساخلم.,دەستگەیشتنی پارێزراو بۆ تیمی کلینیکا ساخلم.,COMPLETE,Clinic Portal,authentication,clinic-portal/src/features/portal-foundation/presentation/foundation-messages.ts#loginBody,No,No,No,Explicit Arabic and Badini catalog values; no supported-locale English spread fallback.
S13U-0953,Security audit is temporarily unavailable.,,,MACHINE_CONTRACT,Backend user-visible,doctor portal,backend/src/modules/appointments/application/appointment.service.ts:538; backend/src/modules/appointments/application/appointment.service.ts:548; backend/src/modules/arrivals/application/arrival.service.ts:163; backend/src/modules/arrivals/application/arrival.service.ts:174; backend/src/modules/doctors/application/doctor-schedule.service.ts:318; backend/src/modules/doctors/application/doctor-schedule.service.ts:336; backend/src/modules/doctors/application/doctor.service.ts:109; backend/src/modules/patients/application/patient.service.ts:123; backend/src/modules/patients/application/patient.service.ts:148; backend/src/modules/queue/infrastructure/prisma-queue.repository.ts:1069; backend/src/modules/queue/infrastructure/prisma-queue.repository.ts:1158,No,No,No,Sprint 13U backend boundary classification: MACHINE_CONTRACT.
S13U-0954,See all,عرض الكل,هەمیان ببینە,COMPLETE,Flutter,shared,"mobile/lib/l10n/app_{en,ar,ku}.arb#seeAll",No,No,No,Explicit Arabic and Badini catalog values; no supported-locale English spread fallback.
S13U-0955,"See who is being seen, who is next, and the action required now.",المعلومات,زانیاری,COMPLETE,Clinic Portal,queue,clinic-portal/src/features/live-queue/presentation/messages.ts#subtitle,No,No,No,Explicit Arabic and Badini catalog values; no supported-locale English spread fallback.
S13U-0956,Select an authoritative organization before viewing global billing.,راجع المعلومات قبل المتابعة.,بەری بەردەوامبوونێ زانیاریان بپشکنە.,COMPLETE,Clinic Portal,billing,clinic-portal/src/features/billing/presentation/messages.ts#chooseOrganizationHelp,No,No,No,Explicit Arabic and Badini catalog values; no supported-locale English spread fallback.
S13U-0957,Select organization,اختر المؤسسة,رێکخراو هەلبژێرە,COMPLETE,Clinic Portal,administration,clinic-portal/src/features/administration/presentation/messages.ts#selectOrganization,No,No,No,Explicit Arabic and Badini catalog values; no supported-locale English spread fallback.
S13U-0958,Self-profile invariant would be violated.,,,USER_VISIBLE,Backend user-visible,profile/account,backend/src/modules/patients/presentation/patients.controller.ts:145,No,No,Yes,Sprint 13U backend boundary classification: USER_VISIBLE.
S13U-0959,Send code,إرسال الرمز,کودی فرێکە,COMPLETE,Flutter,shared,"mobile/lib/l10n/app_{en,ar,ku}.arb#sendCode",No,No,No,Explicit Arabic and Badini catalog values; no supported-locale English spread fallback.
S13U-0960,Session authorization is unavailable.,,,MACHINE_CONTRACT,Backend user-visible,authentication,backend/src/modules/identity/application/authentication.service.ts:307,No,No,No,Sprint 13U backend boundary classification: MACHINE_CONTRACT.
S13U-0961,Session ending soon,معلومات,زانیاری,COMPLETE,Clinic Portal,doctor portal,clinic-portal/src/features/doctor-schedule/presentation/messages.ts#sessionEndingSoon,No,No,No,Explicit Arabic and Badini catalog values; no supported-locale English spread fallback.
S13U-0962,Session finished,انتهت الجلسة,دانیشتن ب دووماهی هات,COMPLETE,Clinic Portal,doctor portal,clinic-portal/src/features/doctor/presentation/messages.ts#sessionFinished,No,No,No,Explicit Arabic and Badini catalog values; no supported-locale English spread fallback.
S13U-0963,Session lifetime expired.,,,MACHINE_CONTRACT,Backend user-visible,authentication,backend/src/modules/identity/application/authentication.service.ts:310,No,No,No,Sprint 13U backend boundary classification: MACHINE_CONTRACT.
S13U-0964,Session paused,معلومات,زانیاری,COMPLETE,Clinic Portal,doctor portal,clinic-portal/src/features/doctor/presentation/messages.ts#sessionPaused,No,No,No,Explicit Arabic and Badini catalog values; no supported-locale English spread fallback.
S13U-0965,Session reminders,معلومات,زانیاری,COMPLETE,Clinic Portal,doctor portal,clinic-portal/src/features/doctor-settings/presentation/messages.ts#sessionReminders,No,No,No,Explicit Arabic and Badini catalog values; no supported-locale English spread fallback.
S13U-0966,Session resumed,معلومات,زانیاری,COMPLETE,Clinic Portal,doctor portal,clinic-portal/src/features/doctor/presentation/messages.ts#sessionResumed,No,No,No,Explicit Arabic and Badini catalog values; no supported-locale English spread fallback.
S13U-0967,Session running behind,معلومات,زانیاری,COMPLETE,Clinic Portal,doctor portal,clinic-portal/src/features/doctor-notifications/presentation/messages.ts#runningBehind,No,No,No,Explicit Arabic and Badini catalog values; no supported-locale English spread fallback.
S13U-0968,Session started,معلومات,زانیاری,COMPLETE,Clinic Portal,doctor portal,clinic-portal/src/features/doctor/presentation/messages.ts#sessionStarted,No,No,No,Explicit Arabic and Badini catalog values; no supported-locale English spread fallback.
S13U-0969,Session state,حالة الجلسة,زانیاری,COMPLETE,Clinic Portal,doctor portal,clinic-portal/src/features/doctor-patients/presentation/messages.ts#sessionState; clinic-portal/src/features/doctor-settings/presentation/messages.ts#sessionState; clinic-portal/src/features/doctor/presentation/messages.ts#sessionState,No,No,No,Explicit Arabic and Badini catalog values; no supported-locale English spread fallback.
S13U-0970,Session Status,حالة الجلسة,رەوش,COMPLETE,Clinic Portal,doctor portal,clinic-portal/src/features/doctor/presentation/messages.ts#sessionStatus,No,No,No,Explicit Arabic and Badini catalog values; no supported-locale English spread fallback.
S13U-0971,Session Summary,ملخص الجلسة,زانیاری,COMPLETE,Clinic Portal,doctor portal,clinic-portal/src/features/doctor-patients/presentation/messages.ts#sessionSummary,No,No,No,Explicit Arabic and Badini catalog values; no supported-locale English spread fallback.
S13U-0972,Session update,المعلومات,زانیاری,COMPLETE,Clinic Portal,doctor portal,clinic-portal/src/features/doctor-notifications/presentation/messages.ts#genericTitle,No,No,No,Explicit Arabic and Badini catalog values; no supported-locale English spread fallback.
S13U-0973,Settings,الإعدادات,رێکخستن,COMPLETE,Clinic Portal,doctor portal,clinic-portal/src/features/doctor/presentation/messages.ts#settings; clinic-portal/src/features/portal-foundation/presentation/foundation-messages.ts#settings; clinic-portal/src/i18n/index.ts#settings,No,No,No,Explicit Arabic and Badini catalog values; no supported-locale English spread fallback.
S13U-0974,Settings unavailable,غير متاح,بەردەست نینە,COMPLETE,Clinic Portal,doctor portal,clinic-portal/src/features/doctor-settings/presentation/messages.ts#unavailable,No,No,No,Explicit Arabic and Badini catalog values; no supported-locale English spread fallback.
S13U-0975,Several appointments are scheduled after midday.,راجع المعلومات قبل المتابعة.,بەری بەردەوامبوونێ زانیاریان بپشکنە.,COMPLETE,Clinic Portal,doctor portal,clinic-portal/src/features/doctor-schedule/presentation/messages.ts#busyAfternoonHelp,No,No,No,Explicit Arabic and Badini catalog values; no supported-locale English spread fallback.
S13U-0976,Several patients are waiting. Continue the current consultation normally.,راجع المعلومات قبل المتابعة.,بەری بەردەوامبوونێ زانیاریان بپشکنە.,COMPLETE,Clinic Portal,doctor portal,clinic-portal/src/features/doctor/presentation/messages.ts#busyHelp,No,No,No,Explicit Arabic and Badini catalog values; no supported-locale English spread fallback.
S13U-0977,Shift,الفترة,شێفت,COMPLETE,Clinic Portal,doctor portal,clinic-portal/src/features/doctor-schedule/presentation/messages.ts#shift,No,No,No,Explicit Arabic and Badini catalog values; no supported-locale English spread fallback.
S13U-0978,Short-lived bearer access token.,,,USER_VISIBLE,Backend user-visible,authentication,backend/src/modules/identity/presentation/auth.dto.ts:23,No,No,Yes,Sprint 13U backend boundary classification: USER_VISIBLE.
S13U-0979,Show password,إظهار كلمة المرور,وشەی نهێنی پیشان بدە,COMPLETE,Clinic Portal,shared,clinic-portal/src/features/portal-foundation/presentation/foundation-messages.ts#showPassword,No,No,No,Explicit Arabic and Badini catalog values; no supported-locale English spread fallback.
S13U-0980,Sign in,تسجيل الدخول,چوونەژوورەوە,COMPLETE,Clinic Portal,shared,clinic-portal/src/features/portal-foundation/presentation/foundation-messages.ts#signIn,No,No,No,Explicit Arabic and Badini catalog values; no supported-locale English spread fallback.
S13U-0981,Sign in could not be completed.,تعذر تسجيل الدخول.,چوونەژوورەوە سەرنەکەفت.,COMPLETE,Clinic Portal,shared,clinic-portal/src/features/portal-foundation/presentation/foundation-messages.ts#genericError,No,No,No,Explicit Arabic and Badini catalog values; no supported-locale English spread fallback.
S13U-0982,Sign in required,تسجيل الدخول مطلوب,چوونەژوورەوە پێدڤیە,COMPLETE,Clinic Portal,authentication,clinic-portal/src/features/portal-foundation/presentation/foundation-messages.ts#unauthorized,No,No,No,Explicit Arabic and Badini catalog values; no supported-locale English spread fallback.
S13U-0983,Sign in to find doctors,سجّل الدخول للبحث عن الأطباء,بچۆ ژوور بۆ دیتنا نوژداران,COMPLETE,Flutter,authentication,"mobile/lib/l10n/app_{en,ar,ku}.arb#discoveryAuthTitle",No,No,No,Explicit Arabic and Badini catalog values; no supported-locale English spread fallback.
S13U-0984,Sign in with your mobile number to use appointments and other personalized care features.,سجل الدخول برقم هاتفك لاستخدام المواعيد وميزات الرعاية الشخصية.,ب ژمارا خۆ بچە ژوور بۆ بکارئینانا وەعدە و تایبەتمەندیێن چاڤدێرییا کەسی.,COMPLETE,Flutter,appointments,"mobile/lib/l10n/app_{en,ar,ku}.arb#personalizedFeatureBody",No,No,No,Explicit Arabic and Badini catalog values; no supported-locale English spread fallback.
S13U-0985,Signing in,جارٍ تسجيل الدخول,چوونەژوورەوە...,COMPLETE,Clinic Portal,shared,clinic-portal/src/features/portal-foundation/presentation/foundation-messages.ts#signingIn,No,No,No,Explicit Arabic and Badini catalog values; no supported-locale English spread fallback.
S13U-0986,Skip to main content,الانتقال إلى المحتوى الرئيسي,بڕۆ ناڤەرۆکا سەرەکی,COMPLETE,Clinic Portal,doctor portal,clinic-portal/src/features/doctor/presentation/messages.ts#skip; clinic-portal/src/i18n/index.ts#skip,No,No,No,Explicit Arabic and Badini catalog values; no supported-locale English spread fallback.
S13U-0987,Some doctors are delayed,معلومات,زانیاری,COMPLETE,Clinic Portal,clinic management,clinic-portal/src/i18n/index.ts#clinicDelayed,No,No,No,Explicit Arabic and Badini catalog values; no supported-locale English spread fallback.
S13U-0988,Something went wrong,حدث خطأ ما,تشتەک خەلەت چێبوو,COMPLETE,Flutter,doctor discovery,"mobile/lib/l10n/app_{en,ar,ku}.arb#discoveryErrorTitle",No,No,No,Explicit Arabic and Badini catalog values; no supported-locale English spread fallback.
S13U-0989,Something went wrong.,حدث خطأ ما.,کێشەیەک روو دا.,COMPLETE,Clinic Portal,shared,clinic-portal/src/features/portal-foundation/presentation/foundation-messages.ts#failure,No,No,No,Explicit Arabic and Badini catalog values; no supported-locale English spread fallback.
S13U-0990,Something went wrong. No unsafe change was made.,حدث خطأ. لم يتم إجراء أي تغيير غير آمن.,کێشەیەک روو دا. چ گوهۆڕینەکا نەپاراستی نەهاتە کرن.,COMPLETE,Clinic Portal,administration,clinic-portal/src/features/administration/presentation/messages.ts#failure,No,No,No,Explicit Arabic and Badini catalog values; no supported-locale English spread fallback.
S13U-0991,Sorani Kurdish,الكردية السورانية,کوردی سۆرانی,COMPLETE,Flutter,shared,"mobile/lib/l10n/app_{en,ar,ku}.arb#soraniKurdish",No,No,No,Explicit Arabic and Badini catalog values; no supported-locale English spread fallback.
S13U-0992,Sort results,ترتيب النتائج,ئەنجامان رێک بخە,COMPLETE,Flutter,shared,"mobile/lib/l10n/app_{en,ar,ku}.arb#sortResults",No,No,No,Explicit Arabic and Badini catalog values; no supported-locale English spread fallback.
S13U-0993,Specialties,الاختصاصات,پسپۆڕی,COMPLETE,Flutter,doctor discovery,"mobile/lib/l10n/app_{en,ar,ku}.arb#specialtiesLabel",No,No,No,Explicit Arabic and Badini catalog values; no supported-locale English spread fallback.
S13U-0994,Specialty,التخصص,پسپۆڕی,COMPLETE,Clinic Portal; Flutter,doctor portal,"clinic-portal/src/features/doctor-settings/presentation/messages.ts#specialty; clinic-portal/src/features/doctor/presentation/messages.ts#specialty; clinic-portal/src/i18n/index.ts#specialty; mobile/lib/l10n/app_{en,ar,ku}.arb#specialtyLabel",No,No,No,Explicit Arabic and Badini catalog values; no supported-locale English spread fallback.
S13U-0995,SSE frames named notification. Each frame id is a decimal delivery sequence and data is NotificationItemDto JSON.,,,USER_VISIBLE,Backend user-visible,notifications,backend/src/modules/notifications/presentation/notifications.controller.ts:129,No,No,Yes,Sprint 13U backend boundary classification: USER_VISIBLE.
S13U-0996,Staff sign in,تسجيل دخول الموظفين,چوونەژوورەوەی کارمەندان,COMPLETE,Clinic Portal,authentication,clinic-portal/src/features/portal-foundation/presentation/foundation-messages.ts#loginTitle,No,No,No,Explicit Arabic and Badini catalog values; no supported-locale English spread fallback.
S13U-0997,Staff tenant context is required.,,,MACHINE_CONTRACT,Backend user-visible,doctor portal,backend/src/modules/appointments/infrastructure/prisma-appointment.repository.ts:395; backend/src/modules/arrivals/infrastructure/prisma-arrival.repository.ts:231; backend/src/modules/doctors/application/doctor-schedule.service.ts:190; backend/src/modules/doctors/application/doctor.service.ts:140; backend/src/modules/patients/application/patient.service.ts:260; backend/src/modules/patients/presentation/patients.controller.ts:224; backend/src/modules/queue/infrastructure/prisma-queue.repository.ts:854,No,No,No,Sprint 13U backend boundary classification: MACHINE_CONTRACT.
S13U-0998,"Staff-only operational projection. Returns every active temporal record that overlaps the closed-open window from 366 days before `at` through 366 days after `at`; there is no hidden record cap. Recurring periods are same-day local wall-clock rules in the clinic IANA timezone. Overnight work must be split at 24:00 into two weekday rows. Leave, holidays, and exceptions are UTC instants. No appointment slots are returned.",,,USER_VISIBLE,Backend user-visible,appointments,backend/src/modules/doctors/presentation/doctors.controller.ts:199,No,No,Yes,Sprint 13U backend boundary classification: USER_VISIBLE.
S13U-0999,Stale version or idempotency conflict.,,,USER_VISIBLE,Backend user-visible,appointments,backend/src/modules/appointments/presentation/appointments.controller.ts:191,No,No,Yes,Sprint 13U backend boundary classification: USER_VISIBLE.
S13U-1000,Start,البداية,دەستپێک,COMPLETE,Clinic Portal,doctor portal,clinic-portal/src/features/doctor-schedule/presentation/messages.ts#start,No,No,No,Explicit Arabic and Badini catalog values; no supported-locale English spread fallback.
S13U-1001,Started at,بدأت في,زانیاری,COMPLETE,Clinic Portal,doctor portal,clinic-portal/src/features/doctor-settings/presentation/messages.ts#startedAt,No,No,No,Explicit Arabic and Badini catalog values; no supported-locale English spread fallback.
S13U-1002,Statement detail,تفاصيل كشف الحساب,هویرکاتیێن کەشفا حیسابێ,COMPLETE,Clinic Portal,billing,clinic-portal/src/features/billing/presentation/messages.ts#details,No,No,No,Explicit Arabic and Badini catalog values; no supported-locale English spread fallback.
S13U-1003,Statement finalization requires platform administration.,,,MACHINE_CONTRACT,Backend user-visible,billing,backend/src/modules/billing/application/billing.service.ts:136,No,No,No,Sprint 13U backend boundary classification: MACHINE_CONTRACT.
S13U-1004,Statement finalized.,كشف حساب نهائي,کەشفا حیسابێ یا دووماهی هاتی,COMPLETE,Clinic Portal,billing,clinic-portal/src/features/billing/presentation/messages.ts#finalizedNotice,No,No,No,Explicit Arabic and Badini catalog values; no supported-locale English spread fallback.
S13U-1005,Statements,كشوف الحساب,کەشفێن حیسابێ,COMPLETE,Clinic Portal,billing,clinic-portal/src/features/billing/presentation/messages.ts#statements,No,No,No,Explicit Arabic and Badini catalog values; no supported-locale English spread fallback.
S13U-1006,Status,الحالة,رەوش,COMPLETE,Clinic Portal; Flutter,billing,"clinic-portal/src/features/administration/presentation/messages.ts#status; clinic-portal/src/features/billing/presentation/messages.ts#status; clinic-portal/src/features/clinical-presentation/messages.ts#status; clinic-portal/src/features/doctor-schedule/presentation/messages.ts#status; clinic-portal/src/features/live-queue/presentation/messages.ts#status; clinic-portal/src/i18n/index.ts#status; mobile/lib/l10n/app_{en,ar,ku}.arb#status",No,No,No,Explicit Arabic and Badini catalog values; no supported-locale English spread fallback.
S13U-1007,Stored enqueue result is invalid.,,,MACHINE_CONTRACT,Backend user-visible,queue,backend/src/modules/queue/infrastructure/prisma-queue.repository.ts:1098; backend/src/modules/queue/infrastructure/prisma-queue.repository.ts:478,No,No,No,Sprint 13U backend boundary classification: MACHINE_CONTRACT.
S13U-1008,Sunday is 0. Periods never cross midnight; split overnight work into two weekday rows.,,,USER_VISIBLE,Backend user-visible,doctor portal,backend/src/modules/doctors/presentation/doctor-schedule.dto.ts:33,No,No,Yes,Sprint 13U backend boundary classification: USER_VISIBLE.
S13U-1009,Support,الدعم,هاریکاری,COMPLETE,Clinic Portal,doctor portal,clinic-portal/src/features/doctor-settings/presentation/messages.ts#support,No,No,No,Explicit Arabic and Badini catalog values; no supported-locale English spread fallback.
S13U-1010,Tell us about the patient,أخبرنا عن المريض,دەربارەی نەخۆشی بێژە مە,COMPLETE,Flutter,profile/account,"mobile/lib/l10n/app_{en,ar,ku}.arb#profileSetupTitle",No,No,No,Explicit Arabic and Badini catalog values; no supported-locale English spread fallback.
S13U-1011,Tenant context does not match.,,,MACHINE_CONTRACT,Backend user-visible,authentication,backend/src/modules/identity/presentation/jwt-auth.guard.ts:138,No,No,No,Sprint 13U backend boundary classification: MACHINE_CONTRACT.
S13U-1012,Tenant context is required.,,,MACHINE_CONTRACT,Backend user-visible,authentication,backend/src/modules/identity/presentation/jwt-auth.guard.ts:147,No,No,No,Sprint 13U backend boundary classification: MACHINE_CONTRACT.
S13U-1013,Tenant membership is not active.,,,MACHINE_CONTRACT,Backend user-visible,authentication,backend/src/modules/identity/presentation/jwt-auth.guard.ts:131,No,No,No,Sprint 13U backend boundary classification: MACHINE_CONTRACT.
S13U-1014,Terms,الشروط,مەرج,COMPLETE,Clinic Portal,doctor portal,clinic-portal/src/features/doctor-settings/presentation/messages.ts#terms,No,No,No,Explicit Arabic and Badini catalog values; no supported-locale English spread fallback.
S13U-1015,Text size,حجم النص,زانیاری,COMPLETE,Clinic Portal,doctor portal,clinic-portal/src/features/doctor-settings/presentation/messages.ts#textSize,No,No,No,Explicit Arabic and Badini catalog values; no supported-locale English spread fallback.
S13U-1016,That clinic code is already used in this organization.,رمز العيادة مستخدم بالفعل في هذه المؤسسة.,زانیاری,COMPLETE,Clinic Portal,administration,clinic-portal/src/features/administration/presentation/messages.ts#duplicateClinicCode,No,No,No,Explicit Arabic and Badini catalog values; no supported-locale English spread fallback.
S13U-1017,That code is not correct. Please try again.,الرمز غير صحيح. حاول مرة أخرى.,ئەڤ کودە راست نینە. تکایە دیسان هەوڵ بدە.,COMPLETE,Flutter,authentication,"mobile/lib/l10n/app_{en,ar,ku}.arb#otpInvalid",No,No,No,Explicit Arabic and Badini catalog values; no supported-locale English spread fallback.
S13U-1018,That time is no longer available. Check availability again.,لم يعد هذا الوقت متاحاً. تحقق من المواعيد مرة أخرى.,ئەو دەمە ئیدی بەردەست نینە. دیسان دەمێن بەردەست بپشکنە.,COMPLETE,Flutter,shared,"mobile/lib/l10n/app_{en,ar,ku}.arb#slotTaken",No,No,No,Explicit Arabic and Badini catalog values; no supported-locale English spread fallback.
S13U-1019,The action could not be completed. Existing queue state remains safe.,معلومات,زانیاری,COMPLETE,Clinic Portal,doctor portal,clinic-portal/src/features/doctor/presentation/messages.ts#operationFailed,No,No,No,Explicit Arabic and Badini catalog values; no supported-locale English spread fallback.
S13U-1020,The appointment changed before arrival was recorded.,معلومات,زانیاری,COMPLETE,Clinic Portal,appointments,clinic-portal/src/i18n/index.ts#stale,No,No,No,Explicit Arabic and Badini catalog values; no supported-locale English spread fallback.
S13U-1021,The appointment changed. Refresh before trying again.,تم تغيير الموعد. حدّث الصفحة قبل المحاولة.,ژوان هاتیە گوهۆڕین. لاپەڕێ نوو بکە.,COMPLETE,Clinic Portal,appointments,clinic-portal/src/features/clinical-presentation/messages.ts#conflict,No,No,No,Explicit Arabic and Badini catalog values; no supported-locale English spread fallback.
S13U-1022,The appointment changed. We loaded the latest details.,تم تغيير الموعد. حمّلنا أحدث التفاصيل.,ژڤان هاتە گهورین. مە زانیاریێن نوی بارکرن.,COMPLETE,Flutter,appointments,"mobile/lib/l10n/app_{en,ar,ku}.arb#staleAppointment",No,No,No,Explicit Arabic and Badini catalog values; no supported-locale English spread fallback.
S13U-1023,The appointment could not be found.,معلومات,زانیاری,COMPLETE,Clinic Portal,appointments,clinic-portal/src/i18n/index.ts#notFound,No,No,No,Explicit Arabic and Badini catalog values; no supported-locale English spread fallback.
S13U-1024,The appointment is approaching and the patient is ready.,معلومات,زانیاری,COMPLETE,Clinic Portal,doctor portal,clinic-portal/src/features/doctor-notifications/presentation/messages.ts#patientArrivedWhy,No,No,No,Explicit Arabic and Badini catalog values; no supported-locale English spread fallback.
S13U-1025,The appointment or arrival record was not found.,لم يتم العثور على الموعد أو سجل الوصول.,ژوان یان تۆمارا هاتنێ نەهاتە دیتن.,COMPLETE,Clinic Portal,appointments,clinic-portal/src/features/arrivals/presentation/messages.ts#notFound,No,No,No,Explicit Arabic and Badini catalog values; no supported-locale English spread fallback.
S13U-1026,The appointment time was updated.,معلومات واضحة وآمنة.,زانیاریێن ڕوون و پاراستی.,COMPLETE,Clinic Portal,doctor portal,clinic-portal/src/features/doctor-notifications/presentation/messages.ts#rescheduledDescription,No,No,No,Explicit Arabic and Badini catalog values; no supported-locale English spread fallback.
S13U-1027,The arrival changed. Review the latest information and try again.,تغيرت حالة الوصول. راجع أحدث المعلومات وحاول مجدداً.,رەوشا هاتنێ هاتیە گوهارتن. زانیاریێن نوو ببینە و دیسان هەول بدە.,COMPLETE,Clinic Portal,queue,clinic-portal/src/features/arrivals/presentation/messages.ts#conflict,No,No,No,Explicit Arabic and Badini catalog values; no supported-locale English spread fallback.
S13U-1028,The arrival command is already in progress.,,,MACHINE_CONTRACT,Backend user-visible,queue,backend/src/modules/arrivals/infrastructure/prisma-arrival.repository.ts:260,No,No,No,Sprint 13U backend boundary classification: MACHINE_CONTRACT.
S13U-1029,The authenticated identity lacks the required capability or tenant context.,,,USER_VISIBLE,Backend user-visible,authentication,backend/src/modules/patients/presentation/patients.controller.ts:55,No,No,Yes,Sprint 13U backend boundary classification: USER_VISIBLE.
S13U-1030,The availability request timed out. Please try again.,انتهت مهلة طلب المواعيد المتاحة. حاول مرة أخرى.,دەما داخوازا دەمێن بەردەست ب دووماهی هات. دیسان هەول بدە.,COMPLETE,Flutter,appointments,"mobile/lib/l10n/app_{en,ar,ku}.arb#bookingTimeout",No,No,No,Explicit Arabic and Badini catalog values; no supported-locale English spread fallback.
S13U-1031,The backend cannot be reached. Check the connection and try again.,تعذر الاتصال بالخدمة. تحقق من الاتصال وحاول مجدداً.,خزمەت ناهێتە گەهشتن. پەیوەندیێ بپشکنە.,COMPLETE,Clinic Portal,clinic management,clinic-portal/src/features/clinical-presentation/messages.ts#offline,No,No,No,Explicit Arabic and Badini catalog values; no supported-locale English spread fallback.
S13U-1032,The clinic accepted your booking request.,وافقت العيادة على طلب الحجز.,کلینیکێ داخوازا وەعدەیا تە قەبویل کر.,COMPLETE,Flutter,appointments,"mobile/lib/l10n/app_{en,ar,ku}.arb#notificationBookingWhy",No,No,No,Explicit Arabic and Badini catalog values; no supported-locale English spread fallback.
S13U-1033,The clinic has started today's patient queue.,بدأت العيادة طابور المرضى لهذا اليوم.,کلینیکێ ریزا نەخۆشان یا ئیرۆ دەستپێکر.,COMPLETE,Flutter,queue,"mobile/lib/l10n/app_{en,ar,ku}.arb#notificationQueueOpenedWhy",No,No,No,Explicit Arabic and Badini catalog values; no supported-locale English spread fallback.
S13U-1034,The clinic recorded your arrival.,سجلت العيادة وصولك.,کلینیکێ هاتنا تە تۆمار کر.,COMPLETE,Flutter,queue,"mobile/lib/l10n/app_{en,ar,ku}.arb#notificationReservedWhy",No,No,No,Explicit Arabic and Badini catalog values; no supported-locale English spread fallback.
S13U-1035,The clinic session changed.,معلومات,زانیاری,COMPLETE,Clinic Portal,doctor portal,clinic-portal/src/features/doctor-notifications/presentation/messages.ts#genericWhat,No,No,No,Explicit Arabic and Badini catalog values; no supported-locale English spread fallback.
S13U-1036,The command is already in progress.,,,MACHINE_CONTRACT,Backend user-visible,appointments,backend/src/modules/appointments/infrastructure/prisma-appointment.repository.ts:486,No,No,No,Sprint 13U backend boundary classification: MACHINE_CONTRACT.
S13U-1037,The current billing month cannot be finalized.,,,MACHINE_CONTRACT,Backend user-visible,billing,backend/src/modules/billing/infrastructure/prisma-billing.repository.ts:215,No,No,No,Sprint 13U backend boundary classification: MACHINE_CONTRACT.
S13U-1038,The current queue is behind its expected pace.,معلومات واضحة وآمنة.,زانیاریێن ڕوون و پاراستی.,COMPLETE,Clinic Portal,doctor portal,clinic-portal/src/features/doctor-notifications/presentation/messages.ts#runningBehindDescription,No,No,No,Explicit Arabic and Badini catalog values; no supported-locale English spread fallback.
S13U-1039,The current session is exceeding its planned pace.,معلومات,زانیاری,COMPLETE,Clinic Portal,billing,clinic-portal/src/features/doctor-notifications/presentation/messages.ts#runningBehindWhy,No,No,No,Explicit Arabic and Badini catalog values; no supported-locale English spread fallback.
S13U-1040,The doctor may begin the session when ready.,معلومات,زانیاری,COMPLETE,Clinic Portal,doctor portal,clinic-portal/src/features/doctor-notifications/presentation/messages.ts#receptionWhy,No,No,No,Explicit Arabic and Badini catalog values; no supported-locale English spread fallback.
S13U-1041,The email or password is incorrect.,البريد الإلكتروني أو كلمة المرور غير صحيحة.,ئیمەیڵ یان وشەی نهێنی دروست نینە.,COMPLETE,Clinic Portal,shared,clinic-portal/src/features/portal-foundation/presentation/foundation-messages.ts#invalidCredentials,No,No,No,Explicit Arabic and Badini catalog values; no supported-locale English spread fallback.
S13U-1042,The figures will become an immutable snapshot. This is not a payment or settlement action.,راجع المعلومات قبل المتابعة.,بەری بەردەوامبوونێ زانیاریان بپشکنە.,COMPLETE,Clinic Portal,billing,clinic-portal/src/features/billing/presentation/messages.ts#finalizeHelp,No,No,No,Explicit Arabic and Badini catalog values; no supported-locale English spread fallback.
S13U-1043,The final appointment is close to the end of working hours.,راجع المعلومات قبل المتابعة.,ژڤانا دووماهیێ نێزیکی دووماهیکا دەمێ کاری یە.,COMPLETE,Clinic Portal,doctor portal,clinic-portal/src/features/doctor-schedule/presentation/messages.ts#sessionEndingSoonHelp,No,No,No,Explicit Arabic and Badini catalog values; no supported-locale English spread fallback.
S13U-1044,The first patient profile must be Self.,,,MACHINE_CONTRACT,Backend user-visible,profile/account,backend/src/modules/patients/application/patient.service.ts:165,No,No,No,Sprint 13U backend boundary classification: MACHINE_CONTRACT.
S13U-1045,The idempotency key conflicts with another command.,,,USER_VISIBLE,Backend user-visible,administration,backend/src/modules/administration/presentation/administration.controller.ts:95,No,No,Yes,Sprint 13U backend boundary classification: USER_VISIBLE.
S13U-1046,The information you need for the current shift.,معلومات,زانیاری,COMPLETE,Clinic Portal,shared,clinic-portal/src/i18n/index.ts#subheading,No,No,No,Explicit Arabic and Badini catalog values; no supported-locale English spread fallback.
S13U-1047,The live queue for {doctor} is now available.,الطابور المباشر لـ {doctor} متاح الآن.,ریزا زیندی یا {doctor} نوکە بەردەستە.,COMPLETE,Flutter,queue,"mobile/lib/l10n/app_{en,ar,ku}.arb#notificationQueueOpenedHappened",No,No,No,Explicit Arabic and Badini catalog values; no supported-locale English spread fallback.
S13U-1048,The next appointments in chronological order.,راجع المعلومات قبل المتابعة.,بەری بەردەوامبوونێ زانیاریان بپشکنە.,COMPLETE,Clinic Portal,appointments,clinic-portal/src/i18n/index.ts#upcomingHelp,No,No,No,Explicit Arabic and Badini catalog values; no supported-locale English spread fallback.
S13U-1049,The next expected patients.,راجع المعلومات قبل المتابعة.,بەری بەردەوامبوونێ زانیاریان بپشکنە.,COMPLETE,Clinic Portal,queue,clinic-portal/src/i18n/index.ts#arrivalHelp,No,No,No,Explicit Arabic and Badini catalog values; no supported-locale English spread fallback.
S13U-1050,The notification could not be opened. Existing read state remains safe.,تعذر إكمال الإجراء.,کار نەهاتە تەمامکرن.,COMPLETE,Clinic Portal,doctor portal,clinic-portal/src/features/doctor-notifications/presentation/messages.ts#failure,No,No,No,Explicit Arabic and Badini catalog values; no supported-locale English spread fallback.
S13U-1051,The organization list is too large to show safely. Review Organizations before trying again.,معلومات,لیستا رێکخراوان زۆر مەزنە و ب پاراستی ناهێتە نیشاندان. بەری دیسان هەول بدەی، رێکخراوان بپشکنە.,COMPLETE,Clinic Portal,administration,clinic-portal/src/features/administration/presentation/messages.ts#organizationSelectionLimit,No,No,No,Explicit Arabic and Badini catalog values; no supported-locale English spread fallback.
S13U-1052,The patient does not match this appointment.,معلومات,زانیاری,COMPLETE,Clinic Portal,appointments,clinic-portal/src/i18n/index.ts#wrongPatient,No,No,No,Explicit Arabic and Badini catalog values; no supported-locale English spread fallback.
S13U-1053,The patient is ready at reception.,معلومات واضحة وآمنة.,زانیاریێن ڕوون و پاراستی.,COMPLETE,Clinic Portal,doctor portal,clinic-portal/src/features/doctor-notifications/presentation/messages.ts#patientArrivedDescription,No,No,No,Explicit Arabic and Badini catalog values; no supported-locale English spread fallback.
S13U-1054,The patient requested a different available time.,معلومات,زانیاری,COMPLETE,Clinic Portal,doctor portal,clinic-portal/src/features/doctor-notifications/presentation/messages.ts#rescheduledWhy,No,No,No,Explicit Arabic and Badini catalog values; no supported-locale English spread fallback.
S13U-1055,The persisted reconnect backlog exceeds the safe SSE recovery window; recover through the inbox API.,,,USER_VISIBLE,Backend user-visible,notifications,backend/src/modules/notifications/presentation/notifications.controller.ts:125,No,No,Yes,Sprint 13U backend boundary classification: USER_VISIBLE.
S13U-1056,The platform administration capability is required.,,,USER_VISIBLE,Backend user-visible,administration,backend/src/modules/administration/presentation/administration.controller.ts:62,No,No,Yes,Sprint 13U backend boundary classification: USER_VISIBLE.
S13U-1057,The portal cannot reach Saxlem services.,لا يمكن للبوابة الوصول إلى خدمات ساخلم.,پۆرتال ناگەهیتە خزمەتگوزاریێن ساخلم.,COMPLETE,Clinic Portal,shared,clinic-portal/src/features/portal-foundation/presentation/foundation-messages.ts#offline,No,No,No,Explicit Arabic and Badini catalog values; no supported-locale English spread fallback.
S13U-1058,The queue changed before your action was saved. Refresh and try again.,معلومات,بەری پاراستنا کارێ تە، سرا هاتە گهورین. لاپەری نوو بکە و دیسان هەول بدە.,COMPLETE,Clinic Portal,queue,clinic-portal/src/features/live-queue/presentation/messages.ts#stale,No,No,No,Explicit Arabic and Badini catalog values; no supported-locale English spread fallback.
S13U-1059,The queue changed. Refresh and try again.,تغير الطابور. حدّث وحاول مجدداً.,سرا هاتە گهورین. لاپەری نوی بکە و دیسان هەول بدە.,COMPLETE,Clinic Portal,queue,clinic-portal/src/features/live-queue/presentation/production-messages.ts#conflict,No,No,No,Explicit Arabic and Badini catalog values; no supported-locale English spread fallback.
S13U-1060,The queue could not be updated. No unsafe change was made.,معلومات,نویکرنا سرایێ سەرنەکەفت. چ گهورینەکا نەپاراستی نەهاتە کرن.,COMPLETE,Clinic Portal,queue,clinic-portal/src/features/live-queue/presentation/messages.ts#operationFailed,No,No,No,Explicit Arabic and Badini catalog values; no supported-locale English spread fallback.
S13U-1061,The queue has moved closer to your turn.,تقدم الطابور وأصبح دورك قريباً.,سرایا تە نێزیکتر بوو.,COMPLETE,Flutter,queue,"mobile/lib/l10n/app_{en,ar,ku}.arb#notificationAlmostTurnWhy",No,No,No,Explicit Arabic and Badini catalog values; no supported-locale English spread fallback.
S13U-1062,The queue is currently behind its expected pace.,راجع المعلومات قبل المتابعة.,نوکە سرا ژ خێراییا پێشبینی کری پاشکەفتییە.,COMPLETE,Clinic Portal,doctor portal,clinic-portal/src/features/doctor-schedule/presentation/messages.ts#runningBehindHelp,No,No,No,Explicit Arabic and Badini catalog values; no supported-locale English spread fallback.
S13U-1063,The queue is moving at a comfortable pace.,راجع المعلومات قبل المتابعة.,سرا ب خێراییەکا باش دچیت.,COMPLETE,Clinic Portal,doctor portal,clinic-portal/src/features/doctor/presentation/messages.ts#healthyHelp; clinic-portal/src/features/live-queue/presentation/messages.ts#healthyHelp,No,No,No,Explicit Arabic and Badini catalog values; no supported-locale English spread fallback.
S13U-1064,The queue operation could not be completed.,تعذر إكمال عملية الطابور.,کارێ رێزێ تەمام نەبوو.,COMPLETE,Clinic Portal,queue,clinic-portal/src/features/live-queue/presentation/production-messages.ts#backendError,No,No,No,Explicit Arabic and Badini catalog values; no supported-locale English spread fallback.
S13U-1065,The queue was not found.,لم يتم العثور على الطابور.,رێز نەهاتە دیتن.,COMPLETE,Clinic Portal,queue,clinic-portal/src/features/live-queue/presentation/production-messages.ts#notFound,No,No,No,Explicit Arabic and Badini catalog values; no supported-locale English spread fallback.
S13U-1066,The read-only doctor schedule is unavailable. No appointment state was changed.,تعذر عرض المعلومات حالياً.,نوکە ناهێتە نیشاندان.,COMPLETE,Clinic Portal,doctor portal,clinic-portal/src/features/doctor-schedule/presentation/messages.ts#unavailableBody,No,No,No,Explicit Arabic and Badini catalog values; no supported-locale English spread fallback.
S13U-1067,The recall grace period has expired.,,,MACHINE_CONTRACT,Backend user-visible,queue,backend/src/modules/queue/infrastructure/prisma-queue.repository.ts:758,No,No,No,Sprint 13U backend boundary classification: MACHINE_CONTRACT.
S13U-1068,The receptionist demo session is disabled in this environment.,تعذر عرض المعلومات حالياً.,نوکە ناهێتە نیشاندان.,COMPLETE,Clinic Portal,shared,clinic-portal/src/i18n/index.ts#unavailableBody,No,No,No,Explicit Arabic and Badini catalog values; no supported-locale English spread fallback.
S13U-1069,The reminder helps keep the session predictable.,معلومات,بیرئینان هاریکاریێ دکەت دانیشتن ب رێک و پێک بمینیت.,COMPLETE,Clinic Portal,doctor portal,clinic-portal/src/features/doctor-notifications/presentation/messages.ts#breakWhy,No,No,No,Explicit Arabic and Badini catalog values; no supported-locale English spread fallback.
S13U-1070,The request took too long. Please try again.,استغرق الطلب وقتاً طويلاً. يرجى المحاولة مجدداً.,داخوازی پتر ژ پێدڤی دەم گرت. هیڤییە دیسان هەول بدە.,COMPLETE,Flutter,appointments,"mobile/lib/l10n/app_{en,ar,ku}.arb#appointmentTimeout",No,No,No,Explicit Arabic and Badini catalog values; no supported-locale English spread fallback.
S13U-1071,The request took too long. Try again.,استغرق الطلب وقتًا طويلًا. حاول مجددًا.,داواکاری درێژ خایاند. دیسان هەول بدە.,COMPLETE,Clinic Portal,shared,clinic-portal/src/features/portal-foundation/presentation/foundation-messages.ts#timeout,No,No,No,Explicit Arabic and Badini catalog values; no supported-locale English spread fallback.
S13U-1072,The requested record could not be found.,تعذر العثور على السجل المطلوب.,تۆمار نەهاتە دیتن.,COMPLETE,Clinic Portal,administration,clinic-portal/src/features/administration/presentation/messages.ts#notFound,No,No,No,Explicit Arabic and Badini catalog values; no supported-locale English spread fallback.
S13U-1073,The requested record was not found.,لم يتم العثور على السجل المطلوب.,تۆمار نەهاتە دیتن.,COMPLETE,Clinic Portal,clinic management,clinic-portal/src/features/clinical-presentation/messages.ts#notFound,No,No,No,Explicit Arabic and Badini catalog values; no supported-locale English spread fallback.
S13U-1074,The schedule has no derived warnings right now.,راجع المعلومات قبل المتابعة.,بەری بەردەوامبوونێ زانیاریان بپشکنە.,COMPLETE,Clinic Portal,doctor portal,clinic-portal/src/features/doctor-schedule/presentation/messages.ts#noWarningsHelp,No,No,No,Explicit Arabic and Badini catalog values; no supported-locale English spread fallback.
S13U-1075,The schedule includes a 30-minute break.,معلومات,خشتەی بێهنڤەدانەکا 30 خولەکی ب خوڤە دگریت.,COMPLETE,Clinic Portal,doctor portal,clinic-portal/src/features/doctor-notifications/presentation/messages.ts#breakWhat,No,No,No,Explicit Arabic and Badini catalog values; no supported-locale English spread fallback.
S13U-1076,The Self profile cannot be archived.,,,MACHINE_CONTRACT,Backend user-visible,profile/account,backend/src/modules/patients/application/patient.service.ts:221,No,No,No,Sprint 13U backend boundary classification: MACHINE_CONTRACT.
S13U-1077,The service cannot be reached.,تعذر الوصول إلى الخدمة.,خزمەت ناهێتە گەهشتن.,COMPLETE,Clinic Portal,queue,clinic-portal/src/features/live-queue/presentation/production-messages.ts#offline,No,No,No,Explicit Arabic and Badini catalog values; no supported-locale English spread fallback.
S13U-1078,The service cannot be reached. Check the connection and try again.,تعذر الوصول إلى الخدمة. تحقق من الاتصال وحاول مجدداً.,خزمەت ناهێتە گەهشتن. پەیوەندیێ بپشکنە و دیسان هەول بدە.,COMPLETE,Clinic Portal,queue,clinic-portal/src/features/arrivals/presentation/messages.ts#offline,No,No,No,Explicit Arabic and Badini catalog values; no supported-locale English spread fallback.
S13U-1079,The service could not complete the request.,تعذر على الخدمة إكمال الطلب.,خزمەتێ نەشیا داخوازیێ تەمام بکەت.,COMPLETE,Clinic Portal,clinic management,clinic-portal/src/features/clinical-presentation/messages.ts#backendError,No,No,No,Explicit Arabic and Badini catalog values; no supported-locale English spread fallback.
S13U-1080,The service is temporarily unavailable.,الخدمة غير متاحة مؤقتًا.,خزمەتگوزاری نوکە بەردەست نینە.,COMPLETE,Clinic Portal,shared,clinic-portal/src/features/portal-foundation/presentation/foundation-messages.ts#unavailable,No,No,No,Explicit Arabic and Badini catalog values; no supported-locale English spread fallback.
S13U-1081,The service is temporarily unavailable. Please try again.,الخدمة غير متاحة مؤقتاً. حاول مجدداً.,خزمەتگوزاری نوکە بەردەست نینە. دیسان هەول بدە.,COMPLETE,Flutter,doctor discovery,"mobile/lib/l10n/app_{en,ar,ku}.arb#discoveryUnavailableBody",No,No,No,Explicit Arabic and Badini catalog values; no supported-locale English spread fallback.
S13U-1082,The session changed before your action was saved. Refresh before continuing.,معلومات,بەری پاراستنا کارێ تە دانیشتن هاتە گهورین. بەری بەردەوامبوونێ لاپەری نوو بکە.,COMPLETE,Clinic Portal,doctor portal,clinic-portal/src/features/doctor/presentation/messages.ts#stale,No,No,No,Explicit Arabic and Badini catalog values; no supported-locale English spread fallback.
S13U-1083,The session is paused. Resume it before completing a consultation.,معلومات,دانیشتن بو دەمکی هاتە راگرتن. بەری تەمامکرنا پشکنینێ دیسان دەستپێبکە.,COMPLETE,Clinic Portal,doctor portal,clinic-portal/src/features/doctor/presentation/messages.ts#pausedSafe,No,No,No,Explicit Arabic and Badini catalog values; no supported-locale English spread fallback.
S13U-1084,The statement changed. Reload it before trying again.,معلومات,کەشفا حیسابێ هاتە گهورین. بەری دیسان هەولدانێ وێ دیسان بار بکە.,COMPLETE,Clinic Portal,billing,clinic-portal/src/features/billing/presentation/messages.ts#conflict,No,No,No,Explicit Arabic and Badini catalog values; no supported-locale English spread fallback.
S13U-1085,The value is too long.,القيمة طويلة جداً.,زانیاری,COMPLETE,Clinic Portal,administration,clinic-portal/src/features/administration/presentation/messages.ts#maximumLength,No,No,No,Explicit Arabic and Badini catalog values; no supported-locale English spread fallback.
S13U-1086,Theme,السمة,زانیاری,COMPLETE,Clinic Portal,doctor portal,clinic-portal/src/features/doctor-settings/presentation/messages.ts#theme,No,No,No,Explicit Arabic and Badini catalog values; no supported-locale English spread fallback.
S13U-1087,There are no appointments scheduled for today.,تعذر عرض المعلومات حالياً.,نوکە ناهێتە نیشاندان.,COMPLETE,Clinic Portal,appointments,clinic-portal/src/i18n/index.ts#noAppointmentsBody,No,No,No,Explicit Arabic and Badini catalog values; no supported-locale English spread fallback.
S13U-1088,"There are no appointments, queues, or arrivals for this shift.",تعذر عرض المعلومات حالياً.,نوکە ناهێتە نیشاندان.,COMPLETE,Clinic Portal,appointments,clinic-portal/src/i18n/index.ts#emptyBody,No,No,No,Explicit Arabic and Badini catalog values; no supported-locale English spread fallback.
S13U-1089,There are no more upcoming appointments in this shift.,تعذر عرض المعلومات حالياً.,نوکە ناهێتە نیشاندان.,COMPLETE,Clinic Portal,appointments,clinic-portal/src/i18n/index.ts#noUpcomingBody,No,No,No,Explicit Arabic and Badini catalog values; no supported-locale English spread fallback.
S13U-1090,There are no patients to show.,تعذر عرض المعلومات حالياً.,نوکە ناهێتە نیشاندان.,COMPLETE,Clinic Portal,profile/account,clinic-portal/src/i18n/index.ts#noPatientsBody,No,No,No,Explicit Arabic and Badini catalog values; no supported-locale English spread fallback.
S13U-1091,There is a longer open period between appointments.,راجع المعلومات قبل المتابعة.,بەری بەردەوامبوونێ زانیاریان بپشکنە.,COMPLETE,Clinic Portal,doctor portal,clinic-portal/src/features/doctor-schedule/presentation/messages.ts#largeGapHelp,No,No,No,Explicit Arabic and Badini catalog values; no supported-locale English spread fallback.
S13U-1092,There is a new update about your care.,هناك تحديث جديد حول رعايتك.,نووکرنەکا نوو دەربارەی چاڤدێرییا تە هەیە.,COMPLETE,Flutter,notifications,"mobile/lib/l10n/app_{en,ar,ku}.arb#notificationGeneralHappened",No,No,No,Explicit Arabic and Badini catalog values; no supported-locale English spread fallback.
S13U-1093,There is nothing to call from this workspace. Reception can continue managing arrivals safely.,تعذر عرض المعلومات حالياً.,نوکە ناهێتە نیشاندان.,COMPLETE,Clinic Portal,doctor portal,clinic-portal/src/features/doctor/presentation/messages.ts#noWaitingBody,No,No,No,Explicit Arabic and Badini catalog values; no supported-locale English spread fallback.
S13U-1094,This action will be available in a future release.,سيصبح هذا الإجراء متاحاً في إصدار قادم.,ڤی کار دێ ل وەشانەکا داهاتی بەردەست بیت.,COMPLETE,Flutter,shared,"mobile/lib/l10n/app_{en,ar,ku}.arb#actionUnavailable",No,No,No,Explicit Arabic and Badini catalog values; no supported-locale English spread fallback.
S13U-1095,This appointment cannot be marked as arrived in its current state.,لا يمكن تسجيل وصول هذا الموعد في حالته الحالية.,د ڤێ رەوشێ دا هاتنا ڤی ژوانی ناهێتە تۆمارکرن.,COMPLETE,Clinic Portal,appointments,clinic-portal/src/features/arrivals/presentation/messages.ts#invalidState,No,No,No,Explicit Arabic and Badini catalog values; no supported-locale English spread fallback.
S13U-1096,This appointment is no longer available.,لم يعد هذا الموعد متاحاً.,ئەڤ ژڤانە ئیدی بەردەست نینە.,COMPLETE,Flutter,appointments,"mobile/lib/l10n/app_{en,ar,ku}.arb#appointmentNotFound",No,No,No,Explicit Arabic and Badini catalog values; no supported-locale English spread fallback.
S13U-1097,This appointment is not eligible for arrival.,معلومات,زانیاری,COMPLETE,Clinic Portal,appointments,clinic-portal/src/i18n/index.ts#notEligible,No,No,No,Explicit Arabic and Badini catalog values; no supported-locale English spread fallback.
S13U-1098,This arrival was already recorded. The latest status is shown.,تم تسجيل هذا الوصول مسبقاً. تظهر أحدث حالة.,ئەڤ هاتنە بەری نوکە هاتیە تۆمارکرن. رەوشا نوو دهێتە نیشاندان.,COMPLETE,Clinic Portal,queue,clinic-portal/src/features/arrivals/presentation/messages.ts#replay,No,No,No,Explicit Arabic and Badini catalog values; no supported-locale English spread fallback.
S13U-1099,This code has expired. Request a new one.,انتهت صلاحية الرمز. اطلب رمزاً جديداً.,ئەڤ کودە ماوەیا وێ دەرباس بوو. کودەکێ نوی داخواز بکە.,COMPLETE,Flutter,authentication,"mobile/lib/l10n/app_{en,ar,ku}.arb#otpExpired",No,No,No,Explicit Arabic and Badini catalog values; no supported-locale English spread fallback.
S13U-1100,This confirms the patient is physically at reception. It does not assign a queue ticket.,يؤكد هذا وجود المريض فعلياً عند الاستقبال. لا يتم تعيين رقم طابور.,ئەڤە پشتڕاست دکەت کو نەخۆش ل پێشوازیێ ئامادەیە. ژمارەیەکا رێزێ ناهێتە دان.,COMPLETE,Clinic Portal,queue,clinic-portal/src/features/arrivals/presentation/messages.ts#confirmBody,No,No,No,Explicit Arabic and Badini catalog values; no supported-locale English spread fallback.
S13U-1101,This doctor destination is intentionally unavailable. Return to Workspace to continue the active session.,تعذر عرض المعلومات حالياً.,نوکە ناهێتە نیشاندان.,COMPLETE,Clinic Portal,doctor portal,clinic-portal/src/features/doctor/presentation/messages.ts#placeholderBody,No,No,No,Explicit Arabic and Badini catalog values; no supported-locale English spread fallback.
S13U-1102,This doctor profile is no longer available.,ملف هذا الطبيب لم يعد متاحاً.,پڕۆفایلا ڤی نوژداری ئێدی بەردەست نینە.,COMPLETE,Flutter,doctor discovery,"mobile/lib/l10n/app_{en,ar,ku}.arb#doctorNotFoundBody",No,No,No,Explicit Arabic and Badini catalog values; no supported-locale English spread fallback.
S13U-1103,This doctor session is not enabled. No patient information has been exposed.,تعذر عرض المعلومات حالياً.,نوکە ناهێتە نیشاندان.,COMPLETE,Clinic Portal,doctor portal,clinic-portal/src/features/doctor-patients/presentation/messages.ts#unavailableBody,No,No,No,Explicit Arabic and Badini catalog values; no supported-locale English spread fallback.
S13U-1104,This doctor workspace is not enabled. No clinical or queue information has been exposed.,تعذر عرض المعلومات حالياً.,نوکە ناهێتە نیشاندان.,COMPLETE,Clinic Portal,doctor portal,clinic-portal/src/features/doctor/presentation/messages.ts#unavailableBody,No,No,No,Explicit Arabic and Badini catalog values; no supported-locale English spread fallback.
S13U-1105,This field is required.,هذا الحقل مطلوب.,ئەڤ خانە پێدڤییە.,COMPLETE,Clinic Portal,administration,clinic-portal/src/features/administration/presentation/messages.ts#required,No,No,No,Explicit Arabic and Badini catalog values; no supported-locale English spread fallback.
S13U-1106,This information conflicts with an existing record.,تتعارض هذه المعلومات مع سجل موجود.,زانیاری,COMPLETE,Clinic Portal,administration,clinic-portal/src/features/administration/presentation/messages.ts#conflict,No,No,No,Explicit Arabic and Badini catalog values; no supported-locale English spread fallback.
S13U-1107,This information may affect today's work.,معلومات,ئەڤ زانیاری دشێن کاری ئەڤرو کارتێبکەن.,COMPLETE,Clinic Portal,doctor portal,clinic-portal/src/features/doctor-notifications/presentation/messages.ts#genericWhy,No,No,No,Explicit Arabic and Badini catalog values; no supported-locale English spread fallback.
S13U-1108,This is the finalized statement snapshot.,معلومات,ئەڤە وێنەیا دووماهی یا کەشفا حیسابێ یە.,COMPLETE,Clinic Portal,billing,clinic-portal/src/features/billing/presentation/messages.ts#snapshotNotice,No,No,No,Explicit Arabic and Badini catalog values; no supported-locale English spread fallback.
S13U-1109,This patient workspace is not available.,تعذر عرض المعلومات حالياً.,جهێ کارێ ڤی نەخوشی بەردەست نینە.,COMPLETE,Clinic Portal,profile/account,clinic-portal/src/i18n/index.ts#notFoundBody,No,No,No,Explicit Arabic and Badini catalog values; no supported-locale English spread fallback.
S13U-1110,This section is not available yet,هذا القسم غير متاح بعد,ئەڤ بەشە هێشتا بەردەست نینە,COMPLETE,Clinic Portal,shared,clinic-portal/src/i18n/index.ts#futureTitle,No,No,No,Explicit Arabic and Badini catalog values; no supported-locale English spread fallback.
S13U-1111,This section will be available in a future Sprint.,سيكون هذا القسم متاحاً في إصدار قادم.,ئەڤ بەشە دێ د سپرینتەکا داهاتی دا بەردەست بیت.,COMPLETE,Clinic Portal,shared,clinic-portal/src/i18n/index.ts#futureBody,No,No,No,Explicit Arabic and Badini catalog values; no supported-locale English spread fallback.
S13U-1112,This session is finished. Queue information is read-only.,معلومات,ئەڤ دانیشتنە ب دووماهی هات. زانیاریێن سرایێ تنێ بو خواندنێ نە.,COMPLETE,Clinic Portal,doctor portal,clinic-portal/src/features/doctor/presentation/messages.ts#finishedSafe,No,No,No,Explicit Arabic and Badini catalog values; no supported-locale English spread fallback.
S13U-1113,This staff account is disabled.,حساب الموظف هذا معطل.,ئەڤ هەژمارە هاتیە وەستاندن.,COMPLETE,Clinic Portal,profile/account,clinic-portal/src/features/portal-foundation/presentation/foundation-messages.ts#disabledAccount,No,No,No,Explicit Arabic and Badini catalog values; no supported-locale English spread fallback.
S13U-1114,Ticket,الرقم,ژمارە,COMPLETE,Clinic Portal,queue,clinic-portal/src/features/live-queue/presentation/production-messages.ts#ticket,No,No,No,Explicit Arabic and Badini catalog values; no supported-locale English spread fallback.
S13U-1115,Ticket assigned,تم تعيين رقم الطابور,ژمارا رێزێ هاتە دان,COMPLETE,Clinic Portal,queue,clinic-portal/src/features/live-queue/presentation/production-messages.ts#ticketAssigned,No,No,No,Explicit Arabic and Badini catalog values; no supported-locale English spread fallback.
S13U-1116,Time,الوقت,دەم,COMPLETE,Clinic Portal; Flutter,doctor portal,"clinic-portal/src/features/doctor-schedule/presentation/messages.ts#time; clinic-portal/src/i18n/index.ts#time; mobile/lib/l10n/app_{en,ar,ku}.arb#time",No,No,No,Explicit Arabic and Badini catalog values; no supported-locale English spread fallback.
S13U-1117,Time recorded,وقت التسجيل,دەما تۆمارکرنێ,COMPLETE,Clinic Portal,shared,clinic-portal/src/i18n/index.ts#timeRecorded,No,No,No,Explicit Arabic and Badini catalog values; no supported-locale English spread fallback.
S13U-1118,Time unavailable,الوقت غير متاح,دەم نەبەردەستە,COMPLETE,Flutter,shared,"mobile/lib/l10n/app_{en,ar,ku}.arb#timeUnavailable",No,No,No,Explicit Arabic and Badini catalog values; no supported-locale English spread fallback.
S13U-1119,Time zone,المنطقة الزمنية,هەرێما دەمێ,COMPLETE,Flutter,shared,"mobile/lib/l10n/app_{en,ar,ku}.arb#timezone",No,No,No,Explicit Arabic and Badini catalog values; no supported-locale English spread fallback.
S13U-1120,Timeline,معلومات,زانیاری,COMPLETE,Clinic Portal,shared,clinic-portal/src/i18n/index.ts#timeline,No,No,No,Explicit Arabic and Badini catalog values; no supported-locale English spread fallback.
S13U-1121,Timezone,المنطقة الزمنية,ناڤچەیا دەمێ,COMPLETE,Clinic Portal,administration,clinic-portal/src/features/administration/presentation/messages.ts#timezone,No,No,No,Explicit Arabic and Badini catalog values; no supported-locale English spread fallback.
S13U-1122,Timezone identifier is invalid.,,,MACHINE_CONTRACT,Backend user-visible,shared,backend/src/modules/doctors/application/timezone.service.ts:16,No,No,No,Sprint 13U backend boundary classification: MACHINE_CONTRACT.
S13U-1123,To,إلى,هەتا,COMPLETE,Clinic Portal,clinic management,clinic-portal/src/features/clinical-presentation/messages.ts#to,No,No,No,Explicit Arabic and Badini catalog values; no supported-locale English spread fallback.
S13U-1124,Today,اليوم,ئەڤرو,COMPLETE,Flutter,shared,"mobile/lib/l10n/app_{en,ar,ku}.arb#today",No,No,No,Explicit Arabic and Badini catalog values; no supported-locale English spread fallback.
S13U-1125,TODAY,,,RESOLVED,Flutter,appointments,mobile/lib/features/home/presentation/widgets/next_appointment_card.dart:53,No,No,No,Former hardcoded presentation string removed or localized in Sprint 13U.
S13U-1126,Today at a glance,معلومات,زانیاری,COMPLETE,Clinic Portal,shared,clinic-portal/src/i18n/index.ts#heading,No,No,No,Explicit Arabic and Badini catalog values; no supported-locale English spread fallback.
S13U-1127,Today's Appointment,مواعيد اليوم,ژڤانێن ئەڤرو,COMPLETE,Clinic Portal,appointments,clinic-portal/src/i18n/index.ts#todayAppointment,No,No,No,Explicit Arabic and Badini catalog values; no supported-locale English spread fallback.
S13U-1128,Today's appointments,مواعيد اليوم,ژڤانێن ئەڤرو,COMPLETE,Clinic Portal,appointments,clinic-portal/src/i18n/index.ts#todayAppointments,No,No,No,Explicit Arabic and Badini catalog values; no supported-locale English spread fallback.
S13U-1129,Today's Arrivals,وصول اليوم,هاتنێن ئەڤرۆ,COMPLETE,Clinic Portal,queue,clinic-portal/src/i18n/index.ts#todayArrivals,No,No,No,Explicit Arabic and Badini catalog values; no supported-locale English spread fallback.
S13U-1130,Today's date,تاريخ اليوم,رێکەفتا ئەڤرو,COMPLETE,Clinic Portal,doctor portal,clinic-portal/src/features/doctor-schedule/presentation/messages.ts#todayDate,No,No,No,Explicit Arabic and Badini catalog values; no supported-locale English spread fallback.
S13U-1131,Today's notifications,إشعارات اليوم,زانیاری,COMPLETE,Clinic Portal,doctor portal,clinic-portal/src/features/doctor-notifications/presentation/messages.ts#todayCount,No,No,No,Explicit Arabic and Badini catalog values; no supported-locale English spread fallback.
S13U-1132,Today's Notifications,إشعارات اليوم,زانیاری,COMPLETE,Clinic Portal,doctor portal,clinic-portal/src/features/doctor-notifications/presentation/messages.ts#today,No,No,No,Explicit Arabic and Badini catalog values; no supported-locale English spread fallback.
S13U-1133,Today's Schedule,معلومات,زانیاری,COMPLETE,Clinic Portal,shared,clinic-portal/src/i18n/index.ts#todaySchedule,No,No,No,Explicit Arabic and Badini catalog values; no supported-locale English spread fallback.
S13U-1134,Today's schedule has no unresolved issues.,تعذر عرض المعلومات حالياً.,خشتەیا ئەڤرو چ کێشەیا نەچارەسەرکری نینە.,COMPLETE,Clinic Portal,shared,clinic-portal/src/i18n/index.ts#nothingAttentionBody,No,No,No,Explicit Arabic and Badini catalog values; no supported-locale English spread fallback.
S13U-1135,Today's Session,جلسة اليوم,زانیاری,COMPLETE,Clinic Portal,doctor portal,clinic-portal/src/features/doctor-settings/presentation/messages.ts#todaySession,No,No,No,Explicit Arabic and Badini catalog values; no supported-locale English spread fallback.
S13U-1136,Today's Timeline,الجدول الزمني لليوم,زانیاری,COMPLETE,Clinic Portal,doctor portal,clinic-portal/src/features/doctor-schedule/presentation/messages.ts#todayTimeline,No,No,No,Explicit Arabic and Badini catalog values; no supported-locale English spread fallback.
S13U-1137,Today’s Patients,مرضى اليوم,نەخۆشێن ئەڤرۆ,COMPLETE,Clinic Portal,profile/account,clinic-portal/src/features/portal-foundation/presentation/foundation-messages.ts#todayPatients,No,No,No,Explicit Arabic and Badini catalog values; no supported-locale English spread fallback.
S13U-1138,Too many attempts. Please request a new code.,محاولات كثيرة. اطلب رمزاً جديداً.,هەول زور بوون. هیڤییە کودەکێ نوی بخوازە,COMPLETE,Flutter,authentication,"mobile/lib/l10n/app_{en,ar,ku}.arb#otpLimited",No,No,No,Explicit Arabic and Badini catalog values; no supported-locale English spread fallback.
S13U-1139,Too many authentication attempts. Try again later.,,,MACHINE_CONTRACT,Backend user-visible,authentication,backend/src/modules/identity/application/authentication.service.ts:612,No,No,No,Sprint 13U backend boundary classification: MACHINE_CONTRACT.
S13U-1140,Total waiting patients,معلومات,زانیاری,COMPLETE,Clinic Portal,doctor portal,clinic-portal/src/features/doctor/presentation/messages.ts#totalWaiting,No,No,No,Explicit Arabic and Badini catalog values; no supported-locale English spread fallback.
S13U-1141,"Trimmed search term for patient name, phone number, or profile identifier prefix.",,,USER_VISIBLE,Backend user-visible,profile/account,backend/src/modules/patients/presentation/patient.dto.ts:141,No,No,Yes,Sprint 13U backend boundary classification: USER_VISIBLE.
S13U-1142,Try again,حاول مجدداً,دیسان هەول بدە,COMPLETE,Clinic Portal; Flutter,billing,"clinic-portal/src/features/administration/presentation/messages.ts#retry; clinic-portal/src/features/arrivals/presentation/messages.ts#retry; clinic-portal/src/features/billing/presentation/messages.ts#retry; clinic-portal/src/features/clinical-presentation/messages.ts#retry; clinic-portal/src/features/portal-foundation/presentation/foundation-messages.ts#retry; mobile/lib/l10n/app_{en,ar,ku}.arb#tryAgain",No,No,No,Explicit Arabic and Badini catalog values; no supported-locale English spread fallback.
S13U-1143,Try another doctor name.,جرّب اسم طبيب آخر.,ناڤێ نوژدارەکێ دی تاقی بکە.,COMPLETE,Flutter,shared,"mobile/lib/l10n/app_{en,ar,ku}.arb#noDoctorsBody",No,No,No,Explicit Arabic and Badini catalog values; no supported-locale English spread fallback.
S13U-1144,Try removing one or more filters.,جرّب إزالة مرشح واحد أو أكثر.,فلتەرەک یان ژ پتر پاک بکە.,COMPLETE,Flutter,shared,"mobile/lib/l10n/app_{en,ar,ku}.arb#noDoctorsFilteredBody",No,No,No,Explicit Arabic and Badini catalog values; no supported-locale English spread fallback.
S13U-1145,Turkish,التركية,تورکی,COMPLETE,Flutter,shared,"mobile/lib/l10n/app_{en,ar,ku}.arb#turkish",No,No,No,Explicit Arabic and Badini catalog values; no supported-locale English spread fallback.
S13U-1146,Two appointments need reception review at 2:00 PM.,معلومات,زانیاری,COMPLETE,Clinic Portal,appointments,clinic-portal/src/i18n/index.ts#update3,No,No,No,Explicit Arabic and Badini catalog values; no supported-locale English spread fallback.
S13U-1148,Unavailable,غير متاح,بەردەست نینە,COMPLETE,Flutter,shared,"mobile/lib/l10n/app_{en,ar,ku}.arb#doctorUnavailable",No,No,No,Explicit Arabic and Badini catalog values; no supported-locale English spread fallback.
S13U-1149,Understand today's schedule and what needs attention.,المعلومات,زانیاری,COMPLETE,Clinic Portal,shared,clinic-portal/src/i18n/index.ts#subtitle,No,No,No,Explicit Arabic and Badini catalog values; no supported-locale English spread fallback.
S13U-1150,Understand your place in the live queue,اعرف مكانك في الطابور المباشر,جهێ خۆ د ڕیزا زیندی دا بزانە,COMPLETE,Flutter,queue,"mobile/lib/l10n/app_{en,ar,ku}.arb#welcomeQueue",No,No,No,Explicit Arabic and Badini catalog values; no supported-locale English spread fallback.
S13U-1151,Unread,غير مقروء,نەڤەکری,COMPLETE,Clinic Portal; Flutter,doctor portal,"clinic-portal/src/features/doctor-notifications/presentation/messages.ts#unreadLabel; mobile/lib/l10n/app_{en,ar,ku}.arb#unread",No,No,No,Explicit Arabic and Badini catalog values; no supported-locale English spread fallback.
S13U-1152,Unread count,غير المقروء,زانیاری,COMPLETE,Clinic Portal,doctor portal,clinic-portal/src/features/doctor-notifications/presentation/messages.ts#unreadCount,No,No,No,Explicit Arabic and Badini catalog values; no supported-locale English spread fallback.
S13U-1153,Unread Notifications,الإشعارات غير المقروءة,زانیاری,COMPLETE,Clinic Portal,doctor portal,clinic-portal/src/features/doctor-notifications/presentation/messages.ts#unread,No,No,No,Explicit Arabic and Badini catalog values; no supported-locale English spread fallback.
S13U-1154,Upcoming,معلومات,زانیاری,COMPLETE,Clinic Portal; Flutter,doctor portal,"clinic-portal/src/features/doctor-schedule/presentation/messages.ts#upcoming; clinic-portal/src/i18n/index.ts#upcoming; mobile/lib/l10n/app_{en,ar,ku}.arb#upcoming",No,No,No,Explicit Arabic and Badini catalog values; no supported-locale English spread fallback.
S13U-1155,Upcoming Appointments,المواعيد القادمة,ژڤانێن داهاتی,COMPLETE,Clinic Portal,appointments,clinic-portal/src/i18n/index.ts#upcomingAppointments,No,No,No,Explicit Arabic and Badini catalog values; no supported-locale English spread fallback.
S13U-1156,Upcoming appointments,المواعيد القادمة,ژڤانێن داهاتی,COMPLETE,Clinic Portal,appointments,clinic-portal/src/features/clinical-presentation/messages.ts#upcoming,No,No,No,Explicit Arabic and Badini catalog values; no supported-locale English spread fallback.
S13U-1157,Upcoming Sessions,الجلسات القادمة,زانیاری,COMPLETE,Clinic Portal,doctor portal,clinic-portal/src/features/doctor-schedule/presentation/messages.ts#upcomingSessions,No,No,No,Explicit Arabic and Badini catalog values; no supported-locale English spread fallback.
S13U-1158,Updated,آخر تحديث,دویماهیک نویکرن,COMPLETE,Clinic Portal,administration,clinic-portal/src/features/administration/presentation/messages.ts#updated; clinic-portal/src/features/live-queue/presentation/production-messages.ts#updated,No,No,No,Explicit Arabic and Badini catalog values; no supported-locale English spread fallback.
S13U-1159,Updated earlier,تم التحديث سابقاً,بەری نوکە هاتە نووکرن,COMPLETE,Flutter,notifications,"mobile/lib/l10n/app_{en,ar,ku}.arb#notificationTimeEarlier",No,No,No,Explicit Arabic and Badini catalog values; no supported-locale English spread fallback.
S13U-1160,Updated just now,تم التحديث الآن,نوکە هاتە نووکرن,COMPLETE,Flutter,notifications,"mobile/lib/l10n/app_{en,ar,ku}.arb#notificationTimeJustNow",No,No,No,Explicit Arabic and Badini catalog values; no supported-locale English spread fallback.
S13U-1161,Updated {minutes} minutes ago,تم التحديث قبل {minutes} دقيقة,بەری {minutes} خولەکان هاتە نووکرن,COMPLETE,Flutter,notifications,"mobile/lib/l10n/app_{en,ar,ku}.arb#notificationTimeMinutesAgo",No,No,No,Explicit Arabic and Badini catalog values; no supported-locale English spread fallback.
S13U-1162,"Use 2–32 letters, numbers, underscores, or hyphens.",استخدم من 2 إلى 32 حرفاً أو رقماً أو _ أو -.,زانیاری,COMPLETE,Clinic Portal,administration,clinic-portal/src/features/administration/presentation/messages.ts#invalidCode,No,No,No,Explicit Arabic and Badini catalog values; no supported-locale English spread fallback.
S13U-1163,UTC instant to evaluate. Defaults to the current instant. Conversion occurs in the clinic IANA timezone.,,,USER_VISIBLE,Backend user-visible,doctor portal,backend/src/modules/doctors/presentation/doctor-schedule.dto.ts:17,No,No,Yes,Sprint 13U backend boundary classification: USER_VISIBLE.
S13U-1164,UTC instant with Z or an explicit offset.,,,USER_VISIBLE,Backend user-visible,appointments,backend/src/modules/appointments/presentation/appointment.dto.ts:115; backend/src/modules/appointments/presentation/appointment.dto.ts:85,No,No,Yes,Sprint 13U backend boundary classification: USER_VISIBLE.
S13U-1165,"Validates active tenant participants, effective doctor schedule, leave, holidays, exceptions, and doctor/patient overlaps. No queue or notification behavior occurs.",,,USER_VISIBLE,Backend user-visible,doctor portal,backend/src/modules/appointments/presentation/appointments.controller.ts:99,No,No,Yes,Sprint 13U backend boundary classification: USER_VISIBLE.
S13U-1166,Verification required,التحقق مطلوب,پشتراستکرن پێدڤییە,COMPLETE,Flutter,shared,"mobile/lib/l10n/app_{en,ar,ku}.arb#personalizedFeatureTitle",No,No,No,Explicit Arabic and Badini catalog values; no supported-locale English spread fallback.
S13U-1167,Verify and continue,تحقق وتابع,پشتراست بکە و بەردەوام بە,COMPLETE,Flutter,shared,"mobile/lib/l10n/app_{en,ar,ku}.arb#verify",No,No,No,Explicit Arabic and Badini catalog values; no supported-locale English spread fallback.
S13U-1168,Verify my number,تحقق من رقمي,ژمارا مۆبایلا خو پشتراست بکە,COMPLETE,Flutter,shared,"mobile/lib/l10n/app_{en,ar,ku}.arb#verifyNumber",No,No,No,Explicit Arabic and Badini catalog values; no supported-locale English spread fallback.
S13U-1169,Verify your mobile number to browse authoritative doctor information.,تحقق من رقم هاتفك لتصفح معلومات الأطباء الموثوقة.,ژمارا موبایلا خۆ پشتڕاست بکە بۆ دیتنا زانیاریێن نوژداران.,COMPLETE,Flutter,authentication,"mobile/lib/l10n/app_{en,ar,ku}.arb#discoveryAuthBody",No,No,No,Explicit Arabic and Badini catalog values; no supported-locale English spread fallback.
S13U-1170,Verify your number again to continue securely.,تحقق من رقمك مرة أخرى للمتابعة بأمان.,ژمارا خو دیسان پشتراست بکە دا ب پاراستی بەردەوام بی,COMPLETE,Flutter,shared,"mobile/lib/l10n/app_{en,ar,ku}.arb#sessionExpiredBody",No,No,No,Explicit Arabic and Badini catalog values; no supported-locale English spread fallback.
S13U-1171,Version must be a positive integer.,,,MACHINE_CONTRACT,Backend user-visible,queue,backend/src/modules/queue/application/queue.service.ts:222,No,No,No,Sprint 13U backend boundary classification: MACHINE_CONTRACT.
S13U-1172,View Appointment,عرض الموعد,ژڤانیێ ببینە,COMPLETE,Flutter,appointments,"mobile/lib/l10n/app_{en,ar,ku}.arb#viewAppointment",No,No,No,Explicit Arabic and Badini catalog values; no supported-locale English spread fallback.
S13U-1173,View appointment,عرض الموعد,ژوانی ببینە,COMPLETE,Clinic Portal,appointments,clinic-portal/src/features/clinical-presentation/messages.ts#view,No,No,No,Explicit Arabic and Badini catalog values; no supported-locale English spread fallback.
S13U-1174,View clinic,عرض العيادة,زانیاری,COMPLETE,Clinic Portal,administration,clinic-portal/src/features/administration/presentation/messages.ts#viewClinic,No,No,No,Explicit Arabic and Badini catalog values; no supported-locale English spread fallback.
S13U-1175,View clinics across registered organizations.,عرض العيادات التابعة للمؤسسات المسجلة.,بەری بەردەوامبوونێ زانیاریان بپشکنە.,COMPLETE,Clinic Portal,administration,clinic-portal/src/features/administration/presentation/messages.ts#clinicsHelp,No,No,No,Explicit Arabic and Badini catalog values; no supported-locale English spread fallback.
S13U-1176,View Current Patient,عرض المريض الحالي,نەخوشێ نوکە ببینە,COMPLETE,Clinic Portal,doctor portal,clinic-portal/src/features/doctor-schedule/presentation/messages.ts#viewCurrentPatient,No,No,No,Explicit Arabic and Badini catalog values; no supported-locale English spread fallback.
S13U-1177,View Doctor,معلومات,زانیاری,COMPLETE,Clinic Portal; Flutter,shared,"clinic-portal/src/i18n/index.ts#viewDoctor; mobile/lib/l10n/app_{en,ar,ku}.arb#viewDoctor",No,No,No,Explicit Arabic and Badini catalog values; no supported-locale English spread fallback.
S13U-1178,View History,معلومات,زانیاری,COMPLETE,Clinic Portal,shared,clinic-portal/src/i18n/index.ts#viewHistory,No,No,No,Explicit Arabic and Badini catalog values; no supported-locale English spread fallback.
S13U-1179,View live queue,عرض الطابور المباشر,رێزبەندییا زندی ببینە,COMPLETE,Flutter,queue,"mobile/lib/l10n/app_{en,ar,ku}.arb#viewLiveQueue",No,No,No,Explicit Arabic and Badini catalog values; no supported-locale English spread fallback.
S13U-1180,View Live Queue,معلومات,زانیاری,COMPLETE,Clinic Portal,queue,clinic-portal/src/i18n/index.ts#viewLiveQueue,No,No,No,Explicit Arabic and Badini catalog values; no supported-locale English spread fallback.
S13U-1181,View organization,عرض المؤسسة,زانیاری,COMPLETE,Clinic Portal,administration,clinic-portal/src/features/administration/presentation/messages.ts#viewOrganization,No,No,No,Explicit Arabic and Badini catalog values; no supported-locale English spread fallback.
S13U-1182,View profile,عرض الملف,پروفایلێ ببینە,COMPLETE,Flutter,profile/account,"mobile/lib/l10n/app_{en,ar,ku}.arb#viewProfile",No,No,No,Explicit Arabic and Badini catalog values; no supported-locale English spread fallback.
S13U-1183,View profile for {name},عرض ملف {name},پڕۆفایلا {name} ببینە,COMPLETE,Flutter,profile/account,"mobile/lib/l10n/app_{en,ar,ku}.arb#viewDoctorProfile",No,No,No,Explicit Arabic and Badini catalog values; no supported-locale English spread fallback.
S13U-1184,View queue,عرض قائمة الانتظار,سرایێ ببینە,COMPLETE,Clinic Portal,queue,clinic-portal/src/i18n/index.ts#viewQueue,No,No,No,Explicit Arabic and Badini catalog values; no supported-locale English spread fallback.
S13U-1185,View statement,عرض الكشف,زانیاری,COMPLETE,Clinic Portal,billing,clinic-portal/src/features/billing/presentation/messages.ts#view,No,No,No,Explicit Arabic and Badini catalog values; no supported-locale English spread fallback.
S13U-1186,View the organizations currently registered with Saxlem.,عرض المؤسسات المسجلة حالياً في ساكلم.,بەری بەردەوامبوونێ زانیاریان بپشکنە.,COMPLETE,Clinic Portal,administration,clinic-portal/src/features/administration/presentation/messages.ts#organizationsHelp,No,No,No,Explicit Arabic and Badini catalog values; no supported-locale English spread fallback.
S13U-1187,View update,عرض التحديث,نووکرنێ ببینە,COMPLETE,Flutter,shared,"mobile/lib/l10n/app_{en,ar,ku}.arb#viewUpdate",No,No,No,Explicit Arabic and Badini catalog values; no supported-locale English spread fallback.
S13U-1188,View Workspace,عرض مساحة العمل,جهێ کاری ببینە,COMPLETE,Clinic Portal,queue,clinic-portal/src/features/live-queue/presentation/messages.ts#viewWorkspace,No,No,No,Explicit Arabic and Badini catalog values; no supported-locale English spread fallback.
S13U-1189,Visible patients,المرضى الظاهرون,زانیاری,COMPLETE,Clinic Portal,doctor portal,clinic-portal/src/features/doctor-patients/presentation/messages.ts#visiblePatients,No,No,No,Explicit Arabic and Badini catalog values; no supported-locale English spread fallback.
S13U-1190,Waiting,في الانتظار,ل چاڤەرێ,COMPLETE,Clinic Portal,queue,clinic-portal/src/features/live-queue/presentation/messages.ts#waiting; clinic-portal/src/features/live-queue/presentation/production-messages.ts#expected; clinic-portal/src/features/live-queue/presentation/production-messages.ts#waiting; clinic-portal/src/i18n/index.ts#waiting,No,No,No,Explicit Arabic and Badini catalog values; no supported-locale English spread fallback.
S13U-1191,Waiting arrivals,معلومات,زانیاری,COMPLETE,Clinic Portal,queue,clinic-portal/src/i18n/index.ts#waitingArrivals,No,No,No,Explicit Arabic and Badini catalog values; no supported-locale English spread fallback.
S13U-1192,Waiting List,قائمة الانتظار,زانیاری,COMPLETE,Clinic Portal,queue,clinic-portal/src/features/live-queue/presentation/messages.ts#waitingList,No,No,No,Explicit Arabic and Badini catalog values; no supported-locale English spread fallback.
S13U-1193,Waiting patients,المرضى في الانتظار,نەخوشێن چاڤەرێ,COMPLETE,Clinic Portal,queue,clinic-portal/src/features/live-queue/presentation/messages.ts#waitingPatients,No,No,No,Explicit Arabic and Badini catalog values; no supported-locale English spread fallback.
S13U-1194,We could not confirm the result. Do not submit another booking until you retry this request.,تعذر تأكيد النتيجة. لا تنشئ حجزاً آخر قبل إعادة محاولة هذا الطلب.,مە نەشیا ئەنجامی پشتڕاست بکەین. هەتا دیسان هەمان داخواز دکەی، ژڤانەکا دی نەگرە.,COMPLETE,Flutter,appointments,"mobile/lib/l10n/app_{en,ar,ku}.arb#bookingUnknownOutcome",No,No,No,Explicit Arabic and Badini catalog values; no supported-locale English spread fallback.
S13U-1195,We could not confirm the result. Retry to safely check the same request.,تعذر تأكيد النتيجة. أعد المحاولة للتحقق من الطلب نفسه بأمان.,مە نەشیا ئەنجامی پشتڕاست بکەین. ب دیسان هەولدانێ هەمان داخواز ب پاراستی بپشکنە.,COMPLETE,Flutter,appointments,"mobile/lib/l10n/app_{en,ar,ku}.arb#appointmentUnknownOutcome",No,No,No,Explicit Arabic and Badini catalog values; no supported-locale English spread fallback.
S13U-1196,We could not load your appointments.,تعذر تحميل مواعيدك.,ئەم نەشیاین ژڤانێن تە بار بکەین,COMPLETE,Flutter,appointments,"mobile/lib/l10n/app_{en,ar,ku}.arb#appointmentsLoadFailed",No,No,No,Explicit Arabic and Badini catalog values; no supported-locale English spread fallback.
S13U-1197,We could not safely read the doctor information. Please try again.,تعذر قراءة معلومات الطبيب بأمان. حاول مجدداً.,مە نەشیا زانیاریێن نوژداری ب پارێزراوی بخوینین. دیسان هەول بدە.,COMPLETE,Flutter,shared,"mobile/lib/l10n/app_{en,ar,ku}.arb#malformedDoctorDataBody",No,No,No,Explicit Arabic and Badini catalog values; no supported-locale English spread fallback.
S13U-1198,We couldn't create this patient profile. Your details are still here—please try again.,تعذر إنشاء ملف المريض. بقيت معلوماتك محفوظة، حاول مرة أخرى.,پڕۆفایل نەهاتە دروستکرن. زانیاریێن تە پاراستینە، دیسان هەوڵ بدە.,COMPLETE,Flutter,profile/account,"mobile/lib/l10n/app_{en,ar,ku}.arb#profileCreationFailed",No,No,No,Explicit Arabic and Badini catalog values; no supported-locale English spread fallback.
S13U-1199,We couldn't load your updates. Please try again.,تعذر تحميل تحديثاتك. حاول مرة أخرى.,مە نەشیا نووکرنێن تە بار بکەین. دیسان تاقی بکە.,COMPLETE,Flutter,notifications,"mobile/lib/l10n/app_{en,ar,ku}.arb#notificationsUnavailableBody",No,No,No,Explicit Arabic and Badini catalog values; no supported-locale English spread fallback.
S13U-1200,We couldn't safely read your patient account. Please try again.,تعذر قراءة حساب المريض بأمان. حاول مرة أخرى.,مە نەشیا هەژمارێ نەخۆشی ب پارێزراوی بخوینین. دیسان هەوڵ بدە.,COMPLETE,Flutter,profile/account,"mobile/lib/l10n/app_{en,ar,ku}.arb#patientAccountInvalid",No,No,No,Explicit Arabic and Badini catalog values; no supported-locale English spread fallback.
S13U-1201,We couldn't save your language. Please try again.,تعذر حفظ لغتك. يرجى المحاولة مرة أخرى.,پاراستنا زمانێ نەشیا. هیڤیە جارەکا دی هەول بدە.,COMPLETE,Flutter,home/navigation,"mobile/lib/l10n/app_{en,ar,ku}.arb#languageSaveFailed",No,No,No,Explicit Arabic and Badini catalog values; no supported-locale English spread fallback.
S13U-1202,We couldn't switch patients. Please try again.,تعذر تبديل المريض. حاول مرة أخرى.,گوهۆڕینا نەخۆشی سەرنەکەفت. دیسان هەوڵ بدە.,COMPLETE,Flutter,profile/account,"mobile/lib/l10n/app_{en,ar,ku}.arb#profileSelectionFailed",No,No,No,Explicit Arabic and Badini catalog values; no supported-locale English spread fallback.
S13U-1203,We sent a 6-digit code to {phone}.,أرسلنا رمزاً من 6 أرقام إلى {phone}.,ڤرێکر{phone} مە کودەکێ  ٦ ژمارەیی بۆ,COMPLETE,Flutter,authentication,"mobile/lib/l10n/app_{en,ar,ku}.arb#otpBody",No,No,No,Explicit Arabic and Badini catalog values; no supported-locale English spread fallback.
S13U-1204,We'll send a one-time code to securely verify your number.,سنرسل رمزاً لمرة واحدة للتحقق من رقمك بأمان.,ئەم دێ کودەکا ئێکجارێ فرێکەین دا ژمارا تە ب پارێزراوی پشتڕاست بکەین.,COMPLETE,Flutter,shared,"mobile/lib/l10n/app_{en,ar,ku}.arb#phoneBody",No,No,No,Explicit Arabic and Badini catalog values; no supported-locale English spread fallback.
S13U-1205,Welcome patient at reception,معلومات,زانیاری,COMPLETE,Clinic Portal,profile/account,clinic-portal/src/i18n/index.ts#welcome,No,No,No,Explicit Arabic and Badini catalog values; no supported-locale English spread fallback.
S13U-1206,Welcome to Saxlem,مرحباً بك في ساكسلم,بخێر بهێی بو ساخلەم,COMPLETE,Flutter,notifications,"mobile/lib/l10n/app_{en,ar,ku}.arb#notificationWelcome",No,No,No,Explicit Arabic and Badini catalog values; no supported-locale English spread fallback.
S13U-1207,What happened,ماذا حدث,زانیاری,COMPLETE,Clinic Portal; Flutter,doctor portal,"clinic-portal/src/features/doctor-notifications/presentation/messages.ts#whatHappened; mobile/lib/l10n/app_{en,ar,ku}.arb#whatHappened",No,No,No,Explicit Arabic and Badini catalog values; no supported-locale English spread fallback.
S13U-1208,What to do next,ماذا تفعل الآن,پاشی چی بکەی,COMPLETE,Flutter,shared,"mobile/lib/l10n/app_{en,ar,ku}.arb#whatToDoNext",No,No,No,Explicit Arabic and Badini catalog values; no supported-locale English spread fallback.
S13U-1209,Why,السبب,زانیاری,COMPLETE,Clinic Portal; Flutter,doctor portal,"clinic-portal/src/features/doctor-notifications/presentation/messages.ts#why; mobile/lib/l10n/app_{en,ar,ku}.arb#whyItHappened",No,No,No,Explicit Arabic and Badini catalog values; no supported-locale English spread fallback.
S13U-1210,Working,يعمل,د کار دایە,COMPLETE,Clinic Portal,shared,clinic-portal/src/i18n/index.ts#working,No,No,No,Explicit Arabic and Badini catalog values; no supported-locale English spread fallback.
S13U-1211,Working doctors should be aware of the update.,معلومات,زانیاری,COMPLETE,Clinic Portal,doctor portal,clinic-portal/src/features/doctor-notifications/presentation/messages.ts#announcementWhy,No,No,No,Explicit Arabic and Badini catalog values; no supported-locale English spread fallback.
S13U-1212,Working hours,ساعات العمل,دەمێن کاری,COMPLETE,Clinic Portal,doctor portal,clinic-portal/src/features/doctor-schedule/presentation/messages.ts#workingHours,No,No,No,Explicit Arabic and Badini catalog values; no supported-locale English spread fallback.
S13U-1213,Working location,موقع العمل,زانیاری,COMPLETE,Clinic Portal,doctor portal,clinic-portal/src/features/doctor-settings/presentation/messages.ts#workingLocation,No,No,No,Explicit Arabic and Badini catalog values; no supported-locale English spread fallback.
S13U-1214,Working session,معلومات,زانیاری,COMPLETE,Clinic Portal,doctor portal,clinic-portal/src/features/doctor/presentation/messages.ts#workingSession; clinic-portal/src/i18n/index.ts#workingSession,No,No,No,Explicit Arabic and Badini catalog values; no supported-locale English spread fallback.
S13U-1215,Working…,يعمل,د کار دایە,COMPLETE,Clinic Portal,queue,clinic-portal/src/features/live-queue/presentation/production-messages.ts#pending,No,No,No,Explicit Arabic and Badini catalog values; no supported-locale English spread fallback.
S13U-1216,Workspace,مساحة العمل,جهێ کاری,COMPLETE,Clinic Portal,doctor portal,clinic-portal/src/features/doctor/presentation/messages.ts#workspace; clinic-portal/src/features/portal-foundation/presentation/foundation-messages.ts#workspace; clinic-portal/src/i18n/index.ts#workspace,No,No,No,Explicit Arabic and Badini catalog values; no supported-locale English spread fallback.
S13U-1219,You are offline,أنت غير متصل,تو ئۆفلاینی,COMPLETE,Flutter,shared,"mobile/lib/l10n/app_{en,ar,ku}.arb#offlineTitle",No,No,No,Explicit Arabic and Badini catalog values; no supported-locale English spread fallback.
S13U-1220,You can change this later in your profile.,يمكنك تغييرها لاحقاً من ملفك الشخصي.,دێ شێی پاشتر ل پروفایلێ خۆ بگوهۆڕی.,COMPLETE,Flutter,profile/account,"mobile/lib/l10n/app_{en,ar,ku}.arb#languageCanChange",No,No,No,Explicit Arabic and Badini catalog values; no supported-locale English spread fallback.
S13U-1221,"You can explore Saxlem, but booking and personal appointments require verification.",يمكنك استكشاف ساكسلم، لكن الحجز والمواعيد الشخصية تتطلب التحقق.,تو دشێی ساخله‌مێ بگەڕی، لێ وەعدە و تایبەتمەندیێن کەسی پشتڕاستکرنێ دخوازن.,COMPLETE,Flutter,appointments,"mobile/lib/l10n/app_{en,ar,ku}.arb#guestModeMessage",No,No,No,Explicit Arabic and Badini catalog values; no supported-locale English spread fallback.
S13U-1222,You do not have access to this area.,ليس لديك صلاحية للوصول إلى هذه المنطقة.,دەستگەیشتن بۆ ڤێ بەشێ نینە.,COMPLETE,Clinic Portal,shared,clinic-portal/src/features/portal-foundation/presentation/foundation-messages.ts#forbidden,No,No,No,Explicit Arabic and Badini catalog values; no supported-locale English spread fallback.
S13U-1223,You do not have access to this billing information.,ليس لديك صلاحية لعرض معلومات الفوترة.,زانیاری,COMPLETE,Clinic Portal,billing,clinic-portal/src/features/billing/presentation/messages.ts#forbidden,No,No,No,Explicit Arabic and Badini catalog values; no supported-locale English spread fallback.
S13U-1224,You do not have access to this clinic information.,ليس لديك صلاحية لعرض معلومات هذه العيادة.,دەستهەلاتا دیتنا زانیاریێن ڤێ کلینیکێ نینە.,COMPLETE,Clinic Portal,clinic management,clinic-portal/src/features/clinical-presentation/messages.ts#forbidden,No,No,No,Explicit Arabic and Badini catalog values; no supported-locale English spread fallback.
S13U-1225,You do not have access to this clinic queue.,ليس لديك وصول إلى طابور هذه العيادة.,دەستهەلاتا ڤێ رێزا کلینیکێ نینە.,COMPLETE,Clinic Portal,queue,clinic-portal/src/features/live-queue/presentation/production-messages.ts#forbidden,No,No,No,Explicit Arabic and Badini catalog values; no supported-locale English spread fallback.
S13U-1226,You do not have permission to record arrival for this clinic.,ليس لديك إذن لتسجيل الوصول لهذه العيادة.,دەستهەلاتا تۆمارکرنا هاتنێ بۆ ڤێ کلینیکێ نینە.,COMPLETE,Clinic Portal,queue,clinic-portal/src/features/arrivals/presentation/messages.ts#forbidden,No,No,No,Explicit Arabic and Badini catalog values; no supported-locale English spread fallback.
S13U-1227,You do not have permission to use administration.,ليس لديك صلاحية لاستخدام الإدارة.,دەستگەهیشتن بۆ ڤێ بەشێ نینە.,COMPLETE,Clinic Portal,administration,clinic-portal/src/features/administration/presentation/messages.ts#forbidden,No,No,No,Explicit Arabic and Badini catalog values; no supported-locale English spread fallback.
S13U-1228,You started using Saxlem on this device.,بدأت استخدام ساكسلم على هذا الجهاز.,تە ل سەر ڤێ ئامیرێ دەست ب بکارئینانا ساخله‌مێ کر.,COMPLETE,Flutter,notifications,"mobile/lib/l10n/app_{en,ar,ku}.arb#notificationWelcomeWhy",No,No,No,Explicit Arabic and Badini catalog values; no supported-locale English spread fallback.
S13U-1229,"You'll be able to manage your details, language, and care preferences here.",ستتمكن هنا من إدارة بياناتك ولغتك وتفضيلات الرعاية.,دێ شێی زانیاری، زمان و هەلبژاردنێن چاڤدێریا خۆ رێک بخەی.,COMPLETE,Flutter,profile/account,"mobile/lib/l10n/app_{en,ar,ku}.arb#profileBody",No,No,No,Explicit Arabic and Badini catalog values; no supported-locale English spread fallback.
S13U-1230,You're all caught up,أنت على اطلاع بكل شيء,هەمی تشتەک دروستە,COMPLETE,Flutter,notifications,"mobile/lib/l10n/app_{en,ar,ku}.arb#notificationsEmpty",No,No,No,Explicit Arabic and Badini catalog values; no supported-locale English spread fallback.
S13U-1231,You're almost next,دورك اقترب,نۆرا تە نێزیکە,COMPLETE,Flutter,notifications,"mobile/lib/l10n/app_{en,ar,ku}.arb#notificationAlmostTurn",No,No,No,Explicit Arabic and Badini catalog values; no supported-locale English spread fallback.
S13U-1232,You're offline. Showing your last available patient information.,أنت غير متصل. نعرض آخر معلومات متاحة للمريض.,تو ئۆفلاینی. زانیاریێن دوماهیێ یێن نەخۆشی نیشان ددەین.,COMPLETE,Flutter,profile/account,"mobile/lib/l10n/app_{en,ar,ku}.arb#patientAccountOffline",No,No,No,Explicit Arabic and Badini catalog values; no supported-locale English spread fallback.
S13U-1233,Your account cannot access doctor discovery.,لا يمكن لحسابك الوصول إلى البحث عن الأطباء.,هەژمارا تە ناتوانیت دەست بگەهینیت.,COMPLETE,Flutter,doctor discovery,"mobile/lib/l10n/app_{en,ar,ku}.arb#discoveryForbiddenBody",No,No,No,Explicit Arabic and Badini catalog values; no supported-locale English spread fallback.
S13U-1234,Your account cannot access this appointment.,لا يمكن لحسابك الوصول إلى هذا الموعد.,هەژمارا تە دەستهەلاتا ڤێ ژڤانێ نینە.,COMPLETE,Flutter,appointments,"mobile/lib/l10n/app_{en,ar,ku}.arb#appointmentForbidden",No,No,No,Explicit Arabic and Badini catalog values; no supported-locale English spread fallback.
S13U-1235,Your appointment check-in was updated.,تم تحديث تسجيل وصولك للموعد.,تۆمارکرنا هاتنا تە هاتە نووکرن.,COMPLETE,Flutter,appointments,"mobile/lib/l10n/app_{en,ar,ku}.arb#notificationReservedHappened",No,No,No,Explicit Arabic and Badini catalog values; no supported-locale English spread fallback.
S13U-1236,Your appointment is booked.,تم حجز موعدك.,ژڤانا تە هاتە گرتن.,COMPLETE,Flutter,appointments,"mobile/lib/l10n/app_{en,ar,ku}.arb#bookingSuccessful",No,No,No,Explicit Arabic and Badini catalog values; no supported-locale English spread fallback.
S13U-1237,Your appointment with {doctor} is confirmed.,تم تأكيد موعدك مع {doctor}.,وەعدەیا تە ل گەل {doctor} هاتە پشتڕاستکرن.,COMPLETE,Flutter,appointments,"mobile/lib/l10n/app_{en,ar,ku}.arb#notificationBookingHappened",No,No,No,Explicit Arabic and Badini catalog values; no supported-locale English spread fallback.
S13U-1238,Your appointments in this category will appear here.,ستظهر مواعيد هذه الفئة هنا.,ژڤانیێن ڤێ پۆلێ دێ ل ڤێرێ دیار بن.,COMPLETE,Flutter,appointments,"mobile/lib/l10n/app_{en,ar,ku}.arb#emptyAppointmentsBody",No,No,No,Explicit Arabic and Badini catalog values; no supported-locale English spread fallback.
S13U-1239,Your care starts here,رعايتك تبدأ هنا,چاڤدێریا تە ل ڤێرێ دەست پێ دکەت,COMPLETE,Flutter,appointments,"mobile/lib/l10n/app_{en,ar,ku}.arb#firstAppointmentTitle",No,No,No,Explicit Arabic and Badini catalog values; no supported-locale English spread fallback.
S13U-1240,Your current consultation and the next safe action.,المعلومات,زانیاری,COMPLETE,Clinic Portal,doctor portal,clinic-portal/src/features/doctor/presentation/messages.ts#subtitle,No,No,No,Explicit Arabic and Badini catalog values; no supported-locale English spread fallback.
S13U-1241,Your current number is {number}.,رقمك الحالي هو {number}.,ژمارا تە یا نوکە {number} ـە.,COMPLETE,Flutter,notifications,"mobile/lib/l10n/app_{en,ar,ku}.arb#notificationAlmostTurnHappened",No,No,No,Explicit Arabic and Badini catalog values; no supported-locale English spread fallback.
S13U-1242,Your current patient and the next patients prepared for this session.,المعلومات,زانیاری,COMPLETE,Clinic Portal,doctor portal,clinic-portal/src/features/doctor-patients/presentation/messages.ts#subtitle,No,No,No,Explicit Arabic and Badini catalog values; no supported-locale English spread fallback.
S13U-1243,"Your identity, clinic assignment, session, and future preferences.",هويتك وتكليف العيادة والجلسة والتفضيلات المستقبلية.,زانیاری,COMPLETE,Clinic Portal,doctor portal,clinic-portal/src/features/doctor-settings/presentation/messages.ts#subtitle,No,No,No,Explicit Arabic and Badini catalog values; no supported-locale English spread fallback.
S13U-1244,Your mobile number,رقم هاتفك,ژمارا موبایلا تە,COMPLETE,Flutter,shared,"mobile/lib/l10n/app_{en,ar,ku}.arb#phoneTitle",No,No,No,Explicit Arabic and Badini catalog values; no supported-locale English spread fallback.
S13U-1245,Your next appointment,,,RESOLVED,Flutter,appointments,mobile/lib/features/home/presentation/widgets/next_appointment_card.dart:35,No,No,No,Former hardcoded presentation string removed or localized in Sprint 13U.
S13U-1246,Your Number,رقمك,ژمارا تە,COMPLETE,Flutter,shared,"mobile/lib/l10n/app_{en,ar,ku}.arb#yourNumber",No,No,No,Explicit Arabic and Badini catalog values; no supported-locale English spread fallback.
S13U-1247,Your patient account is temporarily unavailable.,حساب المريض غير متاح مؤقتًا.,هەژمارێ نەخۆشی نوکە بەردەست نینە.,COMPLETE,Flutter,profile/account,"mobile/lib/l10n/app_{en,ar,ku}.arb#patientAccountUnavailable",No,No,No,Explicit Arabic and Badini catalog values; no supported-locale English spread fallback.
S13U-1248,Your profile is coming soon,ملفك الشخصي قريباً,پروفایلا تە دێ بزوی بهێت,COMPLETE,Flutter,profile/account,"mobile/lib/l10n/app_{en,ar,ku}.arb#profileTitle",No,No,No,Explicit Arabic and Badini catalog values; no supported-locale English spread fallback.
S13U-1249,Your queue entry is not ready yet. We'll update this appointment when it becomes available.,دخولك إلى الطابور غير جاهز بعد. سنحدّث الموعد عند توفره.,دەرکەفتنا تە یا ڕیزێ هێشتا ئامادە نینە. دێ ژڤانیێ نویکەین دەمێ بەردەست بوو.,COMPLETE,Flutter,appointments,"mobile/lib/l10n/app_{en,ar,ku}.arb#queueNotReady",No,No,No,Explicit Arabic and Badini catalog values; no supported-locale English spread fallback.
S13U-1250,Your queue is open,الطابور متاح الآن,ریزا تە ڤەبوو,COMPLETE,Flutter,queue,"mobile/lib/l10n/app_{en,ar,ku}.arb#notificationQueueOpened",No,No,No,Explicit Arabic and Badini catalog values; no supported-locale English spread fallback.
S13U-1251,Your Saxlem experience is ready.,تجربتك في ساكسلم جاهزة.,ئەزموونا تە یا ساخله‌مێ بەرهەڤە.,COMPLETE,Flutter,notifications,"mobile/lib/l10n/app_{en,ar,ku}.arb#notificationWelcomeHappened",No,No,No,Explicit Arabic and Badini catalog values; no supported-locale English spread fallback.
S13U-1252,Your session expired. Sign in again.,انتهت جلستك. سجل الدخول مجدداً.,دانیشتنا تە دوماهی هات. دیسان بچۆ ژوور.,COMPLETE,Clinic Portal,administration,clinic-portal/src/features/administration/presentation/messages.ts#sessionExpired; clinic-portal/src/features/portal-foundation/presentation/foundation-messages.ts#sessionExpired,No,No,No,Explicit Arabic and Badini catalog values; no supported-locale English spread fallback.
S13U-1253,Your session has expired,انتهت صلاحية جلستك,دانیشتنا تە ب دووماهی هات,COMPLETE,Flutter,shared,"mobile/lib/l10n/app_{en,ar,ku}.arb#sessionExpiredTitle",No,No,No,Explicit Arabic and Badini catalog values; no supported-locale English spread fallback.
S13U-1254,Your session has expired. Sign in again.,انتهت جلستك. سجل الدخول مجدداً.,دانیشتن دووماهی هات. دیسان بچو ژوور.,COMPLETE,Clinic Portal,authentication,clinic-portal/src/features/arrivals/presentation/messages.ts#unauthorized; clinic-portal/src/features/clinical-presentation/messages.ts#unauthorized,No,No,No,Explicit Arabic and Badini catalog values; no supported-locale English spread fallback.
S13U-1255,{action}. Current patient: {patient}. Queue health: {health}.,معلومات,زانیاری,COMPLETE,Clinic Portal,doctor portal,clinic-portal/src/features/doctor/presentation/messages.ts#success,No,No,No,Explicit Arabic and Badini catalog values; no supported-locale English spread fallback.
S13U-1256,{age} years,{age} سنة,{age} سال,COMPLETE,Clinic Portal,doctor portal,clinic-portal/src/features/doctor-patients/presentation/messages.ts#years; clinic-portal/src/features/doctor/presentation/messages.ts#years; clinic-portal/src/i18n/index.ts#years,No,No,No,Explicit Arabic and Badini catalog values; no supported-locale English spread fallback.
S13U-1257,{amount} IQD,{amount} د.ع,{amount} د.ع,COMPLETE,Flutter,shared,"mobile/lib/l10n/app_{en,ar,ku}.arb#iqdAmount",No,No,No,Explicit Arabic and Badini catalog values; no supported-locale English spread fallback.
S13U-1258,{change}. Current patient: {current}. Next patient: {next}. Queue health: {health}.,معلومات,زانیاری,COMPLETE,Clinic Portal,queue,clinic-portal/src/features/live-queue/presentation/messages.ts#success,No,No,No,Explicit Arabic and Badini catalog values; no supported-locale English spread fallback.
S13U-1259,"{count, plural, =0 {No doctors} =1 {1 doctor} other {{count} doctors}}",عدد الأطباء: {count},{count} نوژدار,COMPLETE,Flutter,shared,"mobile/lib/l10n/app_{en,ar,ku}.arb#doctorResults",No,No,No,Explicit Arabic and Badini catalog values; no supported-locale English spread fallback.
S13U-1260,{count} patients,معلومات,زانیاری,COMPLETE,Clinic Portal,profile/account,clinic-portal/src/i18n/index.ts#count,No,No,No,Explicit Arabic and Badini catalog values; no supported-locale English spread fallback.
S13U-1261,{count} queue updates,{count} تحديثات للطابور,{count} نووکرنێن ریزێ,COMPLETE,Flutter,queue,"mobile/lib/l10n/app_{en,ar,ku}.arb#notificationUpdates",No,No,No,Explicit Arabic and Badini catalog values; no supported-locale English spread fallback.
S13U-1262,{count} unread,{count} غير مقروء,{count} نەهاتینە خواندن,COMPLETE,Flutter,notifications,"mobile/lib/l10n/app_{en,ar,ku}.arb#unreadNotifications",No,No,No,Explicit Arabic and Badini catalog values; no supported-locale English spread fallback.
S13U-1263,"{gender, select, female {Female} male {Male} other {Not specified}}","{gender, select, female {أنثى} male {ذكر} other {غير محدد}}",زانیاری,COMPLETE,Flutter,profile/account,"mobile/lib/l10n/app_{en,ar,ku}.arb#patientGender",No,No,No,Explicit Arabic and Badini catalog values; no supported-locale English spread fallback.
S13U-1264,{label} ({count}),معلومات,زانیاری,COMPLETE,Flutter,shared,"mobile/lib/l10n/app_{en,ar,ku}.arb#tabWithCount",No,No,No,Explicit Arabic and Badini catalog values; no supported-locale English spread fallback.
S13U-1265,{minutes} min consultation,استشارة لمدة {minutes} دقيقة,راوێژ بۆ {minutes} خولەکان,COMPLETE,Flutter,shared,"mobile/lib/l10n/app_{en,ar,ku}.arb#consultationMinutes",No,No,No,Explicit Arabic and Badini catalog values; no supported-locale English spread fallback.
S13U-1266,{minutes} minutes,{minutes} دقيقة,{minutes} خولەک,COMPLETE,Clinic Portal; Flutter,doctor portal,"clinic-portal/src/features/doctor-patients/presentation/messages.ts#minutes; clinic-portal/src/features/doctor-schedule/presentation/messages.ts#minutes; clinic-portal/src/features/doctor/presentation/messages.ts#minutes; clinic-portal/src/features/live-queue/presentation/messages.ts#minutes; clinic-portal/src/i18n/index.ts#minutes; mobile/lib/l10n/app_{en,ar,ku}.arb#minutesLong",No,No,No,Explicit Arabic and Badini catalog values; no supported-locale English spread fallback.
S13U-1267,"{relationship, select, mother {Mother} father {Father} wife {Wife} husband {Husband} son {Son} daughter {Daughter} brother {Brother} sister {Sister} grandfather {Grandfather} grandmother {Grandmother} me {Me} other {Other}}","{relationship, select, mother {الأم} father {الأب} wife {الزوجة} husband {الزوج} son {الابن} daughter {الابنة} brother {الأخ} sister {الأخت} grandfather {الجد} grandmother {الجدة} me {أنا} other {أخرى}}",زانیاری,COMPLETE,Flutter,profile/account,"mobile/lib/l10n/app_{en,ar,ku}.arb#patientRelationship",No,No,No,Explicit Arabic and Badini catalog values; no supported-locale English spread fallback.
S13U-1268,"{years, plural, =0 {New to practice} =1 {1 year of experience} other {{years} years of experience}}",سنوات الخبرة: {years},{years} سال ئەزموون,COMPLETE,Flutter,shared,"mobile/lib/l10n/app_{en,ar,ku}.arb#yearsExperience",No,No,No,Explicit Arabic and Badini catalog values; no supported-locale English spread fallback.
S13U-1211,{count} patients ahead,{count} من المرضى قبلك,{count} نەخوش بەری تە,COMPLETE,Flutter,live queue,mobile/lib/l10n/app_en.arb#patientsAheadCount,No,No,No,Added while localizing confirmed legacy Live Queue presentation copy.
S13U-1212,Estimated wait: {minutes} minutes,وقت الانتظار المتوقع: {minutes} دقيقة,دەمێ چاڤەرێکرنا پێشبینی کری: {minutes} خولەک,COMPLETE,Flutter,live queue,mobile/lib/l10n/app_en.arb#estimatedWaitLong,No,No,No,Added while localizing confirmed legacy Live Queue presentation copy.
S13U-1213,Queue status: {status},حالة قائمة الانتظار: {status},رەوشا رێزبەندیێ: {status},COMPLETE,Flutter,live queue,mobile/lib/l10n/app_en.arb#queueStatusSemantic,No,No,No,Added while localizing confirmed legacy Live Queue presentation copy.
S13U-1214,Queue is live,قائمة الانتظار مفتوحة,رێزبەندی ڤەکرییە,COMPLETE,Flutter,live queue,mobile/lib/l10n/app_en.arb#queueIsLive,No,No,No,Added while localizing confirmed legacy Live Queue presentation copy.
S13U-1215,Queue is paused,قائمة الانتظار متوقفة مؤقتًا,رێزبەندی بو دەمکی هاتیە راگرتن,COMPLETE,Flutter,live queue,mobile/lib/l10n/app_en.arb#queueIsPaused,No,No,No,Added while localizing confirmed legacy Live Queue presentation copy.
S13U-1216,Queue is closed,قائمة الانتظار مغلقة,رێزبەندی گرتییە,COMPLETE,Flutter,live queue,mobile/lib/l10n/app_en.arb#queueIsClosed,No,No,No,Added while localizing confirmed legacy Live Queue presentation copy.
S13U-1217,Connected,متصل,پەیوەندی هەیە,COMPLETE,Flutter,live queue,mobile/lib/l10n/app_en.arb#queueConnectedTitle,No,No,No,Added while localizing confirmed legacy Live Queue presentation copy.
S13U-1218,Your queue is live.,قائمة انتظارك مباشرة الآن.,رێزبەندییا تە زندییە.,COMPLETE,Flutter,live queue,mobile/lib/l10n/app_en.arb#queueConnectedBody,No,No,No,Added while localizing confirmed legacy Live Queue presentation copy.
S13U-1219,Reconnecting,جارٍ إعادة الاتصال,دیسان پەیوەندی دهێتە کرن,COMPLETE,Flutter,live queue,mobile/lib/l10n/app_en.arb#queueReconnectingTitle,No,No,No,Added while localizing confirmed legacy Live Queue presentation copy.
S13U-1220,Showing your latest queue update.,نعرض آخر تحديث لقائمة انتظارك.,نویکرنا دووماهی یا رێزبەندییا تە نیشان ددەین.,COMPLETE,Flutter,live queue,mobile/lib/l10n/app_en.arb#queueReconnectingBody,No,No,No,Added while localizing confirmed legacy Live Queue presentation copy.
S13U-1221,Update delayed,التحديث متأخر,نویکرن پاشکەفت,COMPLETE,Flutter,live queue,mobile/lib/l10n/app_en.arb#queueDelayedTitle,No,No,No,Added while localizing confirmed legacy Live Queue presentation copy.
S13U-1222,This information may be out of date.,قد لا تكون هذه المعلومات محدثة.,دبیت ئەڤ زانیارییە نوی نەبن.,COMPLETE,Flutter,live queue,mobile/lib/l10n/app_en.arb#queueDelayedBody,No,No,No,Added while localizing confirmed legacy Live Queue presentation copy.
S13U-1223,Showing the last queue update saved on this device.,نعرض آخر تحديث محفوظ على هذا الجهاز.,نویکرنا دووماهی یا پاراستی ل ڤی ئامیری نیشان ددەین.,COMPLETE,Flutter,live queue,mobile/lib/l10n/app_en.arb#queueOfflineBody,No,No,No,Added while localizing confirmed legacy Live Queue presentation copy.
S13U-1224,The queue is temporarily paused,قائمة الانتظار متوقفة مؤقتًا,رێزبەندی بو دەمکی هاتیە راگرتن,COMPLETE,Flutter,live queue,mobile/lib/l10n/app_en.arb#queuePausedTitle,No,No,No,Added while localizing confirmed legacy Live Queue presentation copy.
S13U-1225,Your place is safe. We'll update you when the queue resumes.,مكانك محفوظ. سنحدّثك عند استئناف قائمة الانتظار.,جهێ تە پاراستییە. دەمێ رێزبەندی دیسان دەستپێدکەت دێ تە ئاگەهدار کەین.,COMPLETE,Flutter,live queue,mobile/lib/l10n/app_en.arb#queuePausedBody,No,No,No,Added while localizing confirmed legacy Live Queue presentation copy.
S13U-1226,This queue has closed,أُغلقت قائمة الانتظار,ئەڤ رێزبەندییە گرتییە,COMPLETE,Flutter,live queue,mobile/lib/l10n/app_en.arb#queueClosedTitle,No,No,No,Added while localizing confirmed legacy Live Queue presentation copy.
S13U-1227,"For assistance with your appointment, please contact reception.",للمساعدة بشأن موعدك، يرجى مراجعة الاستقبال.,بو هاریکاریا ژڤانا خۆ، بچۆ پێشوازیێ.,COMPLETE,Flutter,live queue,mobile/lib/l10n/app_en.arb#queueClosedBody,No,No,No,Added while localizing confirmed legacy Live Queue presentation copy.
