number,product_area,surface,source_file_module,localization_key,review_locale,english_source,current_arabic,current_badini,placeholders_interpolations,context,reason,final_status,final_notes
1,Shared/navigation,Clinic Portal,clinic-portal/src/i18n/index.ts,queueHelp,Arabic,Delayed and busiest queues appear first.,تظهر قوائم الانتظار المتأخرة والأكثر ازدحامًا أولًا.,سرایێن پاشکەفتی و یێن پتر مژویل ل سەری دیار دبن.,None,"Shown in shared portal/mobile navigation, dashboard, or common UI.",The Arabic value was composed from approved terminology/patterns; no exact product-owner-approved value exists for this locale and full source sentence.,APPROVED_APPLIED,The exact product-owner-approved locale value was applied and verified.
2,Shared/navigation,Clinic Portal,clinic-portal/src/i18n/index.ts,arrivalHelp,Arabic,The next expected patients.,المرضى المتوقع وصولهم تالياً.,نەخوشێن ل دویفرا یێن هاتنا وان چاڤەرێکری.,None,"Shown in shared portal/mobile navigation, dashboard, or common UI.",The Arabic value was composed from approved terminology/patterns; no exact product-owner-approved value exists for this locale and full source sentence.,APPROVED_APPLIED,The exact product-owner-approved locale value was applied and verified.
3,Shared/navigation,Clinic Portal,clinic-portal/src/i18n/index.ts,updatesHelp,Arabic,Only updates affecting today's work.,تظهر هنا فقط التحديثات التي تؤثر على عمل اليوم.,تنێ نویکرنێن کو کارێ ئەڤرو کارتێدکەن ل ڤێرێ دیارن.,None,"Shown in shared portal/mobile navigation, dashboard, or common UI.",The Arabic value was composed from approved terminology/patterns; no exact product-owner-approved value exists for this locale and full source sentence.,APPROVED_APPLIED,The exact product-owner-approved locale value was applied and verified.
4,Shared/navigation,Clinic Portal,clinic-portal/src/i18n/index.ts,emptyBody,Arabic,"There are no appointments, queues, or arrivals for this shift.",لا توجد مواعيد أو قوائم انتظار أو حالات وصول خلال هذه الفترة.,د ڤی شێفتی دا چ ژڤان، سرا یان هاتن نینن.,None,"Shown in shared portal/mobile navigation, dashboard, or common UI.",The Arabic value was composed from approved terminology/patterns; no exact product-owner-approved value exists for this locale and full source sentence.,APPROVED_APPLIED,The exact product-owner-approved locale value was applied and verified.
5,Shared/navigation,Clinic Portal,clinic-portal/src/i18n/index.ts,unavailable,Arabic,Portal session unavailable,جلسة البوابة غير متاحة.,دانیشتنا پۆرتالێ بەردەست نینە,None,"Shown in shared portal/mobile navigation, dashboard, or common UI.",The Arabic value was composed from approved terminology/patterns; no exact product-owner-approved value exists for this locale and full source sentence.,APPROVED_APPLIED,The exact product-owner-approved locale value was applied and verified.
6,Shared/navigation,Clinic Portal,clinic-portal/src/i18n/index.ts,unavailableBody,Arabic,The receptionist demo session is disabled in this environment.,جلسة الاستقبال التجريبية معطّلة في هذه البيئة.,دانیشتنا تاقیکرنا پێشوازی د ڤی ژینگەهی دا نەچالاککرییە.,None,"Shown in shared portal/mobile navigation, dashboard, or common UI.",The Arabic value was composed from approved terminology/patterns; no exact product-owner-approved value exists for this locale and full source sentence.,APPROVED_APPLIED,The exact product-owner-approved locale value was applied and verified.
7,Shared/navigation,Clinic Portal,clinic-portal/src/i18n/index.ts,clinicDelayed,Badini,Some doctors are delayed,معلومات,هندەک نوژدار پاشکەفتینە,None,"Shown in shared portal/mobile navigation, dashboard, or common UI.",The Badini value was composed from approved terminology/patterns; no exact product-owner-approved value exists for this locale and full source sentence.,APPROVED_APPLIED,The exact product-owner-approved locale value was applied and verified.
8,Shared/navigation,Clinic Portal,clinic-portal/src/i18n/index.ts,shift,Badini,Morning shift · 8:00 AM–4:00 PM,معلومات,شێفتا سپێدێ · 8:00 AM–4:00 PM,None,"Shown in shared portal/mobile navigation, dashboard, or common UI.",The Badini value was composed from approved terminology/patterns; no exact product-owner-approved value exists for this locale and full source sentence.,APPROVED_APPLIED,The exact product-owner-approved locale value was applied and verified.
9,Shared/navigation,Clinic Portal,clinic-portal/src/i18n/index.ts,heading,Badini,Today at a glance,معلومات,پوختەیا ئەڤرو,None,"Shown in shared portal/mobile navigation, dashboard, or common UI.",The Badini value was composed from approved terminology/patterns; no exact product-owner-approved value exists for this locale and full source sentence.,APPROVED_APPLIED,The exact product-owner-approved locale value was applied and verified.
10,Shared/navigation,Clinic Portal,clinic-portal/src/i18n/index.ts,subheading,Badini,The information you need for the current shift.,معلومات,زانیاریێن کو بو شێفتا نوکە پێدڤی نە.,None,"Shown in shared portal/mobile navigation, dashboard, or common UI.",The Badini value was composed from approved terminology/patterns; no exact product-owner-approved value exists for this locale and full source sentence.,APPROVED_APPLIED,The exact product-owner-approved locale value was applied and verified.
11,Shared/navigation,Clinic Portal,clinic-portal/src/i18n/index.ts,queueHelp,Badini,Delayed and busiest queues appear first.,تظهر قوائم الانتظار المتأخرة والأكثر ازدحامًا أولًا.,سرایێن پاشکەفتی و یێن پتر مژویل ل سەری دیار دبن.,None,"Shown in shared portal/mobile navigation, dashboard, or common UI.",The Badini value was composed from approved terminology/patterns; no exact product-owner-approved value exists for this locale and full source sentence.,APPROVED_APPLIED,The exact product-owner-approved locale value was applied and verified.
12,Shared/navigation,Clinic Portal,clinic-portal/src/i18n/index.ts,delay,Badini,Delay,معلومات,پاشکەفتن,None,"Shown in shared portal/mobile navigation, dashboard, or common UI.",The Badini value was composed from approved terminology/patterns; no exact product-owner-approved value exists for this locale and full source sentence.,APPROVED_APPLIED,The exact product-owner-approved locale value was applied and verified.
13,Shared/navigation,Clinic Portal,clinic-portal/src/i18n/index.ts,arrivalHelp,Badini,The next expected patients.,المرضى المتوقع وصولهم تالياً.,نەخوشێن ل دویفرا یێن هاتنا وان چاڤەرێکری.,None,"Shown in shared portal/mobile navigation, dashboard, or common UI.",The Badini value was composed from approved terminology/patterns; no exact product-owner-approved value exists for this locale and full source sentence.,APPROVED_APPLIED,The exact product-owner-approved locale value was applied and verified.
14,Shared/navigation,Clinic Portal,clinic-portal/src/i18n/index.ts,confirm,Badini,Confirm arrival at reception,معلومات,هاتنێ ل پێشوازیێ پشتراست بکە,None,"Shown in shared portal/mobile navigation, dashboard, or common UI.",The Badini value was composed from approved terminology/patterns; no exact product-owner-approved value exists for this locale and full source sentence.,APPROVED_APPLIED,The exact product-owner-approved locale value was applied and verified.
15,Shared/navigation,Clinic Portal,clinic-portal/src/i18n/index.ts,welcome,Badini,Welcome patient at reception,معلومات,پێشوازیێ ل نەخوشی بکە,None,"Shown in shared portal/mobile navigation, dashboard, or common UI.",The Badini value was composed from approved terminology/patterns; no exact product-owner-approved value exists for this locale and full source sentence.,APPROVED_APPLIED,The exact product-owner-approved locale value was applied and verified.
16,Shared/navigation,Clinic Portal,clinic-portal/src/i18n/index.ts,queueLoad,Badini,Queue load,معلومات,بارێ سرایێ,None,"Shown in shared portal/mobile navigation, dashboard, or common UI.",The Badini value was composed from approved terminology/patterns; no exact product-owner-approved value exists for this locale and full source sentence.,APPROVED_APPLIED,The exact product-owner-approved locale value was applied and verified.
17,Shared/navigation,Clinic Portal,clinic-portal/src/i18n/index.ts,availability,Badini,Next availability,معلومات,بەردەستییا ل دویفرا,None,"Shown in shared portal/mobile navigation, dashboard, or common UI.",The Badini value was composed from approved terminology/patterns; no exact product-owner-approved value exists for this locale and full source sentence.,APPROVED_APPLIED,The exact product-owner-approved locale value was applied and verified.
18,Shared/navigation,Clinic Portal,clinic-portal/src/i18n/index.ts,count,Badini,{count} patients,معلومات,نەخوش {count},{count},"Shown in shared portal/mobile navigation, dashboard, or common UI.",The Badini value was composed from approved terminology/patterns; no exact product-owner-approved value exists for this locale and full source sentence.,APPROVED_APPLIED,The exact product-owner-approved locale value was applied and verified.
19,Shared/navigation,Clinic Portal,clinic-portal/src/i18n/index.ts,viewLiveQueue,Badini,View Live Queue,معلومات,رێزبەندییا زندی ببینە,None,"Shown in shared portal/mobile navigation, dashboard, or common UI.",The Badini value was composed from approved terminology/patterns; no exact product-owner-approved value exists for this locale and full source sentence.,APPROVED_APPLIED,The exact product-owner-approved locale value was applied and verified.
20,Shared/navigation,Clinic Portal,clinic-portal/src/i18n/index.ts,emptyBody,Badini,"There are no appointments, queues, or arrivals for this shift.",لا توجد مواعيد أو قوائم انتظار أو حالات وصول خلال هذه الفترة.,د ڤی شێفتی دا چ ژڤان، سرا یان هاتن نینن.,None,"Shown in shared portal/mobile navigation, dashboard, or common UI.",The Badini value was composed from approved terminology/patterns; no exact product-owner-approved value exists for this locale and full source sentence.,APPROVED_APPLIED,The exact product-owner-approved locale value was applied and verified.
21,Shared/navigation,Clinic Portal,clinic-portal/src/i18n/index.ts,unavailable,Badini,Portal session unavailable,جلسة البوابة غير متاحة.,دانیشتنا پۆرتالێ بەردەست نینە,None,"Shown in shared portal/mobile navigation, dashboard, or common UI.",The Badini value was composed from approved terminology/patterns; no exact product-owner-approved value exists for this locale and full source sentence.,APPROVED_APPLIED,The exact product-owner-approved locale value was applied and verified.
22,Shared/navigation,Clinic Portal,clinic-portal/src/i18n/index.ts,unavailableBody,Badini,The receptionist demo session is disabled in this environment.,جلسة الاستقبال التجريبية معطّلة في هذه البيئة.,دانیشتنا تاقیکرنا پێشوازی د ڤی ژینگەهی دا نەچالاککرییە.,None,"Shown in shared portal/mobile navigation, dashboard, or common UI.",The Badini value was composed from approved terminology/patterns; no exact product-owner-approved value exists for this locale and full source sentence.,APPROVED_APPLIED,The exact product-owner-approved locale value was applied and verified.
23,Shared/navigation,Clinic Portal,clinic-portal/src/i18n/index.ts,update1,Badini,Dr. Karwan is running 12 minutes late.,معلومات,زانیاری,None,"Shown in shared portal/mobile navigation, dashboard, or common UI.",The Badini value was composed from approved terminology/patterns; no exact product-owner-approved value exists for this locale and full source sentence.,DEMO_EXCLUDED,Fixed development-demo dashboard notice emitted only by MockDashboardRepository; production composition exposes no dashboard service. No translation approval applied.
24,Shared/navigation,Clinic Portal,clinic-portal/src/i18n/index.ts,update2,Badini,Dr. Shilan's queue is paused for a short break.,معلومات,زانیاری,None,"Shown in shared portal/mobile navigation, dashboard, or common UI.",The Badini value was composed from approved terminology/patterns; no exact product-owner-approved value exists for this locale and full source sentence.,DEMO_EXCLUDED,Fixed development-demo dashboard notice emitted only by MockDashboardRepository; production composition exposes no dashboard service. No translation approval applied.
25,Shared/navigation,Clinic Portal,clinic-portal/src/i18n/index.ts,update3,Badini,Two appointments need reception review at 2:00 PM.,معلومات,زانیاری,None,"Shown in shared portal/mobile navigation, dashboard, or common UI.",The Badini value was composed from approved terminology/patterns; no exact product-owner-approved value exists for this locale and full source sentence.,DEMO_EXCLUDED,Fixed development-demo dashboard notice emitted only by MockDashboardRepository; production composition exposes no dashboard service. No translation approval applied.
26,Profile/family,Clinic Portal,clinic-portal/src/i18n/index.ts,subtitle,Arabic,Find a patient and understand what happens next.,ابحث عن مريض واطلع على الخطوة التالية.,ل نەخوشەکێ بگەرە و بزانە ل دویفرا چ دبیت.,None,Shown in patient/profile/family context.,The Arabic value was composed from approved terminology/patterns; no exact product-owner-approved value exists for this locale and full source sentence.,APPROVED_APPLIED,The exact product-owner-approved locale value was applied and verified.
27,Profile/family,Clinic Portal,clinic-portal/src/i18n/index.ts,noPatientsBody,Arabic,There are no patients to show.,لا يوجد مرضى لعرضهم.,چ نەخوش بو نیشاندانێ نینن.,None,Shown in patient/profile/family context.,The Arabic value was composed from approved terminology/patterns; no exact product-owner-approved value exists for this locale and full source sentence.,APPROVED_APPLIED,The exact product-owner-approved locale value was applied and verified.
28,Profile/family,Clinic Portal,clinic-portal/src/i18n/index.ts,noResultsBody,Arabic,"Check the name, phone number, or patient ID and try again.",تحقق من الاسم أو رقم الهاتف أو رقم المريض وحاول مرة أخرى.,ناڤ، ژمارا موبایلێ یان ژمارا نەخوشی بپشکنە و دیسان هەول بدە,None,Shown in patient/profile/family context.,The Arabic value was composed from approved terminology/patterns; no exact product-owner-approved value exists for this locale and full source sentence.,APPROVED_APPLIED,The exact product-owner-approved locale value was applied and verified.
29,Profile/family,Clinic Portal,clinic-portal/src/i18n/index.ts,noArrivalsBody,Arabic,No patients are expected to arrive today.,لا يُتوقع وصول أي مرضى اليوم.,ئەڤرو چ نەخوش ناهێن,None,Shown in patient/profile/family context.,The Arabic value was composed from approved terminology/patterns; no exact product-owner-approved value exists for this locale and full source sentence.,APPROVED_APPLIED,The exact product-owner-approved locale value was applied and verified.
30,Profile/family,Clinic Portal,clinic-portal/src/i18n/index.ts,noRecentBody,Arabic,Patients you open will appear here.,سيظهر هنا المرضى الذين تفتح ملفاتهم.,نەخوشێن کو تو ڤەدکەی دێ ل ڤێرێ دیار بن.,None,Shown in patient/profile/family context.,The Arabic value was composed from approved terminology/patterns; no exact product-owner-approved value exists for this locale and full source sentence.,APPROVED_APPLIED,The exact product-owner-approved locale value was applied and verified.
31,Profile/family,Clinic Portal,clinic-portal/src/i18n/index.ts,notFoundBody,Arabic,This patient workspace is not available.,مساحة عمل هذا المريض غير متاحة.,جهێ کارێ ڤی نەخوشی بەردەست نینە.,None,Shown in patient/profile/family context.,The Arabic value was composed from approved terminology/patterns; no exact product-owner-approved value exists for this locale and full source sentence.,APPROVED_APPLIED,The exact product-owner-approved locale value was applied and verified.
32,Profile/family,Clinic Portal,clinic-portal/src/i18n/index.ts,searchHint,Badini,"Search by name, phone number, or patient ID",معلومات,ب ناڤ، ژمارا موبایلێ یان ژمارا نەخوشی لێ بگەرە,None,Shown in patient/profile/family context.,The Badini value was composed from approved terminology/patterns; no exact product-owner-approved value exists for this locale and full source sentence.,APPROVED_APPLIED,The exact product-owner-approved locale value was applied and verified.
33,Profile/family,Clinic Portal,clinic-portal/src/i18n/index.ts,recentlyViewed,Badini,Recently Viewed,شوهد مؤخراً,نویکترین دیتی,None,Shown in patient/profile/family context.,The Badini value was composed from approved terminology/patterns; no exact product-owner-approved value exists for this locale and full source sentence.,APPROVED_APPLIED,The exact product-owner-approved locale value was applied and verified.
34,Profile/family,Clinic Portal,clinic-portal/src/i18n/index.ts,lastAppointment,Badini,Last appointment,معلومات,دووماهیک ژڤان,None,Shown in patient/profile/family context.,The Badini value was composed from approved terminology/patterns; no exact product-owner-approved value exists for this locale and full source sentence.,APPROVED_APPLIED,The exact product-owner-approved locale value was applied and verified.
35,Profile/family,Clinic Portal,clinic-portal/src/i18n/index.ts,noPatientsBody,Badini,There are no patients to show.,لا يوجد مرضى لعرضهم.,چ نەخوش بو نیشاندانێ نینن.,None,Shown in patient/profile/family context.,The Badini value was composed from approved terminology/patterns; no exact product-owner-approved value exists for this locale and full source sentence.,APPROVED_APPLIED,The exact product-owner-approved locale value was applied and verified.
36,Profile/family,Clinic Portal,clinic-portal/src/i18n/index.ts,noArrivals,Badini,No arrivals today,معلومات,ئەڤرو چ هاتن نینن,None,Shown in patient/profile/family context.,The Badini value was composed from approved terminology/patterns; no exact product-owner-approved value exists for this locale and full source sentence.,APPROVED_APPLIED,The exact product-owner-approved locale value was applied and verified.
37,Profile/family,Clinic Portal,clinic-portal/src/i18n/index.ts,noRecentBody,Badini,Patients you open will appear here.,سيظهر هنا المرضى الذين تفتح ملفاتهم.,نەخوشێن کو تو ڤەدکەی دێ ل ڤێرێ دیار بن.,None,Shown in patient/profile/family context.,The Badini value was composed from approved terminology/patterns; no exact product-owner-approved value exists for this locale and full source sentence.,APPROVED_APPLIED,The exact product-owner-approved locale value was applied and verified.
38,Profile/family,Clinic Portal,clinic-portal/src/i18n/index.ts,recentNotifications,Badini,Recent Notifications,معلومات,ئاگەهداریێن نوی,None,Shown in patient/profile/family context.,The Badini value was composed from approved terminology/patterns; no exact product-owner-approved value exists for this locale and full source sentence.,APPROVED_APPLIED,The exact product-owner-approved locale value was applied and verified.
39,Profile/family,Clinic Portal,clinic-portal/src/i18n/index.ts,queueUpdate,Badini,Queue update,معلومات,نویکرنا سرایێ,None,Shown in patient/profile/family context.,The Badini value was composed from approved terminology/patterns; no exact product-owner-approved value exists for this locale and full source sentence.,APPROVED_APPLIED,The exact product-owner-approved locale value was applied and verified.
40,Profile/family,Clinic Portal,clinic-portal/src/i18n/index.ts,viewHistory,Badini,View History,معلومات,مێژووی ببینە,None,Shown in patient/profile/family context.,The Badini value was composed from approved terminology/patterns; no exact product-owner-approved value exists for this locale and full source sentence.,APPROVED_APPLIED,The exact product-owner-approved locale value was applied and verified.
41,Profile/family,Clinic Portal,clinic-portal/src/i18n/index.ts,backToPatients,Badini,Back to Patients,معلومات,ب ڤەگەرە بو نەخوشان,None,Shown in patient/profile/family context.,The Badini value was composed from approved terminology/patterns; no exact product-owner-approved value exists for this locale and full source sentence.,APPROVED_APPLIED,The exact product-owner-approved locale value was applied and verified.
42,Profile/family,Clinic Portal,clinic-portal/src/i18n/index.ts,notFound,Badini,Patient not found,معلومات,نەخوش نەهاتە دیتن,None,Shown in patient/profile/family context.,The Badini value was composed from approved terminology/patterns; no exact product-owner-approved value exists for this locale and full source sentence.,APPROVED_APPLIED,The exact product-owner-approved locale value was applied and verified.
43,Profile/family,Clinic Portal,clinic-portal/src/i18n/index.ts,family,Badini,Family,معلومات,خێزان,None,Shown in patient/profile/family context.,The Badini value was composed from approved terminology/patterns; no exact product-owner-approved value exists for this locale and full source sentence.,APPROVED_APPLIED,The exact product-owner-approved locale value was applied and verified.
44,Appointments,Clinic Portal,clinic-portal/src/i18n/index.ts,subtitle,Arabic,Understand today's schedule and what needs attention.,اطّلع على جدول اليوم وما يحتاج إلى انتباه.,خشتەیا ئەڤرو بزانە و تشتێن پێدڤی ب گرنگیدانێ بناسە.,None,"Shown in appointment lists, details, status, or appointment actions.",The Arabic value was composed from approved terminology/patterns; no exact product-owner-approved value exists for this locale and full source sentence.,APPROVED_APPLIED,The exact product-owner-approved locale value was applied and verified.
45,Appointments,Clinic Portal,clinic-portal/src/i18n/index.ts,searchLabel,Arabic,Search appointments,البحث في المواعيد,ل ژڤانان بگەرە,None,"Shown in appointment lists, details, status, or appointment actions.",The Arabic value was composed from approved terminology/patterns; no exact product-owner-approved value exists for this locale and full source sentence.,APPROVED_APPLIED,The exact product-owner-approved locale value was applied and verified.
46,Appointments,Clinic Portal,clinic-portal/src/i18n/index.ts,attentionHelp,Arabic,Resolve the most urgent schedule questions first.,عالج المسائل الأكثر إلحاحًا في الجدول أولًا.,پێش هەمیان کێشەێن گرنگ یێن خشتەیێ چارەسەر بکە.,None,"Shown in appointment lists, details, status, or appointment actions.",The Arabic value was composed from approved terminology/patterns; no exact product-owner-approved value exists for this locale and full source sentence.,APPROVED_APPLIED,The exact product-owner-approved locale value was applied and verified.
47,Appointments,Clinic Portal,clinic-portal/src/i18n/index.ts,upcomingHelp,Arabic,The next appointments in chronological order.,المواعيد التالية مرتبة حسب الوقت.,ژڤانێن ل دویفرا ب رێزا دەمی.,None,"Shown in appointment lists, details, status, or appointment actions.",The Arabic value was composed from approved terminology/patterns; no exact product-owner-approved value exists for this locale and full source sentence.,APPROVED_APPLIED,The exact product-owner-approved locale value was applied and verified.
48,Appointments,Clinic Portal,clinic-portal/src/i18n/index.ts,noAppointmentsBody,Arabic,There are no appointments scheduled for today.,لا توجد مواعيد مجدولة اليوم.,ئەڤرو چ ژڤان دیار نەکرینە.,None,"Shown in appointment lists, details, status, or appointment actions.",The Arabic value was composed from approved terminology/patterns; no exact product-owner-approved value exists for this locale and full source sentence.,APPROVED_APPLIED,The exact product-owner-approved locale value was applied and verified.
49,Appointments,Clinic Portal,clinic-portal/src/i18n/index.ts,noResultsBody,Arabic,"Check the patient, doctor, phone, or appointment ID.",تحقق من المريض أو الطبيب أو رقم الهاتف أو رقم الموعد.,نەخوش، نوژدار، ژمارا موبایلێ یان ژمارا ژڤانێ بپشکنە,None,"Shown in appointment lists, details, status, or appointment actions.",The Arabic value was composed from approved terminology/patterns; no exact product-owner-approved value exists for this locale and full source sentence.,APPROVED_APPLIED,The exact product-owner-approved locale value was applied and verified.
50,Appointments,Clinic Portal,clinic-portal/src/i18n/index.ts,noUpcomingBody,Arabic,There are no more upcoming appointments in this shift.,لا توجد مواعيد قادمة أخرى خلال هذه الفترة.,د ڤی شێفتی دا چ ژڤانێن داهاتی ماینە.,None,"Shown in appointment lists, details, status, or appointment actions.",The Arabic value was composed from approved terminology/patterns; no exact product-owner-approved value exists for this locale and full source sentence.,APPROVED_APPLIED,The exact product-owner-approved locale value was applied and verified.
51,Appointments,Clinic Portal,clinic-portal/src/i18n/index.ts,nothingAttentionBody,Arabic,Today's schedule has no unresolved issues.,لا توجد مشكلات غير محلولة في جدول اليوم.,خشتەیا ئەڤرو چ کێشەیا نەچارەسەرکری نینە.,None,"Shown in appointment lists, details, status, or appointment actions.",The Arabic value was composed from approved terminology/patterns; no exact product-owner-approved value exists for this locale and full source sentence.,APPROVED_APPLIED,The exact product-owner-approved locale value was applied and verified.
52,Appointments,Clinic Portal,clinic-portal/src/i18n/index.ts,subtitle,Badini,Understand today's schedule and what needs attention.,اطّلع على جدول اليوم وما يحتاج إلى انتباه.,خشتەیا ئەڤرو بزانە و تشتێن پێدڤی ب گرنگیدانێ بناسە.,None,"Shown in appointment lists, details, status, or appointment actions.",The Badini value was composed from approved terminology/patterns; no exact product-owner-approved value exists for this locale and full source sentence.,APPROVED_APPLIED,The exact product-owner-approved locale value was applied and verified.
53,Appointments,Clinic Portal,clinic-portal/src/i18n/index.ts,searchLabel,Badini,Search appointments,البحث في المواعيد,ل ژڤانان بگەرە,None,"Shown in appointment lists, details, status, or appointment actions.",The Badini value was composed from approved terminology/patterns; no exact product-owner-approved value exists for this locale and full source sentence.,APPROVED_APPLIED,The exact product-owner-approved locale value was applied and verified.
54,Appointments,Clinic Portal,clinic-portal/src/i18n/index.ts,searchHint,Badini,"Search by patient, doctor, phone, or appointment ID",معلومات,ب نەخوش، نوژدار، ژمارا موبایلێ یان ژمارا ژڤانێ لێ بگەرە,None,"Shown in appointment lists, details, status, or appointment actions.",The Badini value was composed from approved terminology/patterns; no exact product-owner-approved value exists for this locale and full source sentence.,APPROVED_APPLIED,The exact product-owner-approved locale value was applied and verified.
55,Appointments,Clinic Portal,clinic-portal/src/i18n/index.ts,todaySchedule,Badini,Today's Schedule,معلومات,خشتەیا ئەڤرو,None,"Shown in appointment lists, details, status, or appointment actions.",The Badini value was composed from approved terminology/patterns; no exact product-owner-approved value exists for this locale and full source sentence.,APPROVED_APPLIED,The exact product-owner-approved locale value was applied and verified.
56,Appointments,Clinic Portal,clinic-portal/src/i18n/index.ts,waitingArrivals,Badini,Waiting arrivals,معلومات,هاتنێن ل چاڤەرێ,None,"Shown in appointment lists, details, status, or appointment actions.",The Badini value was composed from approved terminology/patterns; no exact product-owner-approved value exists for this locale and full source sentence.,APPROVED_APPLIED,The exact product-owner-approved locale value was applied and verified.
57,Appointments,Clinic Portal,clinic-portal/src/i18n/index.ts,needsAttention,Badini,Needs Attention,معلومات,پێدڤی ب گرنگیدانێ,None,"Shown in appointment lists, details, status, or appointment actions.",The Badini value was composed from approved terminology/patterns; no exact product-owner-approved value exists for this locale and full source sentence.,APPROVED_APPLIED,The exact product-owner-approved locale value was applied and verified.
58,Appointments,Clinic Portal,clinic-portal/src/i18n/index.ts,attentionHelp,Badini,Resolve the most urgent schedule questions first.,عالج المسائل الأكثر إلحاحًا في الجدول أولًا.,پێش هەمیان کێشەێن گرنگ یێن خشتەیێ چارەسەر بکە.,None,"Shown in appointment lists, details, status, or appointment actions.",The Badini value was composed from approved terminology/patterns; no exact product-owner-approved value exists for this locale and full source sentence.,APPROVED_APPLIED,The exact product-owner-approved locale value was applied and verified.
59,Appointments,Clinic Portal,clinic-portal/src/i18n/index.ts,upcoming,Badini,Upcoming,معلومات,داهاتی,None,"Shown in appointment lists, details, status, or appointment actions.",The Badini value was composed from approved terminology/patterns; no exact product-owner-approved value exists for this locale and full source sentence.,APPROVED_APPLIED,The exact product-owner-approved locale value was applied and verified.
60,Appointments,Clinic Portal,clinic-portal/src/i18n/index.ts,upcomingHelp,Badini,The next appointments in chronological order.,المواعيد التالية مرتبة حسب الوقت.,ژڤانێن ل دویفرا ب رێزا دەمی.,None,"Shown in appointment lists, details, status, or appointment actions.",The Badini value was composed from approved terminology/patterns; no exact product-owner-approved value exists for this locale and full source sentence.,APPROVED_APPLIED,The exact product-owner-approved locale value was applied and verified.
61,Appointments,Clinic Portal,clinic-portal/src/i18n/index.ts,allToday,Badini,All Today's Appointments,معلومات,هەمی ژڤانێن ئەڤرو,None,"Shown in appointment lists, details, status, or appointment actions.",The Badini value was composed from approved terminology/patterns; no exact product-owner-approved value exists for this locale and full source sentence.,APPROVED_APPLIED,The exact product-owner-approved locale value was applied and verified.
62,Appointments,Clinic Portal,clinic-portal/src/i18n/index.ts,noAppointmentsBody,Badini,There are no appointments scheduled for today.,لا توجد مواعيد مجدولة اليوم.,ئەڤرو چ ژڤان دیار نەکرینە.,None,"Shown in appointment lists, details, status, or appointment actions.",The Badini value was composed from approved terminology/patterns; no exact product-owner-approved value exists for this locale and full source sentence.,APPROVED_APPLIED,The exact product-owner-approved locale value was applied and verified.
63,Appointments,Clinic Portal,clinic-portal/src/i18n/index.ts,noUpcomingBody,Badini,There are no more upcoming appointments in this shift.,لا توجد مواعيد قادمة أخرى خلال هذه الفترة.,د ڤی شێفتی دا چ ژڤانێن داهاتی ماینە.,None,"Shown in appointment lists, details, status, or appointment actions.",The Badini value was composed from approved terminology/patterns; no exact product-owner-approved value exists for this locale and full source sentence.,APPROVED_APPLIED,The exact product-owner-approved locale value was applied and verified.
64,Appointments,Clinic Portal,clinic-portal/src/i18n/index.ts,patientLate,Badini,Patient is late,معلومات,نەخوش پاشکەفتییە,None,"Shown in appointment lists, details, status, or appointment actions.",The Badini value was composed from approved terminology/patterns; no exact product-owner-approved value exists for this locale and full source sentence.,APPROVED_APPLIED,The exact product-owner-approved locale value was applied and verified.
65,Appointments,Clinic Portal,clinic-portal/src/i18n/index.ts,conflict,Badini,Appointment conflict,معلومات,ناکۆکییا ژڤانێ,None,"Shown in appointment lists, details, status, or appointment actions.",The Badini value was composed from approved terminology/patterns; no exact product-owner-approved value exists for this locale and full source sentence.,APPROVED_APPLIED,The exact product-owner-approved locale value was applied and verified.
66,Appointments,Clinic Portal,clinic-portal/src/i18n/index.ts,duplicate,Badini,Possible duplicate booking,معلومات,دبیت گرتنا ژڤانی دووبارە بیت,None,"Shown in appointment lists, details, status, or appointment actions.",The Badini value was composed from approved terminology/patterns; no exact product-owner-approved value exists for this locale and full source sentence.,APPROVED_APPLIED,The exact product-owner-approved locale value was applied and verified.
67,Appointments,Clinic Portal,clinic-portal/src/i18n/index.ts,missingPhone,Badini,Missing phone number,معلومات,ژمارا موبایلێ نینە,None,"Shown in appointment lists, details, status, or appointment actions.",The Badini value was composed from approved terminology/patterns; no exact product-owner-approved value exists for this locale and full source sentence.,APPROVED_APPLIED,The exact product-owner-approved locale value was applied and verified.
68,Appointments,Clinic Portal,clinic-portal/src/i18n/index.ts,notArrived,Badini,Patient has not arrived,معلومات,نەخوش نەگەهشتییە,None,"Shown in appointment lists, details, status, or appointment actions.",The Badini value was composed from approved terminology/patterns; no exact product-owner-approved value exists for this locale and full source sentence.,APPROVED_APPLIED,The exact product-owner-approved locale value was applied and verified.
69,Appointments,Clinic Portal,clinic-portal/src/i18n/index.ts,appointmentWorkspace,Badini,Appointment Workspace,معلومات,جهێ کارێ ژڤانێ,None,"Shown in appointment lists, details, status, or appointment actions.",The Badini value was composed from approved terminology/patterns; no exact product-owner-approved value exists for this locale and full source sentence.,APPROVED_APPLIED,The exact product-owner-approved locale value was applied and verified.
70,Appointments,Clinic Portal,clinic-portal/src/i18n/index.ts,summary,Badini,Appointment Summary,معلومات,پوختەیا ژڤانێ,None,"Shown in appointment lists, details, status, or appointment actions.",The Badini value was composed from approved terminology/patterns; no exact product-owner-approved value exists for this locale and full source sentence.,APPROVED_APPLIED,The exact product-owner-approved locale value was applied and verified.
71,Appointments,Clinic Portal,clinic-portal/src/i18n/index.ts,workingSession,Badini,Working session,معلومات,دانیشتنا کاری,None,"Shown in appointment lists, details, status, or appointment actions.",The Badini value was composed from approved terminology/patterns; no exact product-owner-approved value exists for this locale and full source sentence.,APPROVED_APPLIED,The exact product-owner-approved locale value was applied and verified.
72,Appointments,Clinic Portal,clinic-portal/src/i18n/index.ts,timeline,Badini,Timeline,معلومات,خشتەیا دەمی,None,"Shown in appointment lists, details, status, or appointment actions.",The Badini value was composed from approved terminology/patterns; no exact product-owner-approved value exists for this locale and full source sentence.,APPROVED_APPLIED,The exact product-owner-approved locale value was applied and verified.
73,Appointments,Clinic Portal,clinic-portal/src/i18n/index.ts,queueInformation,Badini,Queue Information,معلومات,زانیاریێن سرایێ,None,"Shown in appointment lists, details, status, or appointment actions.",The Badini value was composed from approved terminology/patterns; no exact product-owner-approved value exists for this locale and full source sentence.,APPROVED_APPLIED,The exact product-owner-approved locale value was applied and verified.
74,Appointments,Clinic Portal,clinic-portal/src/i18n/index.ts,queueHealth,Badini,Queue health,معلومات,رەوشا سرایێ,None,"Shown in appointment lists, details, status, or appointment actions.",The Badini value was composed from approved terminology/patterns; no exact product-owner-approved value exists for this locale and full source sentence.,APPROVED_APPLIED,The exact product-owner-approved locale value was applied and verified.
75,Appointments,Clinic Portal,clinic-portal/src/i18n/index.ts,notes,Badini,Notes,معلومات,تێبینی,None,"Shown in appointment lists, details, status, or appointment actions.",The Badini value was composed from approved terminology/patterns; no exact product-owner-approved value exists for this locale and full source sentence.,APPROVED_APPLIED,The exact product-owner-approved locale value was applied and verified.
76,Appointments,Clinic Portal,clinic-portal/src/i18n/index.ts,notesPlaceholder,Badini,Notes will be available in a future Sprint.,معلومات,تێبینی د وەشانەکا داهاتی دا بەردەست دبن.,None,"Shown in appointment lists, details, status, or appointment actions.",The Badini value was composed from approved terminology/patterns; no exact product-owner-approved value exists for this locale and full source sentence.,APPROVED_APPLIED,The exact product-owner-approved locale value was applied and verified.
77,Appointments,Clinic Portal,clinic-portal/src/i18n/index.ts,viewDoctor,Badini,View Doctor,معلومات,نوژداری ببینە,None,"Shown in appointment lists, details, status, or appointment actions.",The Badini value was composed from approved terminology/patterns; no exact product-owner-approved value exists for this locale and full source sentence.,APPROVED_APPLIED,The exact product-owner-approved locale value was applied and verified.
78,Appointments,Clinic Portal,clinic-portal/src/i18n/index.ts,backToAppointments,Badini,Back to Appointments,معلومات,ب ڤەگەرە بو ژڤانان,None,"Shown in appointment lists, details, status, or appointment actions.",The Badini value was composed from approved terminology/patterns; no exact product-owner-approved value exists for this locale and full source sentence.,APPROVED_APPLIED,The exact product-owner-approved locale value was applied and verified.
79,Appointments,Clinic Portal,clinic-portal/src/i18n/index.ts,reminderSent,Badini,Reminder sent,معلومات,بیرئینان هاتە فرێکرن,None,"Shown in appointment lists, details, status, or appointment actions.",The Badini value was composed from approved terminology/patterns; no exact product-owner-approved value exists for this locale and full source sentence.,APPROVED_APPLIED,The exact product-owner-approved locale value was applied and verified.
80,Appointments,Clinic Portal,clinic-portal/src/i18n/index.ts,patientExpected,Badini,Patient expected,معلومات,چاڤەرێیا نەخوشی دهێتە کرن,None,"Shown in appointment lists, details, status, or appointment actions.",The Badini value was composed from approved terminology/patterns; no exact product-owner-approved value exists for this locale and full source sentence.,APPROVED_APPLIED,The exact product-owner-approved locale value was applied and verified.
81,Appointments,Clinic Portal,clinic-portal/src/i18n/index.ts,doctorStarted,Badini,Doctor started,معلومات,نوژدار دەستپێکر,None,"Shown in appointment lists, details, status, or appointment actions.",The Badini value was composed from approved terminology/patterns; no exact product-owner-approved value exists for this locale and full source sentence.,APPROVED_APPLIED,The exact product-owner-approved locale value was applied and verified.
82,Appointments,Clinic Portal,clinic-portal/src/i18n/index.ts,pending,Badini,Pending,معلومات,ل چاڤەرێیە,None,"Shown in appointment lists, details, status, or appointment actions.",The Badini value was composed from approved terminology/patterns; no exact product-owner-approved value exists for this locale and full source sentence.,APPROVED_APPLIED,The exact product-owner-approved locale value was applied and verified.
83,Appointments,Clinic Portal,clinic-portal/src/i18n/index.ts,late,Badini,Late,معلومات,پاشکەفتی,None,"Shown in appointment lists, details, status, or appointment actions.",The Badini value was composed from approved terminology/patterns; no exact product-owner-approved value exists for this locale and full source sentence.,APPROVED_APPLIED,The exact product-owner-approved locale value was applied and verified.
84,Arrival,Clinic Portal,clinic-portal/src/i18n/index.ts,title,Arabic,Record Patient Arrival,تسجيل وصول المريض,هاتنا نەخوشی تومار بکە,None,Shown while reviewing or recording patient arrival.,The Arabic value was composed from approved terminology/patterns; no exact product-owner-approved value exists for this locale and full source sentence.,APPROVED_APPLIED,The exact product-owner-approved locale value was applied and verified.
85,Arrival,Clinic Portal,clinic-portal/src/i18n/index.ts,subtitle,Arabic,Confirm the patient and appointment before recording arrival.,تأكد من المريض والموعد قبل تسجيل الوصول.,بەری تومارکرنا هاتنێ، نەخوش و ژڤانێ پشتراست بکە.,None,Shown while reviewing or recording patient arrival.,The Arabic value was composed from approved terminology/patterns; no exact product-owner-approved value exists for this locale and full source sentence.,APPROVED_APPLIED,The exact product-owner-approved locale value was applied and verified.
86,Arrival,Clinic Portal,clinic-portal/src/i18n/index.ts,failure,Arabic,Arrival could not be recorded.,تعذر تسجيل الوصول.,هاتن نەشیا بهێتە تومارکرن.,None,Shown while reviewing or recording patient arrival.,The Arabic value was composed from approved terminology/patterns; no exact product-owner-approved value exists for this locale and full source sentence.,APPROVED_APPLIED,The exact product-owner-approved locale value was applied and verified.
87,Arrival,Clinic Portal,clinic-portal/src/i18n/index.ts,title,Badini,Record Patient Arrival,تسجيل وصول المريض,هاتنا نەخوشی تومار بکە,None,Shown while reviewing or recording patient arrival.,The Badini value was composed from approved terminology/patterns; no exact product-owner-approved value exists for this locale and full source sentence.,APPROVED_APPLIED,The exact product-owner-approved locale value was applied and verified.
88,Arrival,Clinic Portal,clinic-portal/src/i18n/index.ts,subtitle,Badini,Confirm the patient and appointment before recording arrival.,تأكد من المريض والموعد قبل تسجيل الوصول.,بەری تومارکرنا هاتنێ، نەخوش و ژڤانێ پشتراست بکە.,None,Shown while reviewing or recording patient arrival.,The Badini value was composed from approved terminology/patterns; no exact product-owner-approved value exists for this locale and full source sentence.,APPROVED_APPLIED,The exact product-owner-approved locale value was applied and verified.
89,Arrival,Clinic Portal,clinic-portal/src/i18n/index.ts,success,Badini,Patient has arrived,معلومات,نەخوش گەهشت,None,Shown while reviewing or recording patient arrival.,The Badini value was composed from approved terminology/patterns; no exact product-owner-approved value exists for this locale and full source sentence.,APPROVED_APPLIED,The exact product-owner-approved locale value was applied and verified.
90,Arrival,Clinic Portal,clinic-portal/src/i18n/index.ts,prepareQueue,Badini,Prepare for Live Queue,معلومات,بو رێزبەندییا زندی ئامادە بە,None,Shown while reviewing or recording patient arrival.,The Badini value was composed from approved terminology/patterns; no exact product-owner-approved value exists for this locale and full source sentence.,APPROVED_APPLIED,The exact product-owner-approved locale value was applied and verified.
91,Arrival,Clinic Portal,clinic-portal/src/i18n/index.ts,alreadyArrived,Badini,Arrival was already recorded,معلومات,هاتن ژبەری هاتە تومارکرن,None,Shown while reviewing or recording patient arrival.,The Badini value was composed from approved terminology/patterns; no exact product-owner-approved value exists for this locale and full source sentence.,APPROVED_APPLIED,The exact product-owner-approved locale value was applied and verified.
92,Arrival,Clinic Portal,clinic-portal/src/i18n/index.ts,notEligible,Badini,This appointment is not eligible for arrival.,معلومات,ئەڤ ژڤانە بو تومارکرنا هاتنێ گونجای نینە.,None,Shown while reviewing or recording patient arrival.,The Badini value was composed from approved terminology/patterns; no exact product-owner-approved value exists for this locale and full source sentence.,APPROVED_APPLIED,The exact product-owner-approved locale value was applied and verified.
93,Arrival,Clinic Portal,clinic-portal/src/i18n/index.ts,notFound,Badini,The appointment could not be found.,معلومات,ژڤان نەهاتە دیتن.,None,Shown while reviewing or recording patient arrival.,The Badini value was composed from approved terminology/patterns; no exact product-owner-approved value exists for this locale and full source sentence.,APPROVED_APPLIED,The exact product-owner-approved locale value was applied and verified.
94,Arrival,Clinic Portal,clinic-portal/src/i18n/index.ts,wrongPatient,Badini,The patient does not match this appointment.,معلومات,نەخوش ل گەل ڤی ژڤانی ناگونجیت.,None,Shown while reviewing or recording patient arrival.,The Badini value was composed from approved terminology/patterns; no exact product-owner-approved value exists for this locale and full source sentence.,APPROVED_APPLIED,The exact product-owner-approved locale value was applied and verified.
95,Arrival,Clinic Portal,clinic-portal/src/i18n/index.ts,stale,Badini,The appointment changed before arrival was recorded.,معلومات,بەری تومارکرنا هاتنێ ژڤان هاتە گهورین.,None,Shown while reviewing or recording patient arrival.,The Badini value was composed from approved terminology/patterns; no exact product-owner-approved value exists for this locale and full source sentence.,APPROVED_APPLIED,The exact product-owner-approved locale value was applied and verified.
96,Arrival,Clinic Portal,clinic-portal/src/i18n/index.ts,failure,Badini,Arrival could not be recorded.,تعذر تسجيل الوصول.,هاتن نەشیا بهێتە تومارکرن.,None,Shown while reviewing or recording patient arrival.,The Badini value was composed from approved terminology/patterns; no exact product-owner-approved value exists for this locale and full source sentence.,APPROVED_APPLIED,The exact product-owner-approved locale value was applied and verified.
97,Arrival,Clinic Portal,clinic-portal/src/i18n/index.ts,recording,Badini,Recording arrival,معلومات,هاتن دهێتە تومارکرن,None,Shown while reviewing or recording patient arrival.,The Badini value was composed from approved terminology/patterns; no exact product-owner-approved value exists for this locale and full source sentence.,APPROVED_APPLIED,The exact product-owner-approved locale value was applied and verified.
98,Appointments,Clinic Portal,clinic-portal/src/features/clinical-presentation/messages.ts,scheduled,Badini,Scheduled,معلومات,دیارکری,None,"Shown in appointment lists, details, status, or appointment actions.",The Badini value was composed from approved terminology/patterns; no exact product-owner-approved value exists for this locale and full source sentence.,APPROVED_APPLIED,The exact product-owner-approved locale value was applied and verified.
99,Live Queue,Clinic Portal,clinic-portal/src/features/live-queue/presentation/messages.ts,subtitle,Arabic,"See who is being seen, who is next, and the action required now.",اطّلع على المريض قيد المعاينة، والمريض التالي، والإجراء المطلوب الآن.,ببینە کێ د پشکنینێ دایە، کێ ل دویفرا یە، و نوکە چ کار پێدڤییە.,None,"Shown in live-queue status, controls, guidance, or feedback.",The Arabic value was composed from approved terminology/patterns; no exact product-owner-approved value exists for this locale and full source sentence.,APPROVED_APPLIED,The exact product-owner-approved locale value was applied and verified.
100,Live Queue,Clinic Portal,clinic-portal/src/features/live-queue/presentation/messages.ts,healthyHelp,Arabic,The queue is moving at a comfortable pace.,تسير قائمة الانتظار حاليًا بوتيرة جيدة.,سرا ب خێراییەکا باش دچیت.,None,"Shown in live-queue status, controls, guidance, or feedback.",The Arabic value was composed from approved terminology/patterns; no exact product-owner-approved value exists for this locale and full source sentence.,APPROVED_APPLIED,The exact product-owner-approved locale value was applied and verified.
101,Live Queue,Clinic Portal,clinic-portal/src/features/live-queue/presentation/messages.ts,busyHelp,Arabic,More patients are waiting than usual. Keep the queue moving.,هناك مرضى أكثر من المعتاد في الانتظار. حافظ على سير قائمة الانتظار.,ژ ئاسایی پتر نەخوش ل چاڤەرێ نە. سرایێ بەردەوام ببە پێش.,None,"Shown in live-queue status, controls, guidance, or feedback.",The Arabic value was composed from approved terminology/patterns; no exact product-owner-approved value exists for this locale and full source sentence.,APPROVED_APPLIED,The exact product-owner-approved locale value was applied and verified.
102,Live Queue,Clinic Portal,clinic-portal/src/features/live-queue/presentation/messages.ts,delayedHelp,Arabic,Patients are waiting longer than expected.,ينتظر المرضى مدة أطول من المتوقع.,نەخوش پتر ژ دەمێ پێشبینی کری چاڤەرێ نە.,None,"Shown in live-queue status, controls, guidance, or feedback.",The Arabic value was composed from approved terminology/patterns; no exact product-owner-approved value exists for this locale and full source sentence.,APPROVED_APPLIED,The exact product-owner-approved locale value was applied and verified.
103,Live Queue,Clinic Portal,clinic-portal/src/features/live-queue/presentation/messages.ts,operationalActions,Arabic,Operational Actions,الإجراءات التشغيلية,کارێن بەڕێڤەبرنێ,None,"Shown in live-queue status, controls, guidance, or feedback.",The Arabic value was composed from approved terminology/patterns; no exact product-owner-approved value exists for this locale and full source sentence.,APPROVED_APPLIED,The exact product-owner-approved locale value was applied and verified.
104,Live Queue,Clinic Portal,clinic-portal/src/features/live-queue/presentation/messages.ts,title,Badini,Queue Operations,إدارة قائمة الانتظار,کارێن سرایێ,None,"Shown in live-queue status, controls, guidance, or feedback.",The Badini value was composed from approved terminology/patterns; no exact product-owner-approved value exists for this locale and full source sentence.,APPROVED_APPLIED,The exact product-owner-approved locale value was applied and verified.
105,Live Queue,Clinic Portal,clinic-portal/src/features/live-queue/presentation/messages.ts,subtitle,Badini,"See who is being seen, who is next, and the action required now.",اطّلع على المريض قيد المعاينة، والمريض التالي، والإجراء المطلوب الآن.,ببینە کێ د پشکنینێ دایە، کێ ل دویفرا یە، و نوکە چ کار پێدڤییە.,None,"Shown in live-queue status, controls, guidance, or feedback.",The Badini value was composed from approved terminology/patterns; no exact product-owner-approved value exists for this locale and full source sentence.,APPROVED_APPLIED,The exact product-owner-approved locale value was applied and verified.
106,Live Queue,Clinic Portal,clinic-portal/src/features/live-queue/presentation/messages.ts,clinicQueueStatus,Badini,Clinic Queue Status,حالة قائمة انتظار العيادة,رەوشا سرایا کلینیکێ,None,"Shown in live-queue status, controls, guidance, or feedback.",The Badini value was composed from approved terminology/patterns; no exact product-owner-approved value exists for this locale and full source sentence.,APPROVED_APPLIED,The exact product-owner-approved locale value was applied and verified.
107,Live Queue,Clinic Portal,clinic-portal/src/features/live-queue/presentation/messages.ts,queue,Badini,Queue,معلومات,سرا,None,"Shown in live-queue status, controls, guidance, or feedback.",The Badini value was composed from approved terminology/patterns; no exact product-owner-approved value exists for this locale and full source sentence.,APPROVED_APPLIED,The exact product-owner-approved locale value was applied and verified.
108,Live Queue,Clinic Portal,clinic-portal/src/features/live-queue/presentation/messages.ts,queueHealth,Badini,Queue Health,معلومات,رەوشا سرایێ,None,"Shown in live-queue status, controls, guidance, or feedback.",The Badini value was composed from approved terminology/patterns; no exact product-owner-approved value exists for this locale and full source sentence.,APPROVED_APPLIED,The exact product-owner-approved locale value was applied and verified.
109,Live Queue,Clinic Portal,clinic-portal/src/features/live-queue/presentation/messages.ts,number,Badini,Number,معلومات,ژمارە,None,"Shown in live-queue status, controls, guidance, or feedback.",The Badini value was composed from approved terminology/patterns; no exact product-owner-approved value exists for this locale and full source sentence.,APPROVED_APPLIED,The exact product-owner-approved locale value was applied and verified.
110,Live Queue,Clinic Portal,clinic-portal/src/features/live-queue/presentation/messages.ts,elapsed,Badini,Elapsed consultation time,معلومات,دەمێ بوری یێ پشکنینێ,None,"Shown in live-queue status, controls, guidance, or feedback.",The Badini value was composed from approved terminology/patterns; no exact product-owner-approved value exists for this locale and full source sentence.,APPROVED_APPLIED,The exact product-owner-approved locale value was applied and verified.
111,Live Queue,Clinic Portal,clinic-portal/src/features/live-queue/presentation/messages.ts,recallPatient,Badini,Recall Patient,معلومات,نەخوشی دیسان بانگ بکە,None,"Shown in live-queue status, controls, guidance, or feedback.",The Badini value was composed from approved terminology/patterns; no exact product-owner-approved value exists for this locale and full source sentence.,APPROVED_APPLIED,The exact product-owner-approved locale value was applied and verified.
112,Live Queue,Clinic Portal,clinic-portal/src/features/live-queue/presentation/messages.ts,waitingList,Badini,Waiting List,قائمة الانتظار,سرایا چاڤەرێ,None,"Shown in live-queue status, controls, guidance, or feedback.",The Badini value was composed from approved terminology/patterns; no exact product-owner-approved value exists for this locale and full source sentence.,APPROVED_APPLIED,The exact product-owner-approved locale value was applied and verified.
113,Live Queue,Clinic Portal,clinic-portal/src/features/live-queue/presentation/messages.ts,queueNumber,Badini,Queue #,معلومات,ژمارا سرایێ,None,"Shown in live-queue status, controls, guidance, or feedback.",The Badini value was composed from approved terminology/patterns; no exact product-owner-approved value exists for this locale and full source sentence.,APPROVED_APPLIED,The exact product-owner-approved locale value was applied and verified.
114,Live Queue,Clinic Portal,clinic-portal/src/features/live-queue/presentation/messages.ts,recentActivity,Badini,Recent Activity,النشاط الأخير,چالاکییا نوی,None,"Shown in live-queue status, controls, guidance, or feedback.",The Badini value was composed from approved terminology/patterns; no exact product-owner-approved value exists for this locale and full source sentence.,APPROVED_APPLIED,The exact product-owner-approved locale value was applied and verified.
115,Live Queue,Clinic Portal,clinic-portal/src/features/live-queue/presentation/messages.ts,operationalActions,Badini,Operational Actions,الإجراءات التشغيلية,کارێن بەڕێڤەبرنێ,None,"Shown in live-queue status, controls, guidance, or feedback.",The Badini value was composed from approved terminology/patterns; no exact product-owner-approved value exists for this locale and full source sentence.,APPROVED_APPLIED,The exact product-owner-approved locale value was applied and verified.
116,Live Queue,Clinic Portal,clinic-portal/src/features/live-queue/presentation/messages.ts,pauseQueue,Badini,Pause Queue,إيقاف القائمة مؤقتاً,سرایێ بو دەمکی رابگرە,None,"Shown in live-queue status, controls, guidance, or feedback.",The Badini value was composed from approved terminology/patterns; no exact product-owner-approved value exists for this locale and full source sentence.,APPROVED_APPLIED,The exact product-owner-approved locale value was applied and verified.
117,Live Queue,Clinic Portal,clinic-portal/src/features/live-queue/presentation/messages.ts,resumeQueue,Badini,Resume Queue,استئناف القائمة,سرایێ دیسان بەردەوام بکە,None,"Shown in live-queue status, controls, guidance, or feedback.",The Badini value was composed from approved terminology/patterns; no exact product-owner-approved value exists for this locale and full source sentence.,APPROVED_APPLIED,The exact product-owner-approved locale value was applied and verified.
118,Live Queue,Clinic Portal,clinic-portal/src/features/live-queue/presentation/messages.ts,confirmComplete,Badini,Complete this consultation? The patient will leave the active queue.,معلومات,تو دخوازی ڤێ پشکنینێ تەمام بکەی؟ نەخوش دێ ژ سرایا چالاک دەرکەڤیت.,None,"Shown in live-queue status, controls, guidance, or feedback.",The Badini value was composed from approved terminology/patterns; no exact product-owner-approved value exists for this locale and full source sentence.,APPROVED_APPLIED,The exact product-owner-approved locale value was applied and verified.
119,Live Queue,Clinic Portal,clinic-portal/src/features/live-queue/presentation/messages.ts,queueOpened,Badini,Queue opened,معلومات,سرا هاتە ڤەکرن,None,"Shown in live-queue status, controls, guidance, or feedback.",The Badini value was composed from approved terminology/patterns; no exact product-owner-approved value exists for this locale and full source sentence.,APPROVED_APPLIED,The exact product-owner-approved locale value was applied and verified.
120,Live Queue,Clinic Portal,clinic-portal/src/features/live-queue/presentation/messages.ts,queueResumed,Badini,Queue resumed,معلومات,سرا دیسان بەردەوام بوو,None,"Shown in live-queue status, controls, guidance, or feedback.",The Badini value was composed from approved terminology/patterns; no exact product-owner-approved value exists for this locale and full source sentence.,APPROVED_APPLIED,The exact product-owner-approved locale value was applied and verified.
121,Live Queue,Clinic Portal,clinic-portal/src/features/live-queue/presentation/messages.ts,patientRecalled,Badini,Patient recalled,معلومات,نەخوش دیسان هاتە بانگکرن,None,"Shown in live-queue status, controls, guidance, or feedback.",The Badini value was composed from approved terminology/patterns; no exact product-owner-approved value exists for this locale and full source sentence.,APPROVED_APPLIED,The exact product-owner-approved locale value was applied and verified.
122,Live Queue,Clinic Portal,clinic-portal/src/features/live-queue/presentation/messages.ts,noResponse,Badini,No response recorded,معلومات,بێ بەرسڤ هاتە تومارکرن,None,"Shown in live-queue status, controls, guidance, or feedback.",The Badini value was composed from approved terminology/patterns; no exact product-owner-approved value exists for this locale and full source sentence.,APPROVED_APPLIED,The exact product-owner-approved locale value was applied and verified.
123,Live Queue,Clinic Portal,clinic-portal/src/features/live-queue/presentation/messages.ts,success,Badini,{change}. Current patient: {current}. Next patient: {next}. Queue health: {health}.,معلومات,{change}. نەخوشێ نوکە: {current}. نەخوشێ ل دویفرا: {next}. رەوشا سرایێ: {health}.,"{change}, {current}, {next}, {health}","Shown in live-queue status, controls, guidance, or feedback.",The Badini value was composed from approved terminology/patterns; no exact product-owner-approved value exists for this locale and full source sentence.,APPROVED_APPLIED,The exact product-owner-approved locale value was applied and verified.
124,Live Queue,Clinic Portal,clinic-portal/src/features/live-queue/presentation/messages.ts,queueIsPaused,Badini,Resume the queue before continuing.,معلومات,بەری بەردەوامبوونێ سرایێ دیسان بەردەوام بکە.,None,"Shown in live-queue status, controls, guidance, or feedback.",The Badini value was composed from approved terminology/patterns; no exact product-owner-approved value exists for this locale and full source sentence.,APPROVED_APPLIED,The exact product-owner-approved locale value was applied and verified.
125,Doctor Settings,Clinic Portal,clinic-portal/src/features/doctor-settings/presentation/messages.ts,unavailable,Arabic,Settings unavailable,الإعدادات غير متاحة.,رێکخستن بەردەست نینن,None,Shown in doctor settings and preferences.,The Arabic value was composed from approved terminology/patterns; no exact product-owner-approved value exists for this locale and full source sentence.,APPROVED_APPLIED,The exact product-owner-approved locale value was applied and verified.
126,Doctor Settings,Clinic Portal,clinic-portal/src/features/doctor-settings/presentation/messages.ts,unavailableBody,Arabic,Doctor settings cannot be loaded. No profile or preference state was changed.,تعذر تحميل إعدادات الطبيب. لم يتم تغيير الملف أو أي تفضيلات.,بارکرنا رێکخستنێن نوژداری سەرنەکەفت. پروفایل و چ هەلبژارتنەک نەهاتە گهورین.,None,Shown in doctor settings and preferences.,The Arabic value was composed from approved terminology/patterns; no exact product-owner-approved value exists for this locale and full source sentence.,APPROVED_APPLIED,The exact product-owner-approved locale value was applied and verified.
127,Doctor Settings,Clinic Portal,clinic-portal/src/features/doctor-settings/presentation/messages.ts,subtitle,Badini,"Your identity, clinic assignment, session, and future preferences.",هويتك وتكليف العيادة والجلسة والتفضيلات المستقبلية.,ناسناما تە، دیارکرنا کلینیکێ، دانیشتن و هەلبژارتنێن داهاتی یێن تە.,None,Shown in doctor settings and preferences.,The Badini value was composed from approved terminology/patterns; no exact product-owner-approved value exists for this locale and full source sentence.,APPROVED_APPLIED,The exact product-owner-approved locale value was applied and verified.
128,Doctor Settings,Clinic Portal,clinic-portal/src/features/doctor-settings/presentation/messages.ts,workingLocation,Badini,Working location,موقع العمل,جهێ کاری,None,Shown in doctor settings and preferences.,The Badini value was composed from approved terminology/patterns; no exact product-owner-approved value exists for this locale and full source sentence.,APPROVED_APPLIED,The exact product-owner-approved locale value was applied and verified.
129,Doctor Settings,Clinic Portal,clinic-portal/src/features/doctor-settings/presentation/messages.ts,todaySession,Badini,Today's Session,جلسة اليوم,دانیشتنا ئەڤرو,None,Shown in doctor settings and preferences.,The Badini value was composed from approved terminology/patterns; no exact product-owner-approved value exists for this locale and full source sentence.,APPROVED_APPLIED,The exact product-owner-approved locale value was applied and verified.
130,Doctor Settings,Clinic Portal,clinic-portal/src/features/doctor-settings/presentation/messages.ts,sessionState,Badini,Session state,حالة الجلسة,رەوشا دانیشتنێ,None,Shown in doctor settings and preferences.,The Badini value was composed from approved terminology/patterns; no exact product-owner-approved value exists for this locale and full source sentence.,APPROVED_APPLIED,The exact product-owner-approved locale value was applied and verified.
131,Doctor Settings,Clinic Portal,clinic-portal/src/features/doctor-settings/presentation/messages.ts,startedAt,Badini,Started at,بدأت في,دەستپێکر ل,None,Shown in doctor settings and preferences.,The Badini value was composed from approved terminology/patterns; no exact product-owner-approved value exists for this locale and full source sentence.,APPROVED_APPLIED,The exact product-owner-approved locale value was applied and verified.
132,Doctor Settings,Clinic Portal,clinic-portal/src/features/doctor-settings/presentation/messages.ts,patientsCompleted,Badini,Patients completed,المرضى المكتملون,نەخوشێن تەمامبووی,None,Shown in doctor settings and preferences.,The Badini value was composed from approved terminology/patterns; no exact product-owner-approved value exists for this locale and full source sentence.,APPROVED_APPLIED,The exact product-owner-approved locale value was applied and verified.
133,Doctor Settings,Clinic Portal,clinic-portal/src/features/doctor-settings/presentation/messages.ts,patientsRemaining,Badini,Patients remaining,المرضى المتبقون,نەخوشێن مایی,None,Shown in doctor settings and preferences.,The Badini value was composed from approved terminology/patterns; no exact product-owner-approved value exists for this locale and full source sentence.,APPROVED_APPLIED,The exact product-owner-approved locale value was applied and verified.
134,Doctor Settings,Clinic Portal,clinic-portal/src/features/doctor-settings/presentation/messages.ts,queueHealth,Badini,Queue health,حالة قائمة الانتظار,رەوشا سرایێ,None,Shown in doctor settings and preferences.,The Badini value was composed from approved terminology/patterns; no exact product-owner-approved value exists for this locale and full source sentence.,APPROVED_APPLIED,The exact product-owner-approved locale value was applied and verified.
135,Doctor Settings,Clinic Portal,clinic-portal/src/features/doctor-settings/presentation/messages.ts,theme,Badini,Theme,السمة,دیمەن,None,Shown in doctor settings and preferences.,The Badini value was composed from approved terminology/patterns; no exact product-owner-approved value exists for this locale and full source sentence.,APPROVED_APPLIED,The exact product-owner-approved locale value was applied and verified.
136,Doctor Settings,Clinic Portal,clinic-portal/src/features/doctor-settings/presentation/messages.ts,reducedMotion,Badini,Reduced motion,تقليل الحركة,کێمکرنا جوولانێ,None,Shown in doctor settings and preferences.,The Badini value was composed from approved terminology/patterns; no exact product-owner-approved value exists for this locale and full source sentence.,APPROVED_APPLIED,The exact product-owner-approved locale value was applied and verified.
137,Doctor Settings,Clinic Portal,clinic-portal/src/features/doctor-settings/presentation/messages.ts,followSystem,Badini,Follow system setting,معلومات,ل دویف رێکخستنێن سیستەمی هەرە,None,Shown in doctor settings and preferences.,The Badini value was composed from approved terminology/patterns; no exact product-owner-approved value exists for this locale and full source sentence.,APPROVED_APPLIED,The exact product-owner-approved locale value was applied and verified.
138,Doctor Settings,Clinic Portal,clinic-portal/src/features/doctor-settings/presentation/messages.ts,textSize,Badini,Text size,حجم النص,قەبارێ نڤیسینێ,None,Shown in doctor settings and preferences.,The Badini value was composed from approved terminology/patterns; no exact product-owner-approved value exists for this locale and full source sentence.,APPROVED_APPLIED,The exact product-owner-approved locale value was applied and verified.
139,Doctor Settings,Clinic Portal,clinic-portal/src/features/doctor-settings/presentation/messages.ts,rtlStatus,Badini,RTL status,حالة الاتجاه من اليمين,رەوشا راست بو چەپ,None,Shown in doctor settings and preferences.,The Badini value was composed from approved terminology/patterns; no exact product-owner-approved value exists for this locale and full source sentence.,APPROVED_APPLIED,The exact product-owner-approved locale value was applied and verified.
140,Doctor Settings,Clinic Portal,clinic-portal/src/features/doctor-settings/presentation/messages.ts,queueNotifications,Badini,Queue notifications,معلومات,ئاگەهداریێن سرایێ,None,Shown in doctor settings and preferences.,The Badini value was composed from approved terminology/patterns; no exact product-owner-approved value exists for this locale and full source sentence.,APPROVED_APPLIED,The exact product-owner-approved locale value was applied and verified.
141,Doctor Settings,Clinic Portal,clinic-portal/src/features/doctor-settings/presentation/messages.ts,scheduleNotifications,Badini,Schedule notifications,معلومات,ئاگەهداریێن خشتەیێ,None,Shown in doctor settings and preferences.,The Badini value was composed from approved terminology/patterns; no exact product-owner-approved value exists for this locale and full source sentence.,APPROVED_APPLIED,The exact product-owner-approved locale value was applied and verified.
142,Doctor Settings,Clinic Portal,clinic-portal/src/features/doctor-settings/presentation/messages.ts,sessionReminders,Badini,Session reminders,معلومات,بیرئینانێن دانیشتنێ,None,Shown in doctor settings and preferences.,The Badini value was composed from approved terminology/patterns; no exact product-owner-approved value exists for this locale and full source sentence.,APPROVED_APPLIED,The exact product-owner-approved locale value was applied and verified.
143,Doctor Settings,Clinic Portal,clinic-portal/src/features/doctor-settings/presentation/messages.ts,futureRelease,Badini,Available in a future release,متاح في إصدار مستقبلي,د وەشانەکا داهاتی دا بەردەست دبیت,None,Shown in doctor settings and preferences.,The Badini value was composed from approved terminology/patterns; no exact product-owner-approved value exists for this locale and full source sentence.,APPROVED_APPLIED,The exact product-owner-approved locale value was applied and verified.
144,Doctor Settings,Clinic Portal,clinic-portal/src/features/doctor-settings/presentation/messages.ts,production,Badini,Production,معلومات,بەرهەمهێنان,None,Shown in doctor settings and preferences.,The Badini value was composed from approved terminology/patterns; no exact product-owner-approved value exists for this locale and full source sentence.,APPROVED_APPLIED,The exact product-owner-approved locale value was applied and verified.
145,Doctor Settings,Clinic Portal,clinic-portal/src/features/doctor-settings/presentation/messages.ts,portalVersion,Badini,Portal version,معلومات,وەشانا پۆرتالێ,None,Shown in doctor settings and preferences.,The Badini value was composed from approved terminology/patterns; no exact product-owner-approved value exists for this locale and full source sentence.,APPROVED_APPLIED,The exact product-owner-approved locale value was applied and verified.
146,Doctor Settings,Clinic Portal,clinic-portal/src/features/doctor-settings/presentation/messages.ts,mockSession,Badini,Mock session,معلومات,دانیشتنا تاقیکرنێ,None,Shown in doctor settings and preferences.,The Badini value was composed from approved terminology/patterns; no exact product-owner-approved value exists for this locale and full source sentence.,APPROVED_APPLIED,The exact product-owner-approved locale value was applied and verified.
147,Doctor Settings,Clinic Portal,clinic-portal/src/features/doctor-settings/presentation/messages.ts,repositoryMode,Badini,Repository mode,معلومات,رەوشا رێپۆزیتۆریێ,None,Shown in doctor settings and preferences.,The Badini value was composed from approved terminology/patterns; no exact product-owner-approved value exists for this locale and full source sentence.,APPROVED_APPLIED,The exact product-owner-approved locale value was applied and verified.
148,Doctor Settings,Clinic Portal,clinic-portal/src/features/doctor-settings/presentation/messages.ts,mock,Badini,Mock repository,معلومات,رێپۆزیتۆریا تاقیکرنێ,None,Shown in doctor settings and preferences.,The Badini value was composed from approved terminology/patterns; no exact product-owner-approved value exists for this locale and full source sentence.,APPROVED_APPLIED,The exact product-owner-approved locale value was applied and verified.
149,Doctor Settings,Clinic Portal,clinic-portal/src/features/doctor-settings/presentation/messages.ts,lastLocalizationUpdate,Badini,Last localization update,معلومات,دووماهیک نویکرنا زمانان,None,Shown in doctor settings and preferences.,The Badini value was composed from approved terminology/patterns; no exact product-owner-approved value exists for this locale and full source sentence.,APPROVED_APPLIED,The exact product-owner-approved locale value was applied and verified.
150,Doctor Settings,Clinic Portal,clinic-portal/src/features/doctor-settings/presentation/messages.ts,supportPlaceholder,Badini,Information link planned for a future release,معلومات,گرێدانەکا زانیاری د وەشانەکا داهاتی دا بەردەست دبیت,None,Shown in doctor settings and preferences.,The Badini value was composed from approved terminology/patterns; no exact product-owner-approved value exists for this locale and full source sentence.,APPROVED_APPLIED,The exact product-owner-approved locale value was applied and verified.
151,Doctor Settings,Clinic Portal,clinic-portal/src/features/doctor-settings/presentation/messages.ts,unavailable,Badini,Settings unavailable,الإعدادات غير متاحة.,رێکخستن بەردەست نینن,None,Shown in doctor settings and preferences.,The Badini value was composed from approved terminology/patterns; no exact product-owner-approved value exists for this locale and full source sentence.,APPROVED_APPLIED,The exact product-owner-approved locale value was applied and verified.
152,Doctor Schedule,Clinic Portal,clinic-portal/src/features/doctor-schedule/presentation/messages.ts,runningBehindHelp,Arabic,The queue is currently behind its expected pace.,تسير قائمة الانتظار حاليًا بوتيرة أبطأ من المتوقع.,نوکە سرا ژ خێراییا پێشبینی کری پاشکەفتییە.,None,Shown in the doctor schedule workspace.,The Arabic value was composed from approved terminology/patterns; no exact product-owner-approved value exists for this locale and full source sentence.,APPROVED_APPLIED,The exact product-owner-approved locale value was applied and verified.
153,Doctor Schedule,Clinic Portal,clinic-portal/src/features/doctor-schedule/presentation/messages.ts,largeGapHelp,Arabic,There is a longer open period between appointments.,توجد فترة فارغة طويلة بين المواعيد.,د ناڤبەرا ژڤانان دا دەمەکێ ڤالا یێ درێژ هەیە.,None,Shown in the doctor schedule workspace.,The Arabic value was composed from approved terminology/patterns; no exact product-owner-approved value exists for this locale and full source sentence.,APPROVED_APPLIED,The exact product-owner-approved locale value was applied and verified.
154,Doctor Schedule,Clinic Portal,clinic-portal/src/features/doctor-schedule/presentation/messages.ts,lunchApproachingHelp,Arabic,A scheduled lunch break appears in today's timeline.,تظهر استراحة غداء مجدولة ضمن جدول اليوم.,بێهنڤەدانا خوارنێ یا دیارکری د خشتەیا ئەڤرو دا دیارە.,None,Shown in the doctor schedule workspace.,The Arabic value was composed from approved terminology/patterns; no exact product-owner-approved value exists for this locale and full source sentence.,APPROVED_APPLIED,The exact product-owner-approved locale value was applied and verified.
155,Doctor Schedule,Clinic Portal,clinic-portal/src/features/doctor-schedule/presentation/messages.ts,sessionEndingSoonHelp,Arabic,The final appointment is close to the end of working hours.,الموعد الأخير قريب من نهاية ساعات العمل.,ژڤانا دووماهیێ نێزیکی دووماهیکا دەمێ کاری یە.,None,Shown in the doctor schedule workspace.,The Arabic value was composed from approved terminology/patterns; no exact product-owner-approved value exists for this locale and full source sentence.,APPROVED_APPLIED,The exact product-owner-approved locale value was applied and verified.
156,Doctor Schedule,Clinic Portal,clinic-portal/src/features/doctor-schedule/presentation/messages.ts,busyAfternoonHelp,Arabic,Several appointments are scheduled after midday.,توجد عدة مواعيد مجدولة بعد الظهر.,چەند ژڤان پشتی نیڤرو هاتینە دیارکرن.,None,Shown in the doctor schedule workspace.,The Arabic value was composed from approved terminology/patterns; no exact product-owner-approved value exists for this locale and full source sentence.,APPROVED_APPLIED,The exact product-owner-approved locale value was applied and verified.
157,Doctor Schedule,Clinic Portal,clinic-portal/src/features/doctor-schedule/presentation/messages.ts,noWarningsHelp,Arabic,The schedule has no derived warnings right now.,لا توجد تنبيهات مستخلصة من الجدول حاليًا.,نوکە خشتەی چ ئاگەهدارییەکا پێکهاتی نینە.,None,Shown in the doctor schedule workspace.,The Arabic value was composed from approved terminology/patterns; no exact product-owner-approved value exists for this locale and full source sentence.,APPROVED_APPLIED,The exact product-owner-approved locale value was applied and verified.
158,Doctor Schedule,Clinic Portal,clinic-portal/src/features/doctor-schedule/presentation/messages.ts,noUpcomingHelp,Arabic,No remaining appointments are scheduled for this doctor.,لا توجد مواعيد متبقية مجدولة لهذا الطبيب.,چ ژڤانێن مایی بو ڤی نوژداری نەهاتینە دیارکرن.,None,Shown in the doctor schedule workspace.,The Arabic value was composed from approved terminology/patterns; no exact product-owner-approved value exists for this locale and full source sentence.,APPROVED_APPLIED,The exact product-owner-approved locale value was applied and verified.
159,Doctor Schedule,Clinic Portal,clinic-portal/src/features/doctor-schedule/presentation/messages.ts,unavailable,Arabic,Schedule unavailable,الجدول غير متاح.,خشتە بەردەست نینە,None,Shown in the doctor schedule workspace.,The Arabic value was composed from approved terminology/patterns; no exact product-owner-approved value exists for this locale and full source sentence.,APPROVED_APPLIED,The exact product-owner-approved locale value was applied and verified.
160,Doctor Schedule,Clinic Portal,clinic-portal/src/features/doctor-schedule/presentation/messages.ts,unavailableBody,Arabic,The read-only doctor schedule is unavailable. No appointment state was changed.,جدول الطبيب المخصص للعرض فقط غير متاح. لم يتم تغيير حالة أي موعد.,خشتەیا نوژداری یا تنێ بو خواندنێ بەردەست نینە. رەوشا چ ژڤانەکێ نەهاتە گهورین.,None,Shown in the doctor schedule workspace.,The Arabic value was composed from approved terminology/patterns; no exact product-owner-approved value exists for this locale and full source sentence.,APPROVED_APPLIED,The exact product-owner-approved locale value was applied and verified.
161,Doctor Schedule,Clinic Portal,clinic-portal/src/features/doctor-schedule/presentation/messages.ts,subtitle,Badini,A read-only view of today's session.,عرض للقراءة فقط لجلسة اليوم.,دیتنەکا تنێ بو خواندنا دانیشتنا ئەڤرو.,None,Shown in the doctor schedule workspace.,The Badini value was composed from approved terminology/patterns; no exact product-owner-approved value exists for this locale and full source sentence.,APPROVED_APPLIED,The exact product-owner-approved locale value was applied and verified.
162,Doctor Schedule,Clinic Portal,clinic-portal/src/features/doctor-schedule/presentation/messages.ts,todayTimeline,Badini,Today's Timeline,الجدول الزمني لليوم,خشتەیا دەمی یا ئەڤرو,None,Shown in the doctor schedule workspace.,The Badini value was composed from approved terminology/patterns; no exact product-owner-approved value exists for this locale and full source sentence.,APPROVED_APPLIED,The exact product-owner-approved locale value was applied and verified.
163,Doctor Schedule,Clinic Portal,clinic-portal/src/features/doctor-schedule/presentation/messages.ts,upcomingSessions,Badini,Upcoming Sessions,الجلسات القادمة,دانیشتنێن داهاتی,None,Shown in the doctor schedule workspace.,The Badini value was composed from approved terminology/patterns; no exact product-owner-approved value exists for this locale and full source sentence.,APPROVED_APPLIED,The exact product-owner-approved locale value was applied and verified.
164,Doctor Schedule,Clinic Portal,clinic-portal/src/features/doctor-schedule/presentation/messages.ts,scheduleAlerts,Badini,Schedule Alerts,تنبيهات الجدول,ئاگەهداریێن خشتەیێ,None,Shown in the doctor schedule workspace.,The Badini value was composed from approved terminology/patterns; no exact product-owner-approved value exists for this locale and full source sentence.,APPROVED_APPLIED,The exact product-owner-approved locale value was applied and verified.
165,Doctor Schedule,Clinic Portal,clinic-portal/src/features/doctor-schedule/presentation/messages.ts,upcoming,Badini,Upcoming,معلومات,داهاتی,None,Shown in the doctor schedule workspace.,The Badini value was composed from approved terminology/patterns; no exact product-owner-approved value exists for this locale and full source sentence.,APPROVED_APPLIED,The exact product-owner-approved locale value was applied and verified.
166,Doctor Schedule,Clinic Portal,clinic-portal/src/features/doctor-schedule/presentation/messages.ts,runningBehind,Badini,Running behind,معلومات,پاشکەفتی,None,Shown in the doctor schedule workspace.,The Badini value was composed from approved terminology/patterns; no exact product-owner-approved value exists for this locale and full source sentence.,APPROVED_APPLIED,The exact product-owner-approved locale value was applied and verified.
167,Doctor Schedule,Clinic Portal,clinic-portal/src/features/doctor-schedule/presentation/messages.ts,largeGapHelp,Badini,There is a longer open period between appointments.,توجد فترة فارغة طويلة بين المواعيد.,د ناڤبەرا ژڤانان دا دەمەکێ ڤالا یێ درێژ هەیە.,None,Shown in the doctor schedule workspace.,The Badini value was composed from approved terminology/patterns; no exact product-owner-approved value exists for this locale and full source sentence.,APPROVED_APPLIED,The exact product-owner-approved locale value was applied and verified.
168,Doctor Schedule,Clinic Portal,clinic-portal/src/features/doctor-schedule/presentation/messages.ts,sessionEndingSoon,Badini,Session ending soon,معلومات,دانیشتن نێزیکی دووماهیکێ یە,None,Shown in the doctor schedule workspace.,The Badini value was composed from approved terminology/patterns; no exact product-owner-approved value exists for this locale and full source sentence.,APPROVED_APPLIED,The exact product-owner-approved locale value was applied and verified.
169,Doctor Schedule,Clinic Portal,clinic-portal/src/features/doctor-schedule/presentation/messages.ts,busyAfternoon,Badini,Busy afternoon,معلومات,پشتی نیڤرو مژویلە,None,Shown in the doctor schedule workspace.,The Badini value was composed from approved terminology/patterns; no exact product-owner-approved value exists for this locale and full source sentence.,APPROVED_APPLIED,The exact product-owner-approved locale value was applied and verified.
170,Doctor Schedule,Clinic Portal,clinic-portal/src/features/doctor-schedule/presentation/messages.ts,busyAfternoonHelp,Badini,Several appointments are scheduled after midday.,توجد عدة مواعيد مجدولة بعد الظهر.,چەند ژڤان پشتی نیڤرو هاتینە دیارکرن.,None,Shown in the doctor schedule workspace.,The Badini value was composed from approved terminology/patterns; no exact product-owner-approved value exists for this locale and full source sentence.,APPROVED_APPLIED,The exact product-owner-approved locale value was applied and verified.
171,Doctor Schedule,Clinic Portal,clinic-portal/src/features/doctor-schedule/presentation/messages.ts,noWarningsHelp,Badini,The schedule has no derived warnings right now.,لا توجد تنبيهات مستخلصة من الجدول حاليًا.,نوکە خشتەی چ ئاگەهدارییەکا پێکهاتی نینە.,None,Shown in the doctor schedule workspace.,The Badini value was composed from approved terminology/patterns; no exact product-owner-approved value exists for this locale and full source sentence.,APPROVED_APPLIED,The exact product-owner-approved locale value was applied and verified.
172,Doctor Schedule,Clinic Portal,clinic-portal/src/features/doctor-schedule/presentation/messages.ts,noUpcomingHelp,Badini,No remaining appointments are scheduled for this doctor.,لا توجد مواعيد متبقية مجدولة لهذا الطبيب.,چ ژڤانێن مایی بو ڤی نوژداری نەهاتینە دیارکرن.,None,Shown in the doctor schedule workspace.,The Badini value was composed from approved terminology/patterns; no exact product-owner-approved value exists for this locale and full source sentence.,APPROVED_APPLIED,The exact product-owner-approved locale value was applied and verified.
173,Doctor Schedule,Clinic Portal,clinic-portal/src/features/doctor-schedule/presentation/messages.ts,unavailable,Badini,Schedule unavailable,الجدول غير متاح.,خشتە بەردەست نینە,None,Shown in the doctor schedule workspace.,The Badini value was composed from approved terminology/patterns; no exact product-owner-approved value exists for this locale and full source sentence.,APPROVED_APPLIED,The exact product-owner-approved locale value was applied and verified.
174,Doctor Schedule,Clinic Portal,clinic-portal/src/features/doctor-schedule/presentation/messages.ts,unavailableBody,Badini,The read-only doctor schedule is unavailable. No appointment state was changed.,جدول الطبيب المخصص للعرض فقط غير متاح. لم يتم تغيير حالة أي موعد.,خشتەیا نوژداری یا تنێ بو خواندنێ بەردەست نینە. رەوشا چ ژڤانەکێ نەهاتە گهورین.,None,Shown in the doctor schedule workspace.,The Badini value was composed from approved terminology/patterns; no exact product-owner-approved value exists for this locale and full source sentence.,APPROVED_APPLIED,The exact product-owner-approved locale value was applied and verified.
175,Doctor Workspace,Clinic Portal,clinic-portal/src/features/doctor-patients/presentation/messages.ts,subtitle,Arabic,Your current patient and the next patients prepared for this session.,المريض الحالي والمرضى التاليون الذين تم تجهيزهم لهذه الجلسة.,نەخوشێ نوکە یێ تە و نەخوشێن ل دویفرا یێن بو ڤێ دانیشتنێ ئامادەکری.,None,Shown in the doctor workspace or current-patient workflow.,The Arabic value was composed from approved terminology/patterns; no exact product-owner-approved value exists for this locale and full source sentence.,APPROVED_APPLIED,The exact product-owner-approved locale value was applied and verified.
176,Doctor Workspace,Clinic Portal,clinic-portal/src/features/doctor-patients/presentation/messages.ts,noCurrentBody,Arabic,No consultation is active. The waiting patients remain unchanged.,لا توجد استشارة نشطة حاليًا. سيبقى المرضى المنتظرون دون تغيير.,نوکە چ پشکنینەک چالاک نینە. نەخوشێن ل چاڤەرێ وەکی خو دمینن.,None,Shown in the doctor workspace or current-patient workflow.,The Arabic value was composed from approved terminology/patterns; no exact product-owner-approved value exists for this locale and full source sentence.,APPROVED_APPLIED,The exact product-owner-approved locale value was applied and verified.
177,Doctor Workspace,Clinic Portal,clinic-portal/src/features/doctor-patients/presentation/messages.ts,noNextBody,Arabic,Reception has not prepared another patient for this doctor session.,لم يجهز الاستقبال مريضًا آخر لجلسة الطبيب هذه.,پێشوازی هێشتا نەخوشەکێ دی بو ڤێ دانیشتنا نوژداری ئامادە نەکرییە.,None,Shown in the doctor workspace or current-patient workflow.,The Arabic value was composed from approved terminology/patterns; no exact product-owner-approved value exists for this locale and full source sentence.,APPROVED_APPLIED,The exact product-owner-approved locale value was applied and verified.
178,Doctor Workspace,Clinic Portal,clinic-portal/src/features/doctor-patients/presentation/messages.ts,unavailable,Arabic,Doctor patients unavailable,مرضى الطبيب غير متاحين.,نەخوشێن نوژداری بەردەست نینن,None,Shown in the doctor workspace or current-patient workflow.,The Arabic value was composed from approved terminology/patterns; no exact product-owner-approved value exists for this locale and full source sentence.,APPROVED_APPLIED,The exact product-owner-approved locale value was applied and verified.
179,Doctor Workspace,Clinic Portal,clinic-portal/src/features/doctor-patients/presentation/messages.ts,unavailableBody,Arabic,This doctor session is not enabled. No patient information has been exposed.,جلسة الطبيب هذه غير مفعّلة. لم يتم عرض أي معلومات عن المرضى.,ئەڤ دانیشتنا نوژداری نەچالاککرییە. چ زانیاریێن نەخوشی نەهاتینە نیشاندان.,None,Shown in the doctor workspace or current-patient workflow.,The Arabic value was composed from approved terminology/patterns; no exact product-owner-approved value exists for this locale and full source sentence.,APPROVED_APPLIED,The exact product-owner-approved locale value was applied and verified.
180,Doctor Workspace,Clinic Portal,clinic-portal/src/features/doctor-patients/presentation/messages.ts,title,Badini,Patients Today,مرضى اليوم,نەخوشێن ئەڤرو,None,Shown in the doctor workspace or current-patient workflow.,The Badini value was composed from approved terminology/patterns; no exact product-owner-approved value exists for this locale and full source sentence.,APPROVED_APPLIED,The exact product-owner-approved locale value was applied and verified.
181,Doctor Workspace,Clinic Portal,clinic-portal/src/features/doctor-patients/presentation/messages.ts,subtitle,Badini,Your current patient and the next patients prepared for this session.,المريض الحالي والمرضى التاليون الذين تم تجهيزهم لهذه الجلسة.,نەخوشێ نوکە یێ تە و نەخوشێن ل دویفرا یێن بو ڤێ دانیشتنێ ئامادەکری.,None,Shown in the doctor workspace or current-patient workflow.,The Badini value was composed from approved terminology/patterns; no exact product-owner-approved value exists for this locale and full source sentence.,APPROVED_APPLIED,The exact product-owner-approved locale value was applied and verified.
182,Doctor Workspace,Clinic Portal,clinic-portal/src/features/doctor-patients/presentation/messages.ts,sessionSummary,Badini,Session Summary,ملخص الجلسة,پوختەیا دانیشتنێ,None,Shown in the doctor workspace or current-patient workflow.,The Badini value was composed from approved terminology/patterns; no exact product-owner-approved value exists for this locale and full source sentence.,APPROVED_APPLIED,The exact product-owner-approved locale value was applied and verified.
183,Doctor Workspace,Clinic Portal,clinic-portal/src/features/doctor-patients/presentation/messages.ts,sessionState,Badini,Session state,حالة الجلسة,رەوشا دانیشتنێ,None,Shown in the doctor workspace or current-patient workflow.,The Badini value was composed from approved terminology/patterns; no exact product-owner-approved value exists for this locale and full source sentence.,APPROVED_APPLIED,The exact product-owner-approved locale value was applied and verified.
184,Doctor Workspace,Clinic Portal,clinic-portal/src/features/doctor-patients/presentation/messages.ts,visiblePatients,Badini,Visible patients,المرضى الظاهرون,نەخوشێن دیار,None,Shown in the doctor workspace or current-patient workflow.,The Badini value was composed from approved terminology/patterns; no exact product-owner-approved value exists for this locale and full source sentence.,APPROVED_APPLIED,The exact product-owner-approved locale value was applied and verified.
185,Doctor Workspace,Clinic Portal,clinic-portal/src/features/doctor-patients/presentation/messages.ts,arrivalState,Badini,Arrival state,حالة الوصول,رەوشا هاتنێ,None,Shown in the doctor workspace or current-patient workflow.,The Badini value was composed from approved terminology/patterns; no exact product-owner-approved value exists for this locale and full source sentence.,APPROVED_APPLIED,The exact product-owner-approved locale value was applied and verified.
186,Doctor Workspace,Clinic Portal,clinic-portal/src/features/doctor-patients/presentation/messages.ts,noNext,Badini,No patients are ready next,لا يوجد مرضى جاهزون تالياً,چ نەخوش بو ل دویفرا ئامادە نینن,None,Shown in the doctor workspace or current-patient workflow.,The Badini value was composed from approved terminology/patterns; no exact product-owner-approved value exists for this locale and full source sentence.,APPROVED_APPLIED,The exact product-owner-approved locale value was applied and verified.
187,Doctor Workspace,Clinic Portal,clinic-portal/src/features/doctor-patients/presentation/messages.ts,noNextBody,Badini,Reception has not prepared another patient for this doctor session.,لم يجهز الاستقبال مريضًا آخر لجلسة الطبيب هذه.,پێشوازی هێشتا نەخوشەکێ دی بو ڤێ دانیشتنا نوژداری ئامادە نەکرییە.,None,Shown in the doctor workspace or current-patient workflow.,The Badini value was composed from approved terminology/patterns; no exact product-owner-approved value exists for this locale and full source sentence.,APPROVED_APPLIED,The exact product-owner-approved locale value was applied and verified.
188,Doctor Workspace,Clinic Portal,clinic-portal/src/features/doctor-patients/presentation/messages.ts,unavailable,Badini,Doctor patients unavailable,مرضى الطبيب غير متاحين.,نەخوشێن نوژداری بەردەست نینن,None,Shown in the doctor workspace or current-patient workflow.,The Badini value was composed from approved terminology/patterns; no exact product-owner-approved value exists for this locale and full source sentence.,APPROVED_APPLIED,The exact product-owner-approved locale value was applied and verified.
189,Doctor Workspace,Clinic Portal,clinic-portal/src/features/doctor-patients/presentation/messages.ts,unavailableBody,Badini,This doctor session is not enabled. No patient information has been exposed.,جلسة الطبيب هذه غير مفعّلة. لم يتم عرض أي معلومات عن المرضى.,ئەڤ دانیشتنا نوژداری نەچالاککرییە. چ زانیاریێن نەخوشی نەهاتینە نیشاندان.,None,Shown in the doctor workspace or current-patient workflow.,The Badini value was composed from approved terminology/patterns; no exact product-owner-approved value exists for this locale and full source sentence.,APPROVED_APPLIED,The exact product-owner-approved locale value was applied and verified.
190,Doctor Notifications,Clinic Portal,clinic-portal/src/features/doctor-notifications/presentation/messages.ts,patientArrivedDescription,Arabic,The patient is ready at reception.,المريض جاهز لدى الاستقبال.,نەخوش ل پێشوازیێ ئامادەیە.,None,Shown in the doctor notification workspace.,The Arabic value was composed from approved terminology/patterns; no exact product-owner-approved value exists for this locale and full source sentence.,APPROVED_APPLIED,The exact product-owner-approved locale value was applied and verified.
191,Doctor Notifications,Clinic Portal,clinic-portal/src/features/doctor-notifications/presentation/messages.ts,patientArrivedAction,Arabic,Continue the current consultation. Reception will manage the queue.,تابع الاستشارة الحالية. سيتولى الاستقبال إدارة قائمة الانتظار.,پشکنینا نوکە بەردەوام بکە. پێشوازی دێ سرایێ رێڤەبەت.,None,Shown in the doctor notification workspace.,The Arabic value was composed from approved terminology/patterns; no exact product-owner-approved value exists for this locale and full source sentence.,APPROVED_APPLIED,The exact product-owner-approved locale value was applied and verified.
192,Doctor Notifications,Clinic Portal,clinic-portal/src/features/doctor-notifications/presentation/messages.ts,runningBehindDescription,Arabic,The current queue is behind its expected pace.,قائمة الانتظار الحالية أبطأ من الوتيرة المتوقعة.,سرایا نوکە ژ خێراییا پێشبینی کری پاشکەفتییە.,None,Shown in the doctor notification workspace.,The Arabic value was composed from approved terminology/patterns; no exact product-owner-approved value exists for this locale and full source sentence.,APPROVED_APPLIED,The exact product-owner-approved locale value was applied and verified.
193,Doctor Notifications,Clinic Portal,clinic-portal/src/features/doctor-notifications/presentation/messages.ts,runningBehindAction,Arabic,Continue safely and review the schedule before the next consultation.,تابع العمل بأمان وراجع الجدول قبل الاستشارة التالية.,ب پاراستی بەردەوام بە و بەری پشکنینا ل دویفرا خشتەیێ بپشکنە.,None,Shown in the doctor notification workspace.,The Arabic value was composed from approved terminology/patterns; no exact product-owner-approved value exists for this locale and full source sentence.,APPROVED_APPLIED,The exact product-owner-approved locale value was applied and verified.
194,Doctor Notifications,Clinic Portal,clinic-portal/src/features/doctor-notifications/presentation/messages.ts,receptionDescription,Arabic,Reception shared a read-only session update.,شارك الاستقبال تحديثًا للجلسة مخصصًا للعرض فقط.,پێشوازی نویکرنەکا دانیشتنێ یا تنێ بو خواندنێ بەلاڤ کر.,None,Shown in the doctor notification workspace.,The Arabic value was composed from approved terminology/patterns; no exact product-owner-approved value exists for this locale and full source sentence.,APPROVED_APPLIED,The exact product-owner-approved locale value was applied and verified.
195,Doctor Notifications,Clinic Portal,clinic-portal/src/features/doctor-notifications/presentation/messages.ts,receptionAction,Arabic,Open the workspace when the consultation is ready to begin.,افتح مساحة العمل عندما تصبح الاستشارة جاهزة للبدء.,دەمێ پشکنین بو دەستپێکرنێ ئامادە بیت، جهێ کاری ڤەکە.,None,Shown in the doctor notification workspace.,The Arabic value was composed from approved terminology/patterns; no exact product-owner-approved value exists for this locale and full source sentence.,APPROVED_APPLIED,The exact product-owner-approved locale value was applied and verified.
196,Doctor Notifications,Clinic Portal,clinic-portal/src/features/doctor-notifications/presentation/messages.ts,breakDescription,Arabic,A scheduled break is approaching.,تقترب فترة الاستراحة المجدولة.,بێهنڤەدانا دیارکری نێزیکە.,None,Shown in the doctor notification workspace.,The Arabic value was composed from approved terminology/patterns; no exact product-owner-approved value exists for this locale and full source sentence.,APPROVED_APPLIED,The exact product-owner-approved locale value was applied and verified.
197,Doctor Notifications,Clinic Portal,clinic-portal/src/features/doctor-notifications/presentation/messages.ts,breakAction,Arabic,Review the schedule before the break.,راجع الجدول قبل الاستراحة.,بەری بێهنڤەدانێ خشتەیێ بپشکنە.,None,Shown in the doctor notification workspace.,The Arabic value was composed from approved terminology/patterns; no exact product-owner-approved value exists for this locale and full source sentence.,APPROVED_APPLIED,The exact product-owner-approved locale value was applied and verified.
198,Doctor Notifications,Clinic Portal,clinic-portal/src/features/doctor-notifications/presentation/messages.ts,rescheduledDescription,Arabic,The appointment time was updated.,تم تحديث وقت الموعد.,دەمێ ژڤانێ هاتە نویکرن.,None,Shown in the doctor notification workspace.,The Arabic value was composed from approved terminology/patterns; no exact product-owner-approved value exists for this locale and full source sentence.,APPROVED_APPLIED,The exact product-owner-approved locale value was applied and verified.
199,Doctor Notifications,Clinic Portal,clinic-portal/src/features/doctor-notifications/presentation/messages.ts,rescheduledAction,Arabic,Review the updated appointment context.,راجع معلومات الموعد المحدّثة.,زانیاریێن نویکری یێن ژڤانێ بپشکنە.,None,Shown in the doctor notification workspace.,The Arabic value was composed from approved terminology/patterns; no exact product-owner-approved value exists for this locale and full source sentence.,APPROVED_APPLIED,The exact product-owner-approved locale value was applied and verified.
200,Doctor Notifications,Clinic Portal,clinic-portal/src/features/doctor-notifications/presentation/messages.ts,announcementDescription,Arabic,Clinic management published a staff notice.,نشرت إدارة العيادة إعلانًا للموظفين.,رێڤەبەرییا کلینیکێ راگەهاندنەک بو کارمەندان بەلاڤ کر.,None,Shown in the doctor notification workspace.,The Arabic value was composed from approved terminology/patterns; no exact product-owner-approved value exists for this locale and full source sentence.,APPROVED_APPLIED,The exact product-owner-approved locale value was applied and verified.
201,Doctor Notifications,Clinic Portal,clinic-portal/src/features/doctor-notifications/presentation/messages.ts,announcementAction,Arabic,No action is needed during the current consultation.,لا يلزم اتخاذ أي إجراء أثناء الاستشارة الحالية.,د پشکنینا نوکە دا چ کار پێدڤی نینە.,None,Shown in the doctor notification workspace.,The Arabic value was composed from approved terminology/patterns; no exact product-owner-approved value exists for this locale and full source sentence.,APPROVED_APPLIED,The exact product-owner-approved locale value was applied and verified.
202,Doctor Notifications,Clinic Portal,clinic-portal/src/features/doctor-notifications/presentation/messages.ts,genericTitle,Arabic,Session update,تحديث الجلسة,نویکرنا دانیشتنێ,None,Shown in the doctor notification workspace.,The Arabic value was composed from approved terminology/patterns; no exact product-owner-approved value exists for this locale and full source sentence.,APPROVED_APPLIED,The exact product-owner-approved locale value was applied and verified.
203,Doctor Notifications,Clinic Portal,clinic-portal/src/features/doctor-notifications/presentation/messages.ts,genericDescription,Arabic,A read-only session update is available.,يتوفر تحديث جديد للجلسة للعرض فقط.,نویکرنەکا نوی یا دانیشتنێ بو خواندنێ تنێ بەردەستە.,None,Shown in the doctor notification workspace.,The Arabic value was composed from approved terminology/patterns; no exact product-owner-approved value exists for this locale and full source sentence.,APPROVED_APPLIED,The exact product-owner-approved locale value was applied and verified.
204,Doctor Notifications,Clinic Portal,clinic-portal/src/features/doctor-notifications/presentation/messages.ts,genericAction,Arabic,Review the related workspace when safe.,راجع مساحة العمل ذات الصلة عندما يكون ذلك آمنًا.,دەمێ پاراستی بیت، جهێ کارێ پەیوەندیدار بپشکنە.,None,Shown in the doctor notification workspace.,The Arabic value was composed from approved terminology/patterns; no exact product-owner-approved value exists for this locale and full source sentence.,APPROVED_APPLIED,The exact product-owner-approved locale value was applied and verified.
205,Doctor Notifications,Clinic Portal,clinic-portal/src/features/doctor-notifications/presentation/messages.ts,unavailable,Arabic,Notifications unavailable,الإشعارات غير متاحة.,ئاگەهداری بەردەست نینن,None,Shown in the doctor notification workspace.,The Arabic value was composed from approved terminology/patterns; no exact product-owner-approved value exists for this locale and full source sentence.,APPROVED_APPLIED,The exact product-owner-approved locale value was applied and verified.
206,Doctor Notifications,Clinic Portal,clinic-portal/src/features/doctor-notifications/presentation/messages.ts,unavailableBody,Arabic,Doctor notifications cannot be loaded. No notification state was changed.,تعذر تحميل إشعارات الطبيب. لم يتم تغيير حالة أي إشعار.,بارکرنا ئاگەهداریێن نوژداری سەرنەکەفت. رەوشا چ ئاگەهدارییەکێ نەهاتە گهورین.,None,Shown in the doctor notification workspace.,The Arabic value was composed from approved terminology/patterns; no exact product-owner-approved value exists for this locale and full source sentence.,APPROVED_APPLIED,The exact product-owner-approved locale value was applied and verified.
207,Doctor Notifications,Clinic Portal,clinic-portal/src/features/doctor-notifications/presentation/messages.ts,failure,Arabic,The notification could not be opened. Existing read state remains safe.,تعذر فتح الإشعار. لم يتم إجراء أي تغيير على حالة القراءة الحالية.,ئاگەهداری نەشیا بهێتە ڤەکرن. رەوشا خواندنێ یا نوکە پاراستی دمینیت.,None,Shown in the doctor notification workspace.,The Arabic value was composed from approved terminology/patterns; no exact product-owner-approved value exists for this locale and full source sentence.,APPROVED_APPLIED,The exact product-owner-approved locale value was applied and verified.
208,Doctor Notifications,Clinic Portal,clinic-portal/src/features/doctor-notifications/presentation/messages.ts,subtitle,Badini,Read-only updates that affect your current clinic session.,تحديثات للقراءة فقط تؤثر في جلسة العيادة الحالية.,نویکرنێن تنێ بو خواندنێ کو کارتێکرن ل دانیشتنا کلینیکا نوکە یا تە دکەن.,None,Shown in the doctor notification workspace.,The Badini value was composed from approved terminology/patterns; no exact product-owner-approved value exists for this locale and full source sentence.,APPROVED_APPLIED,The exact product-owner-approved locale value was applied and verified.
209,Doctor Notifications,Clinic Portal,clinic-portal/src/features/doctor-notifications/presentation/messages.ts,unreadCount,Badini,Unread count,غير المقروء,ژمارا نەڤەکرییان,None,Shown in the doctor notification workspace.,The Badini value was composed from approved terminology/patterns; no exact product-owner-approved value exists for this locale and full source sentence.,APPROVED_APPLIED,The exact product-owner-approved locale value was applied and verified.
210,Doctor Notifications,Clinic Portal,clinic-portal/src/features/doctor-notifications/presentation/messages.ts,todayCount,Badini,Today's notifications,إشعارات اليوم,ئاگەهداریێن ئەڤرو,None,Shown in the doctor notification workspace.,The Badini value was composed from approved terminology/patterns; no exact product-owner-approved value exists for this locale and full source sentence.,APPROVED_APPLIED,The exact product-owner-approved locale value was applied and verified.
211,Doctor Notifications,Clinic Portal,clinic-portal/src/features/doctor-notifications/presentation/messages.ts,lastUpdated,Badini,Last updated,آخر تحديث,دووماهیک نویکرن,None,Shown in the doctor notification workspace.,The Badini value was composed from approved terminology/patterns; no exact product-owner-approved value exists for this locale and full source sentence.,APPROVED_APPLIED,The exact product-owner-approved locale value was applied and verified.
212,Doctor Notifications,Clinic Portal,clinic-portal/src/features/doctor-notifications/presentation/messages.ts,unread,Badini,Unread Notifications,الإشعارات غير المقروءة,ئاگەهداریێن نەڤەکری,None,Shown in the doctor notification workspace.,The Badini value was composed from approved terminology/patterns; no exact product-owner-approved value exists for this locale and full source sentence.,APPROVED_APPLIED,The exact product-owner-approved locale value was applied and verified.
213,Doctor Notifications,Clinic Portal,clinic-portal/src/features/doctor-notifications/presentation/messages.ts,today,Badini,Today's Notifications,إشعارات اليوم,ئاگەهداریێن ئەڤرو,None,Shown in the doctor notification workspace.,The Badini value was composed from approved terminology/patterns; no exact product-owner-approved value exists for this locale and full source sentence.,APPROVED_APPLIED,The exact product-owner-approved locale value was applied and verified.
214,Doctor Notifications,Clinic Portal,clinic-portal/src/features/doctor-notifications/presentation/messages.ts,openNotification,Badini,Open notification: {title},معلومات,ئاگەهداریێ ڤەکە: {title},{title},Shown in the doctor notification workspace.,The Badini value was composed from approved terminology/patterns; no exact product-owner-approved value exists for this locale and full source sentence.,APPROVED_APPLIED,The exact product-owner-approved locale value was applied and verified.
215,Doctor Notifications,Clinic Portal,clinic-portal/src/features/doctor-notifications/presentation/messages.ts,whatHappened,Badini,What happened,ماذا حدث,چ چێبوو,None,Shown in the doctor notification workspace.,The Badini value was composed from approved terminology/patterns; no exact product-owner-approved value exists for this locale and full source sentence.,APPROVED_APPLIED,The exact product-owner-approved locale value was applied and verified.
216,Doctor Notifications,Clinic Portal,clinic-portal/src/features/doctor-notifications/presentation/messages.ts,why,Badini,Why,السبب,بوچی,None,Shown in the doctor notification workspace.,The Badini value was composed from approved terminology/patterns; no exact product-owner-approved value exists for this locale and full source sentence.,APPROVED_APPLIED,The exact product-owner-approved locale value was applied and verified.
217,Doctor Notifications,Clinic Portal,clinic-portal/src/features/doctor-notifications/presentation/messages.ts,recommendedAction,Badini,Recommended action,الإجراء المقترح,کارێ پێشنیارکری,None,Shown in the doctor notification workspace.,The Badini value was composed from approved terminology/patterns; no exact product-owner-approved value exists for this locale and full source sentence.,APPROVED_APPLIED,The exact product-owner-approved locale value was applied and verified.
218,Doctor Notifications,Clinic Portal,clinic-portal/src/features/doctor-notifications/presentation/messages.ts,relatedLinks,Badini,Related links,روابط ذات صلة,گرێدانێن پەیوەندیدار,None,Shown in the doctor notification workspace.,The Badini value was composed from approved terminology/patterns; no exact product-owner-approved value exists for this locale and full source sentence.,APPROVED_APPLIED,The exact product-owner-approved locale value was applied and verified.
219,Doctor Notifications,Clinic Portal,clinic-portal/src/features/doctor-notifications/presentation/messages.ts,patientArrivedDescription,Badini,The patient is ready at reception.,المريض جاهز لدى الاستقبال.,نەخوش ل پێشوازیێ ئامادەیە.,None,Shown in the doctor notification workspace.,The Badini value was composed from approved terminology/patterns; no exact product-owner-approved value exists for this locale and full source sentence.,APPROVED_APPLIED,The exact product-owner-approved locale value was applied and verified.
220,Doctor Notifications,Clinic Portal,clinic-portal/src/features/doctor-notifications/presentation/messages.ts,patientArrivedWhat,Badini,Reception recorded the patient's arrival.,معلومات,پێشوازی هاتنا نەخوشی تومار کر.,None,Shown in the doctor notification workspace.,The Badini value was composed from approved terminology/patterns; no exact product-owner-approved value exists for this locale and full source sentence.,APPROVED_APPLIED,The exact product-owner-approved locale value was applied and verified.
221,Doctor Notifications,Clinic Portal,clinic-portal/src/features/doctor-notifications/presentation/messages.ts,patientArrivedWhy,Badini,The appointment is approaching and the patient is ready.,معلومات,ژڤان نێزیکە و نەخوش ئامادەیە.,None,Shown in the doctor notification workspace.,The Badini value was composed from approved terminology/patterns; no exact product-owner-approved value exists for this locale and full source sentence.,APPROVED_APPLIED,The exact product-owner-approved locale value was applied and verified.
222,Doctor Notifications,Clinic Portal,clinic-portal/src/features/doctor-notifications/presentation/messages.ts,runningBehind,Badini,Session running behind,معلومات,دانیشتن پاشکەفتییە,None,Shown in the doctor notification workspace.,The Badini value was composed from approved terminology/patterns; no exact product-owner-approved value exists for this locale and full source sentence.,APPROVED_APPLIED,The exact product-owner-approved locale value was applied and verified.
223,Doctor Notifications,Clinic Portal,clinic-portal/src/features/doctor-notifications/presentation/messages.ts,runningBehindDescription,Badini,The current queue is behind its expected pace.,قائمة الانتظار الحالية أبطأ من الوتيرة المتوقعة.,سرایا نوکە ژ خێراییا پێشبینی کری پاشکەفتییە.,None,Shown in the doctor notification workspace.,The Badini value was composed from approved terminology/patterns; no exact product-owner-approved value exists for this locale and full source sentence.,APPROVED_APPLIED,The exact product-owner-approved locale value was applied and verified.
224,Doctor Notifications,Clinic Portal,clinic-portal/src/features/doctor-notifications/presentation/messages.ts,runningBehindWhy,Badini,The current session is exceeding its planned pace.,معلومات,دانیشتنا نوکە ژ خێراییا پلانکری پاشکەفتییە.,None,Shown in the doctor notification workspace.,The Badini value was composed from approved terminology/patterns; no exact product-owner-approved value exists for this locale and full source sentence.,APPROVED_APPLIED,The exact product-owner-approved locale value was applied and verified.
225,Doctor Notifications,Clinic Portal,clinic-portal/src/features/doctor-notifications/presentation/messages.ts,receptionUpdate,Badini,Reception update,معلومات,نویکرنا پێشوازیێ,None,Shown in the doctor notification workspace.,The Badini value was composed from approved terminology/patterns; no exact product-owner-approved value exists for this locale and full source sentence.,APPROVED_APPLIED,The exact product-owner-approved locale value was applied and verified.
226,Doctor Notifications,Clinic Portal,clinic-portal/src/features/doctor-notifications/presentation/messages.ts,receptionDescription,Badini,Reception shared a read-only session update.,شارك الاستقبال تحديثًا للجلسة مخصصًا للعرض فقط.,پێشوازی نویکرنەکا دانیشتنێ یا تنێ بو خواندنێ بەلاڤ کر.,None,Shown in the doctor notification workspace.,The Badini value was composed from approved terminology/patterns; no exact product-owner-approved value exists for this locale and full source sentence.,APPROVED_APPLIED,The exact product-owner-approved locale value was applied and verified.
227,Doctor Notifications,Clinic Portal,clinic-portal/src/features/doctor-notifications/presentation/messages.ts,receptionWhat,Badini,Reception confirmed the morning arrival.,معلومات,پێشوازی هاتنا سپێدێ پشتراست کر.,None,Shown in the doctor notification workspace.,The Badini value was composed from approved terminology/patterns; no exact product-owner-approved value exists for this locale and full source sentence.,APPROVED_APPLIED,The exact product-owner-approved locale value was applied and verified.
228,Doctor Notifications,Clinic Portal,clinic-portal/src/features/doctor-notifications/presentation/messages.ts,receptionWhy,Badini,The doctor may begin the session when ready.,معلومات,نوژدار دشێت دەمێ ئامادە بیت دانیشتنێ دەستپێبکەت.,None,Shown in the doctor notification workspace.,The Badini value was composed from approved terminology/patterns; no exact product-owner-approved value exists for this locale and full source sentence.,APPROVED_APPLIED,The exact product-owner-approved locale value was applied and verified.
229,Doctor Notifications,Clinic Portal,clinic-portal/src/features/doctor-notifications/presentation/messages.ts,receptionAction,Badini,Open the workspace when the consultation is ready to begin.,افتح مساحة العمل عندما تصبح الاستشارة جاهزة للبدء.,دەمێ پشکنین بو دەستپێکرنێ ئامادە بیت، جهێ کاری ڤەکە.,None,Shown in the doctor notification workspace.,The Badini value was composed from approved terminology/patterns; no exact product-owner-approved value exists for this locale and full source sentence.,APPROVED_APPLIED,The exact product-owner-approved locale value was applied and verified.
230,Doctor Notifications,Clinic Portal,clinic-portal/src/features/doctor-notifications/presentation/messages.ts,breakReminder,Badini,Break reminder,معلومات,بیرئینانا بێهنڤەدانێ,None,Shown in the doctor notification workspace.,The Badini value was composed from approved terminology/patterns; no exact product-owner-approved value exists for this locale and full source sentence.,APPROVED_APPLIED,The exact product-owner-approved locale value was applied and verified.
231,Doctor Notifications,Clinic Portal,clinic-portal/src/features/doctor-notifications/presentation/messages.ts,breakAction,Badini,Review the schedule before the break.,راجع الجدول قبل الاستراحة.,بەری بێهنڤەدانێ خشتەیێ بپشکنە.,None,Shown in the doctor notification workspace.,The Badini value was composed from approved terminology/patterns; no exact product-owner-approved value exists for this locale and full source sentence.,APPROVED_APPLIED,The exact product-owner-approved locale value was applied and verified.
232,Doctor Notifications,Clinic Portal,clinic-portal/src/features/doctor-notifications/presentation/messages.ts,rescheduledDescription,Badini,The appointment time was updated.,تم تحديث وقت الموعد.,دەمێ ژڤانێ هاتە نویکرن.,None,Shown in the doctor notification workspace.,The Badini value was composed from approved terminology/patterns; no exact product-owner-approved value exists for this locale and full source sentence.,APPROVED_APPLIED,The exact product-owner-approved locale value was applied and verified.
233,Doctor Notifications,Clinic Portal,clinic-portal/src/features/doctor-notifications/presentation/messages.ts,rescheduledWhat,Badini,Reception changed the scheduled appointment time.,معلومات,پێشوازی دەمێ ژڤانا دیارکری گهوراند.,None,Shown in the doctor notification workspace.,The Badini value was composed from approved terminology/patterns; no exact product-owner-approved value exists for this locale and full source sentence.,APPROVED_APPLIED,The exact product-owner-approved locale value was applied and verified.
234,Doctor Notifications,Clinic Portal,clinic-portal/src/features/doctor-notifications/presentation/messages.ts,rescheduledWhy,Badini,The patient requested a different available time.,معلومات,نەخوشی دەمەکێ بەردەست یێ دی خواست.,None,Shown in the doctor notification workspace.,The Badini value was composed from approved terminology/patterns; no exact product-owner-approved value exists for this locale and full source sentence.,APPROVED_APPLIED,The exact product-owner-approved locale value was applied and verified.
235,Doctor Notifications,Clinic Portal,clinic-portal/src/features/doctor-notifications/presentation/messages.ts,rescheduledAction,Badini,Review the updated appointment context.,راجع معلومات الموعد المحدّثة.,زانیاریێن نویکری یێن ژڤانێ بپشکنە.,None,Shown in the doctor notification workspace.,The Badini value was composed from approved terminology/patterns; no exact product-owner-approved value exists for this locale and full source sentence.,APPROVED_APPLIED,The exact product-owner-approved locale value was applied and verified.
236,Doctor Notifications,Clinic Portal,clinic-portal/src/features/doctor-notifications/presentation/messages.ts,announcementWhy,Badini,Working doctors should be aware of the update.,معلومات,نوژدارێن د کار دا پێدڤییە ژ ڤێ نویکرنێ ئاگەهدار بن.,None,Shown in the doctor notification workspace.,The Badini value was composed from approved terminology/patterns; no exact product-owner-approved value exists for this locale and full source sentence.,APPROVED_APPLIED,The exact product-owner-approved locale value was applied and verified.
237,Doctor Notifications,Clinic Portal,clinic-portal/src/features/doctor-notifications/presentation/messages.ts,announcementAction,Badini,No action is needed during the current consultation.,لا يلزم اتخاذ أي إجراء أثناء الاستشارة الحالية.,د پشکنینا نوکە دا چ کار پێدڤی نینە.,None,Shown in the doctor notification workspace.,The Badini value was composed from approved terminology/patterns; no exact product-owner-approved value exists for this locale and full source sentence.,APPROVED_APPLIED,The exact product-owner-approved locale value was applied and verified.
238,Doctor Notifications,Clinic Portal,clinic-portal/src/features/doctor-notifications/presentation/messages.ts,genericTitle,Badini,Session update,تحديث الجلسة,نویکرنا دانیشتنێ,None,Shown in the doctor notification workspace.,The Badini value was composed from approved terminology/patterns; no exact product-owner-approved value exists for this locale and full source sentence.,APPROVED_APPLIED,The exact product-owner-approved locale value was applied and verified.
239,Doctor Notifications,Clinic Portal,clinic-portal/src/features/doctor-notifications/presentation/messages.ts,genericWhat,Badini,The clinic session changed.,معلومات,دانیشتنا کلینیکێ هاتە گهورین.,None,Shown in the doctor notification workspace.,The Badini value was composed from approved terminology/patterns; no exact product-owner-approved value exists for this locale and full source sentence.,APPROVED_APPLIED,The exact product-owner-approved locale value was applied and verified.
240,Doctor Notifications,Clinic Portal,clinic-portal/src/features/doctor-notifications/presentation/messages.ts,genericAction,Badini,Review the related workspace when safe.,راجع مساحة العمل ذات الصلة عندما يكون ذلك آمنًا.,دەمێ پاراستی بیت، جهێ کارێ پەیوەندیدار بپشکنە.,None,Shown in the doctor notification workspace.,The Badini value was composed from approved terminology/patterns; no exact product-owner-approved value exists for this locale and full source sentence.,APPROVED_APPLIED,The exact product-owner-approved locale value was applied and verified.
241,Doctor Notifications,Clinic Portal,clinic-portal/src/features/doctor-notifications/presentation/messages.ts,unavailable,Badini,Notifications unavailable,الإشعارات غير متاحة.,ئاگەهداری بەردەست نینن,None,Shown in the doctor notification workspace.,The Badini value was composed from approved terminology/patterns; no exact product-owner-approved value exists for this locale and full source sentence.,APPROVED_APPLIED,The exact product-owner-approved locale value was applied and verified.
242,Doctor Notifications,Clinic Portal,clinic-portal/src/features/doctor-notifications/presentation/messages.ts,failure,Badini,The notification could not be opened. Existing read state remains safe.,تعذر فتح الإشعار. لم يتم إجراء أي تغيير على حالة القراءة الحالية.,ئاگەهداری نەشیا بهێتە ڤەکرن. رەوشا خواندنێ یا نوکە پاراستی دمینیت.,None,Shown in the doctor notification workspace.,The Badini value was composed from approved terminology/patterns; no exact product-owner-approved value exists for this locale and full source sentence.,APPROVED_APPLIED,The exact product-owner-approved locale value was applied and verified.
243,Doctor Workspace,Clinic Portal,clinic-portal/src/features/doctor/presentation/messages.ts,unavailable,Arabic,Doctor session unavailable,جلسة الطبيب غير متاحة.,دانیشتنا نوژداری بەردەست نینە,None,Shown in the doctor workspace or current-patient workflow.,The Arabic value was composed from approved terminology/patterns; no exact product-owner-approved value exists for this locale and full source sentence.,APPROVED_APPLIED,The exact product-owner-approved locale value was applied and verified.
244,Doctor Workspace,Clinic Portal,clinic-portal/src/features/doctor/presentation/messages.ts,unavailableBody,Arabic,This doctor workspace is not enabled. No clinical or queue information has been exposed.,مساحة عمل الطبيب غير مفعّلة. لم يتم عرض أي معلومات سريرية أو معلومات عن قائمة الانتظار.,ئەڤ جهێ کارێ نوژداری نەچالاککرییە. چ زانیاریێن پشکنینێ یان سرایێ نەهاتینە نیشاندان.,None,Shown in the doctor workspace or current-patient workflow.,The Arabic value was composed from approved terminology/patterns; no exact product-owner-approved value exists for this locale and full source sentence.,APPROVED_APPLIED,The exact product-owner-approved locale value was applied and verified.
245,Doctor Workspace,Clinic Portal,clinic-portal/src/features/doctor/presentation/messages.ts,subtitle,Arabic,Your current consultation and the next safe action.,الاستشارة الحالية والإجراء الآمن التالي.,پشکنینا نوکە یا تە و کارێ پاراستی یێ ل دویفرا.,None,Shown in the doctor workspace or current-patient workflow.,The Arabic value was composed from approved terminology/patterns; no exact product-owner-approved value exists for this locale and full source sentence.,APPROVED_APPLIED,The exact product-owner-approved locale value was applied and verified.
246,Doctor Workspace,Clinic Portal,clinic-portal/src/features/doctor/presentation/messages.ts,noActivePatientBody,Arabic,No consultation is active. The waiting list remains unchanged until reception calls the next patient.,لا توجد استشارة نشطة حاليًا. ستبقى قائمة الانتظار دون تغيير حتى يستدعي الاستقبال المريض التالي.,نوکە چ پشکنینەک چالاک نینە. سرایا چاڤەرێ هەروەسا دمینیت هەتا پێشوازی نەخوشێ ل دویفرا بانگ بکەت,None,Shown in the doctor workspace or current-patient workflow.,The Arabic value was composed from approved terminology/patterns; no exact product-owner-approved value exists for this locale and full source sentence.,APPROVED_APPLIED,The exact product-owner-approved locale value was applied and verified.
247,Doctor Workspace,Clinic Portal,clinic-portal/src/features/doctor/presentation/messages.ts,noWaitingBody,Arabic,There is nothing to call from this workspace. Reception can continue managing arrivals safely.,لا يوجد مريض جاهز للاستدعاء من مساحة العمل هذه. يمكن للاستقبال متابعة إدارة حالات الوصول بأمان.,ل ڤی جهێ کاری چ تشت بو بانگکرنێ نینە. پێشوازی دشێت ب پاراستی بەردەوام بیت د رێڤەبرنا هاتنان دا.,None,Shown in the doctor workspace or current-patient workflow.,The Arabic value was composed from approved terminology/patterns; no exact product-owner-approved value exists for this locale and full source sentence.,APPROVED_APPLIED,The exact product-owner-approved locale value was applied and verified.
248,Doctor Workspace,Clinic Portal,clinic-portal/src/features/doctor/presentation/messages.ts,healthyHelp,Arabic,The queue is moving at a comfortable pace.,تسير قائمة الانتظار حاليًا بوتيرة جيدة.,سرا ب خێراییەکا باش دچیت.,None,Shown in the doctor workspace or current-patient workflow.,The Arabic value was composed from approved terminology/patterns; no exact product-owner-approved value exists for this locale and full source sentence.,APPROVED_APPLIED,The exact product-owner-approved locale value was applied and verified.
249,Doctor Workspace,Clinic Portal,clinic-portal/src/features/doctor/presentation/messages.ts,busyHelp,Arabic,Several patients are waiting. Continue the current consultation normally.,هناك عدة مرضى في الانتظار. تابع الاستشارة الحالية بشكل طبيعي.,چەند نەخوش ل چاڤەرێ نە. پشکنینا نوکە ب شێوەیەکێ ئاسایی بەردەوام بکە.,None,Shown in the doctor workspace or current-patient workflow.,The Arabic value was composed from approved terminology/patterns; no exact product-owner-approved value exists for this locale and full source sentence.,APPROVED_APPLIED,The exact product-owner-approved locale value was applied and verified.
250,Doctor Workspace,Clinic Portal,clinic-portal/src/features/doctor/presentation/messages.ts,delayedHelp,Arabic,Patients are waiting longer than expected.,ينتظر المرضى مدة أطول من المتوقع.,نەخوش پتر ژ دەمێ پێشبینی کری چاڤەرێ نە.,None,Shown in the doctor workspace or current-patient workflow.,The Arabic value was composed from approved terminology/patterns; no exact product-owner-approved value exists for this locale and full source sentence.,APPROVED_APPLIED,The exact product-owner-approved locale value was applied and verified.
251,Doctor Workspace,Clinic Portal,clinic-portal/src/features/doctor/presentation/messages.ts,placeholderTitle,Arabic,Not available in this Sprint,غير متاح في هذا الإصدار حاليًا.,د ڤی وەشانێ دا بەردەست نینە,None,Shown in the doctor workspace or current-patient workflow.,The Arabic value was composed from approved terminology/patterns; no exact product-owner-approved value exists for this locale and full source sentence.,APPROVED_APPLIED,The exact product-owner-approved locale value was applied and verified.
252,Doctor Workspace,Clinic Portal,clinic-portal/src/features/doctor/presentation/messages.ts,placeholderBody,Arabic,This doctor destination is intentionally unavailable. Return to Workspace to continue the active session.,هذه الوجهة الخاصة بالطبيب غير متاحة حاليًا. عد إلى مساحة العمل لمتابعة الجلسة النشطة.,ئەڤ جهێ نوژداری ب مەبەست بەردەست نینە. ب ڤەگەرە بو جهێ کاری دا دانیشتنا چالاک بەردەوام بکەی.,None,Shown in the doctor workspace or current-patient workflow.,The Arabic value was composed from approved terminology/patterns; no exact product-owner-approved value exists for this locale and full source sentence.,APPROVED_APPLIED,The exact product-owner-approved locale value was applied and verified.
253,Doctor Workspace,Clinic Portal,clinic-portal/src/features/doctor/presentation/messages.ts,app,Badini,Saxlem Doctor Workspace,مساحة عمل الطبيب,جهێ کارێ نوژداری یێ ساخلەم,None,Shown in the doctor workspace or current-patient workflow.,The Badini value was composed from approved terminology/patterns; no exact product-owner-approved value exists for this locale and full source sentence.,APPROVED_APPLIED,The exact product-owner-approved locale value was applied and verified.
254,Doctor Workspace,Clinic Portal,clinic-portal/src/features/doctor/presentation/messages.ts,patientsToday,Badini,Patients Today,مرضى اليوم,نەخوشێن ئەڤرو,None,Shown in the doctor workspace or current-patient workflow.,The Badini value was composed from approved terminology/patterns; no exact product-owner-approved value exists for this locale and full source sentence.,APPROVED_APPLIED,The exact product-owner-approved locale value was applied and verified.
255,Doctor Workspace,Clinic Portal,clinic-portal/src/features/doctor/presentation/messages.ts,unavailable,Badini,Doctor session unavailable,جلسة الطبيب غير متاحة.,دانیشتنا نوژداری بەردەست نینە,None,Shown in the doctor workspace or current-patient workflow.,The Badini value was composed from approved terminology/patterns; no exact product-owner-approved value exists for this locale and full source sentence.,APPROVED_APPLIED,The exact product-owner-approved locale value was applied and verified.
256,Doctor Workspace,Clinic Portal,clinic-portal/src/features/doctor/presentation/messages.ts,unavailableBody,Badini,This doctor workspace is not enabled. No clinical or queue information has been exposed.,مساحة عمل الطبيب غير مفعّلة. لم يتم عرض أي معلومات سريرية أو معلومات عن قائمة الانتظار.,ئەڤ جهێ کارێ نوژداری نەچالاککرییە. چ زانیاریێن پشکنینێ یان سرایێ نەهاتینە نیشاندان.,None,Shown in the doctor workspace or current-patient workflow.,The Badini value was composed from approved terminology/patterns; no exact product-owner-approved value exists for this locale and full source sentence.,APPROVED_APPLIED,The exact product-owner-approved locale value was applied and verified.
257,Doctor Workspace,Clinic Portal,clinic-portal/src/features/doctor/presentation/messages.ts,returnHome,Badini,Return to portal,معلومات,ب ڤەگەرە بو پۆرتالێ,None,Shown in the doctor workspace or current-patient workflow.,The Badini value was composed from approved terminology/patterns; no exact product-owner-approved value exists for this locale and full source sentence.,APPROVED_APPLIED,The exact product-owner-approved locale value was applied and verified.
258,Doctor Workspace,Clinic Portal,clinic-portal/src/features/doctor/presentation/messages.ts,subtitle,Badini,Your current consultation and the next safe action.,الاستشارة الحالية والإجراء الآمن التالي.,پشکنینا نوکە یا تە و کارێ پاراستی یێ ل دویفرا.,None,Shown in the doctor workspace or current-patient workflow.,The Badini value was composed from approved terminology/patterns; no exact product-owner-approved value exists for this locale and full source sentence.,APPROVED_APPLIED,The exact product-owner-approved locale value was applied and verified.
259,Doctor Workspace,Clinic Portal,clinic-portal/src/features/doctor/presentation/messages.ts,sessionStatus,Badini,Session Status,حالة الجلسة,رەوشا دانیشتنێ,None,Shown in the doctor workspace or current-patient workflow.,The Badini value was composed from approved terminology/patterns; no exact product-owner-approved value exists for this locale and full source sentence.,APPROVED_APPLIED,The exact product-owner-approved locale value was applied and verified.
260,Doctor Workspace,Clinic Portal,clinic-portal/src/features/doctor/presentation/messages.ts,workingSession,Badini,Working session,معلومات,دانیشتنا کاری,None,Shown in the doctor workspace or current-patient workflow.,The Badini value was composed from approved terminology/patterns; no exact product-owner-approved value exists for this locale and full source sentence.,APPROVED_APPLIED,The exact product-owner-approved locale value was applied and verified.
261,Doctor Workspace,Clinic Portal,clinic-portal/src/features/doctor/presentation/messages.ts,sessionState,Badini,Session state,معلومات,رەوشا دانیشتنێ,None,Shown in the doctor workspace or current-patient workflow.,The Badini value was composed from approved terminology/patterns; no exact product-owner-approved value exists for this locale and full source sentence.,APPROVED_APPLIED,The exact product-owner-approved locale value was applied and verified.
262,Doctor Workspace,Clinic Portal,clinic-portal/src/features/doctor/presentation/messages.ts,queueState,Badini,Queue state,معلومات,رەوشا سرایێ,None,Shown in the doctor workspace or current-patient workflow.,The Badini value was composed from approved terminology/patterns; no exact product-owner-approved value exists for this locale and full source sentence.,APPROVED_APPLIED,The exact product-owner-approved locale value was applied and verified.
263,Doctor Workspace,Clinic Portal,clinic-portal/src/features/doctor/presentation/messages.ts,totalWaiting,Badini,Total waiting patients,معلومات,کوی گشتی یێ نەخوشێن ل چاڤەرێ,None,Shown in the doctor workspace or current-patient workflow.,The Badini value was composed from approved terminology/patterns; no exact product-owner-approved value exists for this locale and full source sentence.,APPROVED_APPLIED,The exact product-owner-approved locale value was applied and verified.
264,Doctor Workspace,Clinic Portal,clinic-portal/src/features/doctor/presentation/messages.ts,arrivalState,Badini,Arrival state,معلومات,رەوشا هاتنێ,None,Shown in the doctor workspace or current-patient workflow.,The Badini value was composed from approved terminology/patterns; no exact product-owner-approved value exists for this locale and full source sentence.,APPROVED_APPLIED,The exact product-owner-approved locale value was applied and verified.
265,Doctor Workspace,Clinic Portal,clinic-portal/src/features/doctor/presentation/messages.ts,openAppointment,Badini,Open Appointment Workspace,فتح الموعد,جهێ کارێ ژڤانێ ڤەکە,None,Shown in the doctor workspace or current-patient workflow.,The Badini value was composed from approved terminology/patterns; no exact product-owner-approved value exists for this locale and full source sentence.,APPROVED_APPLIED,The exact product-owner-approved locale value was applied and verified.
266,Doctor Workspace,Clinic Portal,clinic-portal/src/features/doctor/presentation/messages.ts,queueHistory,Badini,Queue history,معلومات,مێژوویا سرایێ,None,Shown in the doctor workspace or current-patient workflow.,The Badini value was composed from approved terminology/patterns; no exact product-owner-approved value exists for this locale and full source sentence.,APPROVED_APPLIED,The exact product-owner-approved locale value was applied and verified.
267,Doctor Workspace,Clinic Portal,clinic-portal/src/features/doctor/presentation/messages.ts,recentUpdate,Badini,Recent update,معلومات,نویکرنا دویماهیێ,None,Shown in the doctor workspace or current-patient workflow.,The Badini value was composed from approved terminology/patterns; no exact product-owner-approved value exists for this locale and full source sentence.,APPROVED_APPLIED,The exact product-owner-approved locale value was applied and verified.
268,Doctor Workspace,Clinic Portal,clinic-portal/src/features/doctor/presentation/messages.ts,noWaiting,Badini,No patients are currently ready,معلومات,نوکە چ نەخوش ئامادە نینن,None,Shown in the doctor workspace or current-patient workflow.,The Badini value was composed from approved terminology/patterns; no exact product-owner-approved value exists for this locale and full source sentence.,APPROVED_APPLIED,The exact product-owner-approved locale value was applied and verified.
269,Doctor Workspace,Clinic Portal,clinic-portal/src/features/doctor/presentation/messages.ts,noWaitingBody,Badini,There is nothing to call from this workspace. Reception can continue managing arrivals safely.,لا يوجد مريض جاهز للاستدعاء من مساحة العمل هذه. يمكن للاستقبال متابعة إدارة حالات الوصول بأمان.,ل ڤی جهێ کاری چ تشت بو بانگکرنێ نینە. پێشوازی دشێت ب پاراستی بەردەوام بیت د رێڤەبرنا هاتنان دا.,None,Shown in the doctor workspace or current-patient workflow.,The Badini value was composed from approved terminology/patterns; no exact product-owner-approved value exists for this locale and full source sentence.,APPROVED_APPLIED,The exact product-owner-approved locale value was applied and verified.
270,Doctor Workspace,Clinic Portal,clinic-portal/src/features/doctor/presentation/messages.ts,queueHealth,Badini,Queue Health,حالة قائمة الانتظار,رەوشا سرایێ,None,Shown in the doctor workspace or current-patient workflow.,The Badini value was composed from approved terminology/patterns; no exact product-owner-approved value exists for this locale and full source sentence.,APPROVED_APPLIED,The exact product-owner-approved locale value was applied and verified.
271,Doctor Workspace,Clinic Portal,clinic-portal/src/features/doctor/presentation/messages.ts,busyHelp,Badini,Several patients are waiting. Continue the current consultation normally.,هناك عدة مرضى في الانتظار. تابع الاستشارة الحالية بشكل طبيعي.,چەند نەخوش ل چاڤەرێ نە. پشکنینا نوکە ب شێوەیەکێ ئاسایی بەردەوام بکە.,None,Shown in the doctor workspace or current-patient workflow.,The Badini value was composed from approved terminology/patterns; no exact product-owner-approved value exists for this locale and full source sentence.,APPROVED_APPLIED,The exact product-owner-approved locale value was applied and verified.
272,Doctor Workspace,Clinic Portal,clinic-portal/src/features/doctor/presentation/messages.ts,doctorDelay,Badini,Doctor delay,معلومات,پاشکەفتنا نوژداری,None,Shown in the doctor workspace or current-patient workflow.,The Badini value was composed from approved terminology/patterns; no exact product-owner-approved value exists for this locale and full source sentence.,APPROVED_APPLIED,The exact product-owner-approved locale value was applied and verified.
273,Doctor Workspace,Clinic Portal,clinic-portal/src/features/doctor/presentation/messages.ts,recentActivity,Badini,Recent Session Activity,نشاط الجلسة الأخير,چالاکییا نویا دانیشتنێ,None,Shown in the doctor workspace or current-patient workflow.,The Badini value was composed from approved terminology/patterns; no exact product-owner-approved value exists for this locale and full source sentence.,APPROVED_APPLIED,The exact product-owner-approved locale value was applied and verified.
274,Doctor Workspace,Clinic Portal,clinic-portal/src/features/doctor/presentation/messages.ts,sessionStarted,Badini,Session started,معلومات,دانیشتن دەستپێکر,None,Shown in the doctor workspace or current-patient workflow.,The Badini value was composed from approved terminology/patterns; no exact product-owner-approved value exists for this locale and full source sentence.,APPROVED_APPLIED,The exact product-owner-approved locale value was applied and verified.
275,Doctor Workspace,Clinic Portal,clinic-portal/src/features/doctor/presentation/messages.ts,patientRecalled,Badini,Patient recalled,معلومات,نەخوش دیسان هاتە بانگکرن,None,Shown in the doctor workspace or current-patient workflow.,The Badini value was composed from approved terminology/patterns; no exact product-owner-approved value exists for this locale and full source sentence.,APPROVED_APPLIED,The exact product-owner-approved locale value was applied and verified.
276,Doctor Workspace,Clinic Portal,clinic-portal/src/features/doctor/presentation/messages.ts,sessionPaused,Badini,Session paused,معلومات,دانیشتن بو دەمکی هاتە راگرتن,None,Shown in the doctor workspace or current-patient workflow.,The Badini value was composed from approved terminology/patterns; no exact product-owner-approved value exists for this locale and full source sentence.,APPROVED_APPLIED,The exact product-owner-approved locale value was applied and verified.
277,Doctor Workspace,Clinic Portal,clinic-portal/src/features/doctor/presentation/messages.ts,sessionResumed,Badini,Session resumed,معلومات,دانیشتن دیسان بەردەوام بوو,None,Shown in the doctor workspace or current-patient workflow.,The Badini value was composed from approved terminology/patterns; no exact product-owner-approved value exists for this locale and full source sentence.,APPROVED_APPLIED,The exact product-owner-approved locale value was applied and verified.
278,Doctor Workspace,Clinic Portal,clinic-portal/src/features/doctor/presentation/messages.ts,pauseSession,Badini,Pause Session,إيقاف الجلسة مؤقتاً,دانیشتنێ بو دەمکی رابگرە,None,Shown in the doctor workspace or current-patient workflow.,The Badini value was composed from approved terminology/patterns; no exact product-owner-approved value exists for this locale and full source sentence.,APPROVED_APPLIED,The exact product-owner-approved locale value was applied and verified.
279,Doctor Workspace,Clinic Portal,clinic-portal/src/features/doctor/presentation/messages.ts,resumeSession,Badini,Resume Session,استئناف الجلسة,دانیشتنێ دیسان بەردەوام بکە,None,Shown in the doctor workspace or current-patient workflow.,The Badini value was composed from approved terminology/patterns; no exact product-owner-approved value exists for this locale and full source sentence.,APPROVED_APPLIED,The exact product-owner-approved locale value was applied and verified.
280,Doctor Workspace,Clinic Portal,clinic-portal/src/features/doctor/presentation/messages.ts,confirmComplete,Badini,Complete this consultation? The patient will leave the active queue.,معلومات,تو دخوازی ڤێ پشکنینێ تەمام بکەی؟ نەخوش دێ ژ سرایا چالاک دەرکەڤیت.,None,Shown in the doctor workspace or current-patient workflow.,The Badini value was composed from approved terminology/patterns; no exact product-owner-approved value exists for this locale and full source sentence.,APPROVED_APPLIED,The exact product-owner-approved locale value was applied and verified.
281,Doctor Workspace,Clinic Portal,clinic-portal/src/features/doctor/presentation/messages.ts,confirmFinish,Badini,Finish this session? No further doctor actions will be available.,معلومات,تو دخوازی ب ڤێ دانیشتنێ دووماهی بینی؟ پشتی هنگی چ کارێن دی یێن نوژداری بەردەست نابن.,None,Shown in the doctor workspace or current-patient workflow.,The Badini value was composed from approved terminology/patterns; no exact product-owner-approved value exists for this locale and full source sentence.,APPROVED_APPLIED,The exact product-owner-approved locale value was applied and verified.
282,Doctor Workspace,Clinic Portal,clinic-portal/src/features/doctor/presentation/messages.ts,success,Badini,{action}. Current patient: {patient}. Queue health: {health}.,معلومات,{action}. نەخوشێ نوکە: {patient}. رەوشا سرایێ: {health}.,"{action}, {patient}, {health}",Shown in the doctor workspace or current-patient workflow.,The Badini value was composed from approved terminology/patterns; no exact product-owner-approved value exists for this locale and full source sentence.,APPROVED_APPLIED,The exact product-owner-approved locale value was applied and verified.
283,Doctor Workspace,Clinic Portal,clinic-portal/src/features/doctor/presentation/messages.ts,operationFailed,Badini,The action could not be completed. Existing queue state remains safe.,معلومات,کار نەشیا بهێتە تەمامکرن. رەوشا سرایێ یا نوکە پاراستی دمینیت.,None,Shown in the doctor workspace or current-patient workflow.,The Badini value was composed from approved terminology/patterns; no exact product-owner-approved value exists for this locale and full source sentence.,APPROVED_APPLIED,The exact product-owner-approved locale value was applied and verified.
284,Doctor Workspace,Clinic Portal,clinic-portal/src/features/doctor/presentation/messages.ts,placeholderTitle,Badini,Not available in this Sprint,غير متاح في هذا الإصدار حاليًا.,د ڤی وەشانێ دا بەردەست نینە,None,Shown in the doctor workspace or current-patient workflow.,The Badini value was composed from approved terminology/patterns; no exact product-owner-approved value exists for this locale and full source sentence.,APPROVED_APPLIED,The exact product-owner-approved locale value was applied and verified.
285,Doctor Workspace,Clinic Portal,clinic-portal/src/features/doctor/presentation/messages.ts,placeholderBody,Badini,This doctor destination is intentionally unavailable. Return to Workspace to continue the active session.,هذه الوجهة الخاصة بالطبيب غير متاحة حاليًا. عد إلى مساحة العمل لمتابعة الجلسة النشطة.,ئەڤ جهێ نوژداری ب مەبەست بەردەست نینە. ب ڤەگەرە بو جهێ کاری دا دانیشتنا چالاک بەردەوام بکەی.,None,Shown in the doctor workspace or current-patient workflow.,The Badini value was composed from approved terminology/patterns; no exact product-owner-approved value exists for this locale and full source sentence.,APPROVED_APPLIED,The exact product-owner-approved locale value was applied and verified.
286,Billing,Clinic Portal,clinic-portal/src/features/billing/presentation/messages.ts,chooseOrganizationHelp,Arabic,Select an authoritative organization before viewing global billing.,اختر مؤسسة معتمدة قبل عرض الفوترة العامة.,بەری دیتنا حیسابکرنا گشتی، رێکخراوەکا دەستهەلاتدار ب هەلبژێرە.,None,"Shown in billing, plan, commission, or statement workflows.",The Arabic value was composed from approved terminology/patterns; no exact product-owner-approved value exists for this locale and full source sentence.,APPROVED_APPLIED,The exact product-owner-approved locale value was applied and verified.
287,Billing,Clinic Portal,clinic-portal/src/features/billing/presentation/messages.ts,finalizeTitle,Arabic,Finalize this statement?,هل تريد اعتماد كشف الحساب نهائيًا؟,تو دخوازی کەشفا حیسابێ ب دووماهی بینی؟,None,"Shown in billing, plan, commission, or statement workflows.",The Arabic value was composed from approved terminology/patterns; no exact product-owner-approved value exists for this locale and full source sentence.,APPROVED_APPLIED,The exact product-owner-approved locale value was applied and verified.
288,Billing,Clinic Portal,clinic-portal/src/features/billing/presentation/messages.ts,finalizeHelp,Arabic,The figures will become an immutable snapshot. This is not a payment or settlement action.,ستصبح هذه الأرقام نسخة ثابتة غير قابلة للتغيير. هذا الإجراء لا يمثل عملية دفع أو تسوية.,ژمارە دێ ببنە وێنەیەکا نەگهور. ئەڤە کارەکێ پارەدانێ یان رێکخستنا پارەیی نینە.,None,"Shown in billing, plan, commission, or statement workflows.",The Arabic value was composed from approved terminology/patterns; no exact product-owner-approved value exists for this locale and full source sentence.,APPROVED_APPLIED,The exact product-owner-approved locale value was applied and verified.
289,Billing,Clinic Portal,clinic-portal/src/features/billing/presentation/messages.ts,overview,Badini,Overview,نظرة عامة,پوختە,None,"Shown in billing, plan, commission, or statement workflows.",The Badini value was composed from approved terminology/patterns; no exact product-owner-approved value exists for this locale and full source sentence.,APPROVED_APPLIED,The exact product-owner-approved locale value was applied and verified.
290,Billing,Clinic Portal,clinic-portal/src/features/billing/presentation/messages.ts,chooseOrganizationHelp,Badini,Select an authoritative organization before viewing global billing.,اختر مؤسسة معتمدة قبل عرض الفوترة العامة.,بەری دیتنا حیسابکرنا گشتی، رێکخراوەکا دەستهەلاتدار ب هەلبژێرە.,None,"Shown in billing, plan, commission, or statement workflows.",The Badini value was composed from approved terminology/patterns; no exact product-owner-approved value exists for this locale and full source sentence.,APPROVED_APPLIED,The exact product-owner-approved locale value was applied and verified.
291,Billing,Clinic Portal,clinic-portal/src/features/billing/presentation/messages.ts,forbidden,Badini,You do not have access to this billing information.,ليس لديك صلاحية لعرض معلومات الفوترة.,دەستویری تە بو دیتنا ڤان زانیاریێن حیسابکرنێ نینە.,None,"Shown in billing, plan, commission, or statement workflows.",The Badini value was composed from approved terminology/patterns; no exact product-owner-approved value exists for this locale and full source sentence.,APPROVED_APPLIED,The exact product-owner-approved locale value was applied and verified.
292,Billing,Clinic Portal,clinic-portal/src/features/billing/presentation/messages.ts,period,Badini,Period,الفترة,ماوە,None,"Shown in billing, plan, commission, or statement workflows.",The Badini value was composed from approved terminology/patterns; no exact product-owner-approved value exists for this locale and full source sentence.,APPROVED_APPLIED,The exact product-owner-approved locale value was applied and verified.
293,Billing,Clinic Portal,clinic-portal/src/features/billing/presentation/messages.ts,qualifying,Badini,Qualifying appointments,المواعيد المؤهلة,ژڤانێن گونجای,None,"Shown in billing, plan, commission, or statement workflows.",The Badini value was composed from approved terminology/patterns; no exact product-owner-approved value exists for this locale and full source sentence.,APPROVED_APPLIED,The exact product-owner-approved locale value was applied and verified.
294,Billing,Clinic Portal,clinic-portal/src/features/billing/presentation/messages.ts,reversalCount,Badini,Reversal count,عدد العكس,ژمارا ڤەگەراندنان,None,"Shown in billing, plan, commission, or statement workflows.",The Badini value was composed from approved terminology/patterns; no exact product-owner-approved value exists for this locale and full source sentence.,APPROVED_APPLIED,The exact product-owner-approved locale value was applied and verified.
295,Billing,Clinic Portal,clinic-portal/src/features/billing/presentation/messages.ts,reversed,Badini,Reversed,معكوسة,ڤەگەراندی,None,"Shown in billing, plan, commission, or statement workflows.",The Badini value was composed from approved terminology/patterns; no exact product-owner-approved value exists for this locale and full source sentence.,APPROVED_APPLIED,The exact product-owner-approved locale value was applied and verified.
296,Billing,Clinic Portal,clinic-portal/src/features/billing/presentation/messages.ts,view,Badini,View statement,عرض الكشف,کەشفا حیسابێ ببینە,None,"Shown in billing, plan, commission, or statement workflows.",The Badini value was composed from approved terminology/patterns; no exact product-owner-approved value exists for this locale and full source sentence.,APPROVED_APPLIED,The exact product-owner-approved locale value was applied and verified.
297,Billing,Clinic Portal,clinic-portal/src/features/billing/presentation/messages.ts,finalizeHelp,Badini,The figures will become an immutable snapshot. This is not a payment or settlement action.,ستصبح هذه الأرقام نسخة ثابتة غير قابلة للتغيير. هذا الإجراء لا يمثل عملية دفع أو تسوية.,ژمارە دێ ببنە وێنەیەکا نەگهور. ئەڤە کارەکێ پارەدانێ یان رێکخستنا پارەیی نینە.,None,"Shown in billing, plan, commission, or statement workflows.",The Badini value was composed from approved terminology/patterns; no exact product-owner-approved value exists for this locale and full source sentence.,APPROVED_APPLIED,The exact product-owner-approved locale value was applied and verified.
298,Billing,Clinic Portal,clinic-portal/src/features/billing/presentation/messages.ts,planCode,Badini,Plan code,معلومات,کودێ پلانێ,None,"Shown in billing, plan, commission, or statement workflows.",The Badini value was composed from approved terminology/patterns; no exact product-owner-approved value exists for this locale and full source sentence.,APPROVED_APPLIED,The exact product-owner-approved locale value was applied and verified.
299,Billing,Clinic Portal,clinic-portal/src/features/billing/presentation/messages.ts,planName,Badini,Plan name,معلومات,ناڤێ پلانێ,None,"Shown in billing, plan, commission, or statement workflows.",The Badini value was composed from approved terminology/patterns; no exact product-owner-approved value exists for this locale and full source sentence.,APPROVED_APPLIED,The exact product-owner-approved locale value was applied and verified.
300,Billing,Clinic Portal,clinic-portal/src/features/billing/presentation/messages.ts,assigned,Badini,Plan assigned.,معلومات,پلان هاتە دیارکرن.,None,"Shown in billing, plan, commission, or statement workflows.",The Badini value was composed from approved terminology/patterns; no exact product-owner-approved value exists for this locale and full source sentence.,APPROVED_APPLIED,The exact product-owner-approved locale value was applied and verified.
301,Billing,Clinic Portal,clinic-portal/src/features/billing/presentation/messages.ts,readOnly,Badini,Read-only billing,فوترة للقراءة فقط,حیسابکرنا تنێ بو خواندنێ,None,"Shown in billing, plan, commission, or statement workflows.",The Badini value was composed from approved terminology/patterns; no exact product-owner-approved value exists for this locale and full source sentence.,APPROVED_APPLIED,The exact product-owner-approved locale value was applied and verified.
302,Organizations,Clinic Portal,clinic-portal/src/features/administration/presentation/messages.ts,organizationsHelp,Badini,View the organizations currently registered with Saxlem.,عرض المؤسسات المسجلة حالياً في ساكلم.,رێکخراوێن نوکە تومارکری ل ساخلەم ببینە.,None,Shown while listing or managing organizations.,The Badini value was composed from approved terminology/patterns; no exact product-owner-approved value exists for this locale and full source sentence.,APPROVED_APPLIED,The exact product-owner-approved locale value was applied and verified.
303,Organizations,Clinic Portal,clinic-portal/src/features/administration/presentation/messages.ts,viewOrganization,Badini,View organization,عرض المؤسسة,رێکخراوی ببینە,None,Shown while listing or managing organizations.,The Badini value was composed from approved terminology/patterns; no exact product-owner-approved value exists for this locale and full source sentence.,APPROVED_APPLIED,The exact product-owner-approved locale value was applied and verified.
304,Clinics/onboarding,Clinic Portal,clinic-portal/src/features/administration/presentation/messages.ts,clinicsHelp,Badini,View clinics across registered organizations.,عرض العيادات التابعة للمؤسسات المسجلة.,کلینیکێن د رێکخراوێن تومارکری دا ببینە.,None,"Shown while listing, validating, or onboarding clinics.",The Badini value was composed from approved terminology/patterns; no exact product-owner-approved value exists for this locale and full source sentence.,APPROVED_APPLIED,The exact product-owner-approved locale value was applied and verified.
305,Clinics/onboarding,Clinic Portal,clinic-portal/src/features/administration/presentation/messages.ts,viewClinic,Badini,View clinic,عرض العيادة,کلینیکێ ببینە,None,"Shown while listing, validating, or onboarding clinics.",The Badini value was composed from approved terminology/patterns; no exact product-owner-approved value exists for this locale and full source sentence.,APPROVED_APPLIED,The exact product-owner-approved locale value was applied and verified.
306,Administration,Clinic Portal,clinic-portal/src/features/administration/presentation/messages.ts,maximumLength,Badini,The value is too long.,القيمة طويلة جداً.,بها زۆر درێژە.,None,Shown in platform administration workflows.,The Badini value was composed from approved terminology/patterns; no exact product-owner-approved value exists for this locale and full source sentence.,APPROVED_APPLIED,The exact product-owner-approved locale value was applied and verified.
307,Clinics/onboarding,Clinic Portal,clinic-portal/src/features/administration/presentation/messages.ts,invalidCode,Badini,"Use 2–32 letters, numbers, underscores, or hyphens.",استخدم من 2 إلى 32 حرفاً أو رقماً أو _ أو -.,2–32 پیت، ژمارە، _ یان - بکاربینە.,None,"Shown while listing, validating, or onboarding clinics.",The Badini value was composed from approved terminology/patterns; no exact product-owner-approved value exists for this locale and full source sentence.,APPROVED_APPLIED,The exact product-owner-approved locale value was applied and verified.
308,Clinics/onboarding,Clinic Portal,clinic-portal/src/features/administration/presentation/messages.ts,invalidTimezone,Badini,Enter an IANA timezone such as Asia/Baghdad.,أدخل منطقة زمنية مثل Asia/Baghdad.,ناوچەیا دەمێ یا IANA وەک Asia/Baghdad بنڤیسە.,None,"Shown while listing, validating, or onboarding clinics.",The Badini value was composed from approved terminology/patterns; no exact product-owner-approved value exists for this locale and full source sentence.,APPROVED_APPLIED,The exact product-owner-approved locale value was applied and verified.
309,Clinics/onboarding,Clinic Portal,clinic-portal/src/features/administration/presentation/messages.ts,duplicateClinicCode,Badini,That clinic code is already used in this organization.,رمز العيادة مستخدم بالفعل في هذه المؤسسة.,ئەو کودێ کلینیکێ ژبەری د ڤی رێکخراوی دا هاتیە بکارئینان.,None,"Shown while listing, validating, or onboarding clinics.",The Badini value was composed from approved terminology/patterns; no exact product-owner-approved value exists for this locale and full source sentence.,APPROVED_APPLIED,The exact product-owner-approved locale value was applied and verified.
310,Administration,Clinic Portal,clinic-portal/src/features/administration/presentation/messages.ts,unavailable,Badini,Saxlem services are temporarily unavailable.,خدمات ساكلم غير متاحة مؤقتاً.,خزمەتگوزاریێن ساخلەم بو دەمکی بەردەست نینن.,None,Shown in platform administration workflows.,The Badini value was composed from approved terminology/patterns; no exact product-owner-approved value exists for this locale and full source sentence.,APPROVED_APPLIED,The exact product-owner-approved locale value was applied and verified.
311,Administration,Clinic Portal,clinic-portal/src/features/administration/presentation/messages.ts,conflict,Badini,This information conflicts with an existing record.,تتعارض هذه المعلومات مع سجل موجود.,ئەڤ زانیاری ل گەل تومارەکێ هەیی ناکۆکە.,None,Shown in platform administration workflows.,The Badini value was composed from approved terminology/patterns; no exact product-owner-approved value exists for this locale and full source sentence.,APPROVED_APPLIED,The exact product-owner-approved locale value was applied and verified.
312,Administration,Clinic Portal,clinic-portal/src/features/administration/presentation/messages.ts,validation,Badini,Review the highlighted information.,راجع المعلومات المحددة.,زانیاریێن دیارکری بپشکنە.,None,Shown in platform administration workflows.,The Badini value was composed from approved terminology/patterns; no exact product-owner-approved value exists for this locale and full source sentence.,APPROVED_APPLIED,The exact product-owner-approved locale value was applied and verified.
313,Administration,Clinic Portal,clinic-portal/src/features/administration/presentation/messages.ts,errorSummary,Badini,Please correct the following:,يرجى تصحيح ما يلي:,هیڤییە ئەڤێن ل خوارێ راست بکە:,None,Shown in platform administration workflows.,The Badini value was composed from approved terminology/patterns; no exact product-owner-approved value exists for this locale and full source sentence.,APPROVED_APPLIED,The exact product-owner-approved locale value was applied and verified.
314,Clinics/onboarding,Clinic Portal,clinic-portal/src/features/administration/presentation/messages.ts,backToClinics,Badini,Back to clinics,العودة إلى العيادات,ب ڤەگەرە بو کلینیکان,None,"Shown while listing, validating, or onboarding clinics.",The Badini value was composed from approved terminology/patterns; no exact product-owner-approved value exists for this locale and full source sentence.,APPROVED_APPLIED,The exact product-owner-approved locale value was applied and verified.
315,Live Queue,Clinic Portal,clinic-portal/src/features/live-queue/presentation/production-messages.ts,notStarted,Badini,Not started,معلومات,دەستپێ نەکری,None,"Shown in live-queue status, controls, guidance, or feedback.",The Badini value was composed from approved terminology/patterns; no exact product-owner-approved value exists for this locale and full source sentence.,APPROVED_APPLIED,The exact product-owner-approved locale value was applied and verified.
316,Live Queue,Clinic Portal,clinic-portal/src/features/live-queue/presentation/production-messages.ts,entryStatus,Badini,Entry status,حالة المريض,رەوشا چوونا ژور,None,"Shown in live-queue status, controls, guidance, or feedback.",The Badini value was composed from approved terminology/patterns; no exact product-owner-approved value exists for this locale and full source sentence.,APPROVED_APPLIED,The exact product-owner-approved locale value was applied and verified.
317,Shared/navigation,Flutter,mobile/lib/l10n/app_ku.arb,tabWithCount,Badini,{label} ({count}),معلومات,{label} ({count}),"{label}, {count}","Shown in shared portal/mobile navigation, dashboard, or common UI.",The Badini value was composed from approved terminology/patterns; no exact product-owner-approved value exists for this locale and full source sentence.,APPROVED_APPLIED,The exact product-owner-approved locale value was applied and verified.
318,Authentication,Flutter,mobile/lib/l10n/app_ku.arb,phoneHint,Badini,750 123 4567,معلومات,750 123 4567,None,Shown during phone-number entry or authentication.,The Badini value was composed from approved terminology/patterns; no exact product-owner-approved value exists for this locale and full source sentence.,APPROVED_APPLIED,The exact product-owner-approved locale value was applied and verified.
319,Profile/family,Flutter,mobile/lib/l10n/app_ku.arb,patientRelationship,Badini,"{relationship, select, mother {Mother} father {Father} wife {Wife} husband {Husband} son {Son} daughter {Daughter} brother {Brother} sister {Sister} grandfather {Grandfather} grandmother {Grandmother} me {Me} other {Other}}","{relationship, select, mother {الأم} father {الأب} wife {الزوجة} husband {الزوج} son {الابن} daughter {الابنة} brother {الأخ} sister {الأخت} grandfather {الجد} grandmother {الجدة} me {أنا} other {أخرى}}","{relationship, select, mother {دایک} father {باب} wife {ژین} husband {مێر} son {کور} daughter {کچ} brother {برا} sister {خوشک} grandfather {باپیر} grandmother {داپیر} me {ئەز} other {یێ دی}}","{relationship}, {Mother}, {Father}, {Wife}, {Husband}, {Son}, {Daughter}, {Brother}, {Sister}, {Grandfather}, {Grandmother}, {Me}, {Other}",Shown in patient/profile/family context.,The Badini value was composed from approved terminology/patterns; no exact product-owner-approved value exists for this locale and full source sentence.,APPROVED_APPLIED,The exact product-owner-approved locale value was applied and verified.
320,Profile/family,Flutter,mobile/lib/l10n/app_ku.arb,patientGender,Badini,"{gender, select, female {Female} male {Male} other {Not specified}}","{gender, select, female {أنثى} male {ذكر} other {غير محدد}}","{gender, select, female {مێ} male {نێر} other {دیار نەکری}}","{gender}, {Female}, {Male}, {Not}",Shown in patient/profile/family context.,The Badini value was composed from approved terminology/patterns; no exact product-owner-approved value exists for this locale and full source sentence.,APPROVED_APPLIED,The exact product-owner-approved locale value was applied and verified.
